,Unnamed: 0,Date,Open,High,Low,Close,Volume,Name,Acc/Dist_ROC_1,ADX_14_50,ATR_14,BollingerB_5,Bollinger%b_5,BollingerB_20,Bollinger%b_20,Copp_10,Chaikin,EMA_5,EMA_20,Force_2,KST_10_10_10_15_10_15_20_30,MA_5,MA_20,MACD_12_26,MACDsign_12_26,MACDdiff_12_26,MFI_14,Momentum_1,Mass Index,OBV_5,OBV_20,PP,R1,R2,R3,S1,S2,S3,ROC_5,ROC_20,RSI_6,RSI_12,STD_5,STD_20,SO%d_5,SO%d_20,SO%k,Trix_5,Trix_20,TSI_25_13,Target
0,0,2012-08-13,37.77,37.97,37.42,37.87,3708023,M,0.0,,,,,,,,,,,,,,,,,,,,,,,37.75333333333333,38.08666666666666,38.30333333333333,38.636666666666656,37.536666666666655,37.20333333333333,36.986666666666665,,,,,,,,,0.8181818181818147,0.0,0.0,,0.5
1,1,2012-08-14,38.16,38.84,38.15,38.24,7192273,M,-0.0,,,,,,,,,,,,,,,,,,,0.37000000000000455,,,,38.41,38.67000000000001,39.1,39.360000000000014,37.98,37.72,37.29,,,,,,,,,0.13043478260869967,,,,0.4986376021798365
2,2,2012-08-15,38.18,38.66,38.16,38.54,3304397,M,0.0,,,,,,,,,,,-270429.4200000007,,,,,,,,0.2999999999999972,,,,38.45333333333333,38.746666666666655,38.95333333333332,39.246666666666655,38.246666666666655,37.95333333333333,37.746666666666655,,,,,,,,,0.7600000000000051,,,,0.49727520435967304
3,3,2012-08-16,38.44,38.98,38.37,38.74,4351048,M,0.0,,,,,,,,,38.48523076923075,,-1420612.5,,,,,,,,0.20000000000000284,,,,38.696666666666665,39.02333333333333,39.306666666666665,39.63333333333333,38.41333333333333,38.086666666666666,37.803333333333335,,,,,,,0.5871957094936475,,0.6065573770491883,,,,0.49591280653950953
4,4,2012-08-17,38.56,39.02,38.55,38.95,3604522,M,0.0,,,0.04414912628975793,0.7838084472025105,,,,,38.663649289099524,,123051.25000000109,,38.468,,,,,,0.21000000000000085,,3690448.0,,38.84,39.13,39.31,39.6,38.65999999999999,38.36999999999999,38.189999999999976,0.02851861631898615,,1.0,,0.4245821475286021,,0.6884910542509016,,0.8510638297872354,,,,0.494550408719346
5,5,2012-08-20,38.8,38.89,38.57,38.84,2560001,M,0.0,,,0.028972708293239082,0.6589083038047662,,,,,38.72809022556391,,-179104.70000000254,,38.662000000000006,,,,,,-0.10999999999999943,,3178447.8,,38.76666666666667,38.96333333333335,39.086666666666666,39.28333333333335,38.64333333333335,38.44666666666667,38.32333333333335,0.015690376569037694,,1.0,,0.28003571200830235,,0.7452247742765153,,0.8437500000000091,,,,0.49318801089918257
6,6,2012-08-21,38.95,39.58,38.85,39.28,5381637,M,0.0,,,0.028238585508642708,0.8735307650029989,,,,,38.923496843127744,,586447.9499999969,,38.87000000000001,,,,,,0.4399999999999977,,2816320.6,,39.23666666666667,39.62333333333334,39.966666666666654,40.353333333333346,38.89333333333335,38.50666666666668,38.16333333333335,0.01920083030617545,,1.0,,0.2744084546802356,,0.6899271047556468,,0.5890410958904131,,,,0.49182561307901906
7,7,2012-08-22,39.14,39.5,39.01,39.33,4545662,M,0.0,,,0.02707185757233461,0.7858331465123045,,,,,39.064499603489296,,972973.88999999,,39.02800000000001,,,,,,0.049999999999997165,,3064573.6,,39.28,39.54999999999999,39.77,40.03999999999999,39.05999999999999,38.78999999999999,38.56999999999999,0.015229736706246675,,1.0,,0.2641401143332689,,0.6771395266206078,,0.6530612244897939,,,,0.4904632152588556
8,8,2012-08-23,39.13,39.34,38.7,38.92,3660826,M,-0.0,,,0.022971890911827098,0.3395317798685134,,,,-503486.5333779464,39.01504668509728,,619491.959999999,,39.064,,,,,,-0.4099999999999966,,1462198.8,,38.98666666666667,39.27333333333335,39.62666666666668,39.91333333333334,38.63333333333335,38.34666666666667,37.99333333333335,-0.0007702182284981036,,0.6193910595791403,,0.22434348664490344,,0.5630417391208521,,0.34374999999999795,,,,0.4891008174386921
9,9,2012-08-24,38.74,39.88,38.66,39.75,4811656,M,0.0,,,0.03715289483770813,0.8609451458704486,,,,673828.7333291143,39.264354502369656,,111717.48000000043,,39.224,,,,,,0.8299999999999983,,1703625.6,,39.43,40.2,40.65000000000001,41.42000000000001,38.98,38.21,37.75999999999999,0.023429454170957684,,0.8026086581536607,,0.364321286778566,,0.6751189574995718,,0.8934426229508181,,,,0.4877384196185286
10,10,2012-08-27,39.75,39.93,39.26,39.63,3029641,M,0.0,,,0.033048266188538136,0.6905483677630679,,,,54729.75897472352,39.38766189412845,,-448141.35000000056,,39.382,,,,,,-0.11999999999999746,,1609697.6,,39.606666666666655,39.95333333333333,40.27666666666666,40.62333333333333,39.28333333333333,38.93666666666665,38.61333333333332,0.00891038696537682,,0.8142026250230362,0.8403324758660635,0.3253767047592522,,0.6336798283916926,,0.5522388059701546,0.0021270130316800155,,,0.48637602179836514
11,11,2012-08-28,39.65,40.52,39.53,40.42,5496046,M,0.0,,,0.05601232610711683,0.8650871672463487,,,,1021719.3164903837,39.73444739212471,,458541.30000000115,,39.61,,,,,,0.7899999999999991,,1632579.4,,40.15666666666667,40.78333333333335,41.14666666666668,41.77333333333335,39.793333333333344,39.16666666666667,38.80333333333334,0.02771421306890423,,0.9057018238792021,0.8936685173441204,0.5546620592757244,,0.7228034250433348,,0.8989898989898978,0.0030653939441472678,,,0.48501362397820164
12,12,2012-08-29,40.3,40.65,40.22,40.47,4849358,M,0.0,,,0.06413226497959,0.7473676895461722,,,,223147.33641499234,39.98089791448499,,1528562.279999993,,39.838,,,,,,0.049999999999997165,,1693318.6,,40.446666666666665,40.67333333333333,40.876666666666665,41.10333333333333,40.24333333333333,40.016666666666666,39.81333333333333,0.03982528263103796,,0.9181378155733204,0.9021776318687396,0.6387252930642267,,0.6754239529650138,,0.5813953488372097,0.003781581304120882,,,0.48365122615803813
13,13,2012-08-30,40.75,40.8,40.08,40.3,5463534,M,-0.0,,0.6823256767142883,0.03931257077568539,0.6179466280326624,,,,-1015080.6691021095,40.087630888780964,,3901.440000000148,,40.114000000000004,,,,,0.7142857142857143,-0.1700000000000017,,1332777.0,,40.39333333333333,40.706666666666656,41.11333333333333,41.426666666666655,39.986666666666665,39.67333333333333,39.266666666666666,0.013836477987421313,,0.9325146310702294,0.9118021515316088,0.3942461160239609,,0.5517107090046016,,0.3055555555555545,0.003921601097314671,,,0.4822888283378747
14,14,2012-08-31,40.64,40.73,39.91,40.31,3456158,M,-0.0,,0.7031119876395502,0.03390098063342312,0.5615970872110649,,,,-792738.2753464356,40.161923584983356,,222911.99999999529,,40.226,,,,,0.7142857142857143,0.010000000000005116,,1061677.4,,40.316666666666656,40.72333333333333,41.136666666666656,41.54333333333333,39.90333333333333,39.496666666666655,39.08333333333333,0.017158718142821088,,0.7292940318525954,0.8056355655993572,0.34092521174001955,,0.5303600076471405,,0.4878048780487873,0.0037313166191948635,,,0.48092643051771117
15,15,2012-09-04,40.23,40.65,39.89,40.22,4112611,M,-0.0,,0.7115520851759208,0.00992959425622783,0.1904639563583997,,,,-770229.672055947,40.18131190752418,,108073.8399999977,,40.344,,,,,0.6428571428571429,-0.09000000000000341,,845083.4,,40.25333333333333,40.61666666666665,41.013333333333335,41.37666666666666,39.856666666666655,39.49333333333333,39.09666666666666,-0.004948045522018872,,0.7040238394637174,0.7928009419613701,0.1001498876683139,,0.4982613122360716,,0.4342105263157884,0.0032733638119955928,,,0.47956403269754766
16,16,2012-09-05,40.37,40.39,39.69,39.87,3605841,M,-0.0,,0.7098635574683079,0.0221482245185882,0.0915214510346783,,,,-1067128.3366992215,40.077435841711335,,-65860.52000000072,,40.234,,,,,0.5714285714285714,-0.3500000000000014,,-975294.0,,39.98333333333333,40.27666666666666,40.683333333333344,40.97666666666665,39.576666666666654,39.28333333333333,38.87666666666665,-0.014825796886582691,,0.4740572596664944,0.6671858059077339,0.2227779163202194,,0.4178068358585217,,0.2571428571428557,0.002407351079081887,,,0.4782016348773842
17,17,2012-09-06,40.07,40.5,40.07,40.35,5699249,M,0.0,,0.6983380899302868,0.01948088140020978,0.6787250224159066,,,,-1416.3161239013425,40.1683520786566,,206262.94000000408,,40.21,,,,,0.5714285714285714,0.4800000000000039,,-805315.8,,40.306666666666665,40.54333333333333,40.73666666666667,40.97333333333333,40.11333333333333,39.876666666666665,39.68333333333333,0.0012406947890819915,,0.5797559603124327,0.6982615688730881,0.19583156027560886,,0.4956448223933314,,0.6511627906976775,0.002016110022777032,,,0.4768392370572207
18,18,2012-09-07,40.43,40.7,40.16,40.46,5257035,M,0.0,,0.6757358101561582,0.02237463125963936,0.7421146396177071,,,,75588.50685855665,40.2656119256729,39.86147582538096,974204.4600000057,,40.242,,,,,0.5714285714285714,0.10999999999999943,,1338798.0,,40.44,40.72,40.98,41.26000000000001,40.17999999999999,39.89999999999999,39.63999999999999,0.003721161002232661,,0.7219799044223725,0.7486844153334817,0.22509997778760185,,0.5156240792834631,0.5566814580396813,0.555555555555557,0.0018905228212065433,,,0.4754768392370572
19,19,2012-09-10,40.27,40.48,39.99,39.99,4147660,M,-0.0,,0.6494698470879083,0.024441185806606848,0.3085535744280059,0.08237036581686345,0.6431376989541568,,-1389677.7674400895,40.17371364733585,39.875628366805365,558572.0399999991,,40.17800000000001,39.524,,,,0.5714285714285714,-0.4699999999999989,,-181965.6,1568446.35,40.153333333333336,40.31666666666667,40.64333333333333,40.806666666666665,39.82666666666668,39.66333333333334,39.33666666666668,-0.005718547986076501,0.0559809875891208,0.5146948670605475,0.6410697184553947,0.2454994908344625,0.8139015846364278,0.3436976829942314,0.4953820377674753,0.0,0.0013661131727382848,,,0.47411444141689374
20,20,2012-09-11,39.93,40.12,39.24,39.27,5184013,M,-0.0,,0.6818090563778542,0.04700559026809923,0.11801593143335888,0.07261811595710113,0.3873138206459268,,-2075696.4726747791,39.87241535887024,39.80991675634162,86896.17999999982,,39.988000000000014,39.594,,,,0.5,-0.7199999999999989,,-396246.0,1309245.7,39.54333333333333,39.84666666666666,40.42333333333333,40.72666666666665,38.966666666666654,38.66333333333333,38.086666666666666,-0.015048908954100684,0.026935146443514676,0.18558904664351775,0.3664432004488859,0.4699148859101882,0.7188104208013655,0.2404747302929721,0.4453312399194957,0.03409090909091056,0.00014371411853113033,,,0.47275204359673023
21,21,2012-09-12,39.28,39.73,38.82,39.22,6621454,M,-0.0,,0.7135992206562506,0.05883222858937369,0.2279242243613771,0.06578162775960156,0.3377931318759888,,-892313.4321963873,39.654914502028525,39.74674771884822,-1904821.380000008,,39.85800000000001,39.643,,,,0.42857142857142855,-0.05000000000000426,,-999368.6,618559.35,39.25666666666667,39.693333333333335,40.16666666666666,40.60333333333333,38.783333333333346,38.34666666666667,37.87333333333334,-0.028004956629492008,0.01764400622729631,0.12361850655243377,0.285499761559506,0.5862337417788143,0.6519452673184711,0.30684550431276003,0.44471329526827263,0.4395604395604397,-0.0010171311262592503,,,0.4713896457765668
22,22,2012-09-13,39.18,39.78,38.71,39.28,6425442,M,0.0,,0.7629556158743007,0.05612595355243878,0.3364087075109056,0.0610270249791702,0.3348167035058481,0.01548531739688281,58948.83984811151,39.529931864800936,39.69735277189722,12414.289999997529,,39.64400000000001,39.68,,,,0.42857142857142855,0.060000000000002274,,-854130.0,774611.6,39.25666666666667,39.803333333333335,40.326666666666654,40.873333333333335,38.73333333333333,38.18666666666667,37.66333333333333,-0.029164607019278293,0.013939081053174991,0.11013425656750077,0.2672291582021332,0.5562643256582209,0.6053880877933684,0.3821404721419371,0.454025834431533,0.5327102803738321,-0.0017674498534125515,,,0.47002724795640327
23,23,2012-09-14,39.29,39.91,39.03,39.24,5043030,M,-0.0,,0.7790814982976092,0.03357168683002359,0.3790375435662559,0.05783042368579455,0.2974877129132157,0.004938142542159406,-525722.2762259521,39.433282168566826,39.649459257388855,-31568.480000004936,,39.40000000000001,39.705,,,,0.42857142857142855,-0.03999999999999915,,-2914143.0,304907.7,39.393333333333345,39.75666666666668,40.27333333333335,40.63666666666667,38.87666666666668,38.51333333333334,37.99666666666669,-0.018754688672168042,0.007445442875481364,0.2461812480586911,0.3273515970499481,0.3306811152757325,0.5740392431111181,0.3343029276039007,0.43147046934281996,0.23863636363636584,-0.002175763522829843,,,0.46866485013623976
24,24,2012-09-17,39.19,39.25,38.37,38.55,3977304,M,-0.0,,0.7929241292589607,0.03222248112853378,0.0540693605650631,0.06125329417992826,0.033082633859207754,-0.014015509159196865,-626054.9910289804,39.13884311863159,39.53540633078277,1787140.7400000098,,39.11200000000001,39.685,-0.06891972480134713,,,0.35714285714285715,-0.6900000000000048,,-2880071.8,-74183.6,38.723333333333336,39.07666666666668,39.60333333333333,39.95666666666668,38.19666666666667,37.84333333333333,37.31666666666667,-0.01833460656990084,-0.007466529351184506,0.11797869684222698,0.2193621438973074,0.3150714204748034,0.6077092448826132,0.29104872362589396,0.4079302954947792,0.2045454545454536,-0.00293983045721465,,,0.4673024523160763
25,25,2012-09-18,38.5,38.55,37.92,38.5,5412451,M,0.0,,0.7706617414676834,0.0406856093272502,0.2110464728130632,0.06419858722189979,0.04135457339357003,-0.02921211079066265,1579791.4226750256,38.925889790151075,39.42890296423073,-273371.54000000074,,38.95800000000001,39.66799999999999,-0.13112353275506194,,,0.2857142857142857,-0.049999999999997165,,-2925759.4,-216806.1,38.32333333333333,38.72666666666665,38.95333333333333,39.356666666666655,38.09666666666666,37.693333333333335,37.46666666666667,-0.018357980622131537,-0.019857433808554002,0.07880514895121464,0.1732966031704487,0.3962574920427534,0.6366573894795801,0.5009163300981199,0.4606678218173597,0.9206349206349246,-0.0035547241676825827,,,0.4659400544959128
26,26,2012-09-19,38.56,39.28,38.38,39.04,6998834,M,0.0,,0.7882765728759632,0.038441890848796144,0.5788646023275589,0.06521490738326541,0.26180923216003466,-0.03363705056973642,1929048.5767905412,38.963927196261714,39.389202502234895,1480549.700000006,,38.92200000000001,39.65599999999999,-0.13978054577368934,,,0.2857142857142857,0.5399999999999991,,-201701.8,-135946.25,38.9,39.42,39.8,40.31999999999999,38.52,38.0,37.62,-0.006109979633401272,-0.007373506229341449,0.4748326845776985,0.4105928638270219,0.374058818904211,0.6465405917976932,0.5783900281202164,0.4885023918081825,0.7333333333333307,-0.003334344973513648,,,0.4645776566757493
27,27,2012-09-20,38.72,38.98,38.54,38.65,4610143,M,-0.0,,0.7491275329669337,0.033651854630495866,0.3881703666644886,0.06880217788736669,0.14344405211228525,-0.043137142962681965,127106.1221784244,38.85928356962327,39.31425536140584,-120346.19999999885,,38.79600000000001,39.62199999999999,-0.1727882954244393,,,0.2857142857142857,-0.39000000000000057,,-2408818.8,-593736.5,38.72333333333333,38.90666666666665,39.16333333333332,39.34666666666666,38.466666666666654,38.28333333333333,38.02666666666666,-0.015035677879714663,-0.006937307297019607,0.4748326845776984,0.4105928638270219,0.3263893380611795,0.6815199730633106,0.4689254009594981,0.4643208281732247,0.25,-0.003164543461655235,,,0.46321525885558584
28,28,2012-09-21,38.76,39.1,38.33,38.39,5708327,M,-0.0,,0.7519551069930098,0.025854063945017942,0.2636783837539604,0.07268491741634757,0.0811320976032558,-0.053277766833509405,-1419748.4930351062,38.702854489393395,39.22111875344307,838829.5499999981,,38.62600000000001,39.5955,-0.21527511518067396,,,0.2857142857142857,-0.259999999999998,,-2541878.2,-696111.55,38.60666666666667,38.88333333333335,39.37666666666668,39.65333333333334,38.113333333333344,37.836666666666666,37.34333333333333,-0.004150453955901338,-0.034213836477987404,0.3821909313693547,0.3681360596282752,0.2496597684850659,0.7194989118897475,0.3385899403793025,0.42538367895863455,0.07792207792208056,-0.003183118858645698,,,0.46185286103542234
29,29,2012-09-24,38.19,38.24,37.65,37.81,5612749,M,-0.0,,0.7503390111593252,0.046486829172247335,0.12654863785497705,0.08315887303250881,-0.014057697553469287,-0.06322483915026066,-1208090.944609032,38.40523477414716,39.07970344354224,-842189.0399999962,,38.47800000000001,39.49849999999999,-0.28806982055905905,,,0.2857142857142857,-0.5799999999999983,,-2868967.2,-1217331.8,37.9,38.15,38.49,38.74,37.56,37.31,36.96999999999999,-0.017922077922077864,-0.045924804441079985,0.20281067859767474,0.2637627162121452,0.4471800532224333,0.8211626866186371,0.3161219899730283,0.4099307979136429,0.2711864406779708,-0.003685791371450711,,,0.4604904632152589
30,30,2012-09-25,38.0,38.53,37.75,37.75,5738765,M,-0.0,,0.7543412025120301,0.05756224378737568,0.2380164841701655,0.09220244983537304,0.04461524260133034,-0.0706839749451014,-2019118.1622616798,38.186822423404,38.9471070949984,-19480.320000000018,,38.32800000000001,39.40449999999999,-0.3459752671951577,,,0.35714285714285715,-0.060000000000002274,,-2934230.0,-1352788.0,38.01,38.27,38.78999999999999,39.05,37.49,37.23,36.71,-0.033043032786885224,-0.06605640771895105,0.3773067119963701,0.3558144489454665,0.5515614199706338,0.908297858634489,0.21074762695713956,0.3690530163127981,0.0,-0.0041293554534330154,,,0.4591280653950954
31,31,2012-09-26,37.8,38.05,37.25,37.75,5106202,M,0.0,,0.7604921684731387,0.044304005552528836,0.31027519781951085,0.09641663822428337,0.09829682074563124,-0.07696388898309113,62994.589587863535,38.041214611443294,38.82826557325518,30392.820000001157,,38.07000000000001,39.271,-0.3872170765386329,-0.27011520564157937,-0.11710187089705355,0.2857142857142857,0.0,,-4333996.8,-1627590.3,37.68333333333333,38.11666666666665,38.48333333333332,38.91666666666666,37.316666666666656,36.88333333333333,36.516666666666666,-0.023285899094437217,-0.06721027921917468,0.2468714535951978,0.2835709763885487,0.4216633728461933,0.9465944499264576,0.3488320713596505,0.39446187835535024,0.6250000000000022,-0.004293521363397004,,,0.45776566757493187
32,32,2012-09-27,37.9,38.1,37.45,37.51,5701396,M,-0.0,,0.7456276677916298,0.034595625879105314,0.24640375983735724,0.10020400807017522,0.0885499452106413,-0.08253969166548873,-975040.7693088312,37.86414280068181,38.697922217436684,8968.560000000074,,37.84200000000001,39.12299999999999,-0.4327513720062797,-0.30768496691400704,-0.12506640509227265,0.2857142857142857,-0.24000000000000196,,-4552247.4,-2155128.0,37.68666666666667,37.92333333333333,38.33666666666666,38.57333333333333,37.27333333333333,37.03666666666667,36.623333333333335,-0.022922636103151928,-0.06923076923076922,0.28163878702573136,0.3003590521288769,0.3272919186292758,0.980070351932366,0.263323812880493,0.3645864182181299,0.09230769230768507,-0.004406515259411497,,,0.4564032697547684
33,33,2012-09-28,37.29,37.74,36.94,37.62,5466667,M,0.0,,0.7529336302655864,0.012876884642853465,0.3598816494035328,0.10195601040663367,0.15561159681482298,-0.0826802275585394,1384147.8672896023,37.782761783287185,38.591728985445386,-46860.45000000092,,37.68800000000001,38.98899999999999,-0.4551683300283997,-0.34072980164911043,-0.1144385283792893,0.2857142857142857,0.10999999999999943,,-2317248.6,-1608617.95,37.433333333333344,37.92666666666668,38.23333333333335,38.72666666666668,37.12666666666667,36.63333333333333,36.32666666666667,-0.005025125628140831,-0.06673282064003981,0.16974166159304693,0.2342028265322645,0.12132600710496536,0.99379072243606,0.4588827433738402,0.4124077139183631,0.8499999999999951,-0.0042108993420705496,,,0.4550408719346049
34,34,2012-10-01,37.71,38.97,37.71,38.58,6462615,M,0.0,,0.8330779009879848,0.04487946171223946,0.9345448838909368,0.09736593096700784,0.4148577374442639,-0.07032342594541945,1789234.2602972498,38.04850803802908,38.590577261609305,814504.3300000002,,37.84200000000001,38.9025,-0.39560284966221104,-0.3527357110132883,-0.042867138648922776,0.35714285714285715,0.9600000000000009,,97824.2,-1458295.1,38.42,39.13,39.68,40.39,37.87000000000001,37.16,36.61000000000001,0.021986754966887373,-0.04077573346593736,0.6454154610462979,0.5295484336652897,0.4245821475286416,0.9469445323610056,0.5360806120911464,0.43971255575714496,0.6904761904761896,-0.002893864935764783,,,0.4536784741144414
35,35,2012-10-02,38.87,39.23,38.29,38.68,6720269,M,-0.0,,0.8474172048123729,0.05860927199798858,0.7925349659169142,0.09224687349695423,0.4593749152164521,-0.059355997706630775,645369.605600081,38.2590054550604,38.599332213095714,1328818.120000003,,38.02800000000001,38.82549999999999,-0.3369345072236101,-0.3493422751161652,0.0124077678925551,0.42857142857142855,0.10000000000000142,,2589631.0,-916651.1,38.73333333333333,39.176666666666655,39.67333333333333,40.11666666666665,38.23666666666666,37.79333333333333,37.29666666666665,0.02463576158940397,-0.02984700275896658,0.6968191233031958,0.5708915081110536,0.5571983488848774,0.8953827467389991,0.4956849285730573,0.437282652485485,0.4148936170212782,-0.0013739466182033698,,-0.20557153844612366,0.45231607629427795
36,36,2012-10-03,38.72,39.5,38.7,39.49,5524635,M,0.0,,0.8437431411889222,0.08557996668786548,0.8391980698267802,0.09028086998761267,0.6950914822553366,-0.045195193852271526,2195917.0529432367,38.669337095284696,38.68630126891564,-853561.8000000034,,38.37600000000001,38.80649999999999,-0.22597776205188325,-0.3232340580934607,0.09725629604157744,0.5,0.8100000000000023,,3694558.0,-460127.3,39.23,39.75999999999999,40.02999999999999,40.55999999999999,38.96,38.43,38.16,0.0527859237536658,-0.02131350681536553,0.7495950259290253,0.6126662933496778,0.8210542004033817,0.8758711452935726,0.6596233357538542,0.4910085016883645,0.9875000000000024,0.000649634686890234,,-0.12999526332503766,0.45095367847411444
37,37,2012-10-04,39.55,40.53,39.4,39.67,5962472,M,-0.0,,0.8820774344184176,0.08449162677243847,0.7628889502729189,0.08505953105675364,0.7721370474080188,-0.026775133773986184,-73190.62660171991,39.00289146472974,38.782123696450455,-750219.0300000015,,38.808000000000014,38.7725,-0.12290560922308913,-0.2813251971215687,0.15841958789847954,0.5,0.17999999999999972,,6027331.6,-446966.15,39.86666666666667,40.333333333333336,40.99666666666668,41.463333333333345,39.20333333333333,38.736666666666665,38.07333333333333,0.05449229133439672,-0.019525457241720195,0.8702352443514353,0.7308137008078845,0.8197377629461984,0.8244926669744951,0.519394879667314,0.4664542336685655,0.23893805309734736,0.002445372427220862,,-0.06683343211661169,0.44959128065395093
38,38,2012-10-05,39.92,39.99,39.48,39.61,3398061,M,-0.0,,0.8322794187315089,0.05417240310059762,0.6902176132658192,0.07762621258071131,0.7927027332719125,-0.01080027418336001,-534311.1926318271,39.205261003939256,38.86259261023931,-255188.87999999453,,39.206000000000024,38.72999999999999,-0.04539590620527889,-0.23241859070038576,0.18702268449510687,0.5,-0.060000000000002274,25.667827580480647,4254386.0,-879720.95,39.693333333333335,39.90666666666667,40.20333333333335,40.41666666666668,39.39666666666667,39.18333333333333,38.886666666666656,0.026697770865733567,-0.009502375593898537,0.8702352443514353,0.7308137008078844,0.5309708089905077,0.751615803312737,0.4312305614129106,0.4458915221432185,0.2549019607843162,0.003550970621619924,,-0.02201469555772197,0.4482288828337875
39,39,2012-10-08,39.37,39.7,39.13,39.31,2524477,M,-0.0,,0.7971942234953611,0.04066121154897736,0.4737516404712002,0.07293670790791447,0.7175485233470709,-0.00031954987693720766,-440333.05490835843,39.240174005783615,38.90599513340311,1237678.1999999979,,39.352000000000025,38.69599999999999,-0.007124505513544931,-0.18605474749435416,0.17893024198080926,0.5,-0.2999999999999972,25.585650385056265,2456967.6,-798561.8,39.38,39.63,39.95000000000001,40.2,39.06,38.81,38.49,0.016287487073423024,0.0010185892538833498,0.6588323348596543,0.6383948743187366,0.40002499921883933,0.7055897123011643,0.39275019535660016,0.4332704584300783,0.31578947368420984,0.003738313117415353,,0.00018812553839141002,0.44686648501362397
40,40,2012-10-09,39.38,40.0,39.28,39.63,5177165,M,-0.0,,0.7868724396648554,0.014770491931380202,0.65067079529659,0.07494131635195594,0.8157229199403594,0.013453457148574923,-111716.165886876,39.370116011690186,38.976105932276525,35582.08000000556,,39.542000000000016,38.71399999999999,0.04743992967528498,-0.1382800208549721,0.18571995053025708,0.5,0.3200000000000003,25.50183094070809,2148346.8,-280502.9,39.636666666666656,39.99333333333333,40.356666666666655,40.71333333333333,39.27333333333333,38.91666666666666,38.55333333333333,0.003545201316789074,0.01045385007649168,0.7358384400965414,0.6794572108599668,0.14601369798765906,0.7253195303124055,0.4238705024844047,0.4383874134995561,0.4861111111111138,0.0037727992696195397,,0.030017167117414856,0.44550408719346046
41,41,2012-10-10,39.59,39.71,38.99,39.0,3499370,M,-0.0,,0.7779341842729729,0.029053450286134788,0.1125601348302421,0.07429723184979115,0.6032854595459075,0.0199361020602945,-1003748.5909598485,39.246744002834575,38.97841607853311,-302216.83000000217,,39.444000000000024,38.70299999999999,0.041186656927294514,-0.10172822671260157,0.14291488363989607,0.5,-0.6300000000000026,25.433487058788252,343545.8,-124398.7,39.23333333333333,39.47666666666667,39.95333333333333,40.196666666666665,38.75666666666667,38.513333333333335,38.03666666666667,-0.016889337030501682,-0.007128309572301455,0.5636598416326123,0.6014338970101006,0.2864960732715753,0.7188814410706165,0.2872099591262235,0.3973456918091615,0.013888888888886149,0.003008943354195073,,0.027383022303728362,0.444141689373297
42,42,2012-10-11,39.53,39.94,39.03,39.23,3669748,M,-0.0,,0.7995890059909119,0.027097095939809888,0.3818491516744679,0.07409240927288119,0.6846612076319433,0.03150503258172336,-849333.2673074448,39.24116266840683,39.00270483483891,602966.8000000085,,39.356000000000016,38.70049999999999,0.053547047007086235,-0.07021907726884427,0.1237661242759305,0.5714285714285714,0.2299999999999969,25.477385381656198,-114999.0,-262183.4,39.4,39.77,40.31,40.67999999999999,38.86,38.49,37.95,-0.009593536985609758,-0.0002548419979613944,0.6536458464825031,0.6401638988574021,0.2666083269517896,0.7168533212662844,0.2647333787419303,0.3802029250803127,0.21978021978021592,0.002318459620099827,,0.033943149538503636,0.4427792915531335
43,43,2012-10-12,39.14,39.51,39.08,39.41,3589935,M,0.0,,0.7502194908044286,0.023572026383280424,0.6014288750381004,0.07487184717436231,0.7418730706677508,0.0424448776241015,556316.5803804351,39.29744177994328,39.0419752191841,37131.64999999969,-0.2741279846781702,39.316000000000024,38.70899999999999,0.07652157906032643,-0.04052863855021089,0.1170502176105373,0.5714285714285714,0.17999999999999972,25.467792817059284,1282600.2,169464.85,39.333333333333336,39.58666666666667,39.763333333333335,40.01666666666667,39.15666666666667,38.903333333333336,38.72666666666667,0.0025438819638767315,0.022308690012970155,0.6536458464825031,0.6401638988574022,0.2316894473212634,0.7245535830680975,0.43230287564315995,0.4175395377552212,0.7674418604651129,0.001914311880746763,,0.04557585100748427,0.44141689373297005
44,44,2012-10-15,39.54,39.99,39.37,39.91,3686288,M,0.0,,0.7328291170916699,0.03569996018256976,0.8366803360641106,0.07954872377130016,0.8673013179747237,0.05141355154099584,1340000.66909816,39.501627855727264,39.125569412411146,11247.199999999995,0.08466265927692551,39.43600000000002,38.777,0.13236541659146184,-0.005627925258838424,0.13799334185030027,0.5714285714285714,0.5,25.474876146491408,2524753.2,552644.45,39.75666666666667,40.143333333333345,40.37666666666667,40.76333333333334,39.52333333333333,39.136666666666656,38.90333333333333,0.007065354529396771,0.03662337662337654,0.8121281886839921,0.7195888806688521,0.3519659074399554,0.7711652154199266,0.5785244994820243,0.4612064534384459,0.8709677419354761,0.0021022771297349307,,0.07232315952936931,0.44005449591280654
45,45,2012-10-16,39.99,40.5,39.92,40.47,3545272,M,0.0,,0.7137588378876244,0.059451117829069915,0.867806004865887,0.08798967470281688,0.9661404849803356,0.06484522073381145,1679884.0237042378,39.824418573047694,39.254905504402,-47342.7800000001,0.5019281564186076,39.60400000000002,38.8755,0.2180535887804496,0.039440926982213784,0.1786126617982358,0.6428571428571429,0.5600000000000023,25.388540588667077,2198374.6,1000530.6,40.29666666666667,40.67333333333333,40.876666666666665,41.25333333333333,40.09333333333333,39.71666666666667,39.513333333333335,0.037692307692307664,0.03662909836065573,0.8882141246290287,0.7804418264795865,0.5886255176256214,0.8551606497273393,0.7017749546562378,0.5080632078310588,0.9482758620689634,0.0028660244929487907,,0.1116431701885183,0.43869209809264303
46,46,2012-10-17,40.54,41.24,40.34,40.84,5364255,M,0.0,,0.7386208180863768,0.06845259501910649,0.8172297651299658,0.09870194626366402,0.9873932103199436,0.07484400039664045,844536.7405107572,40.162945717156994,39.40724704910054,1560509.3100000115,1.0495214833655582,39.97200000000002,38.9655,0.31144438452432865,0.09416465033687156,0.21727973418745708,0.6428571428571429,0.37000000000000455,25.310140505007954,3971099.6,918801.65,40.80666666666667,41.27333333333335,41.70666666666668,42.173333333333346,40.37333333333334,39.90666666666667,39.47333333333334,0.041040020392556886,0.05666235446313079,0.9386695897383583,0.8399877283402668,0.6840467820259315,0.9614926717842,0.6530351546980258,0.5126276408246769,0.5555555555555565,0.0038389142687524076,,0.1532636036696154,0.4373297002724796
47,47,2012-10-18,40.82,41.05,40.24,40.46,4508953,M,-0.0,,0.7481479475253967,0.05574704833895079,0.6079376649590804,0.10384916903739902,0.8461595518187283,0.07371575987891621,-418927.70566836646,40.2619638117874,39.50833786056669,-9636.809999998082,1.5030473778364868,40.218000000000025,39.056,0.35140684449377346,0.1458572003337714,0.20554964416000207,0.6428571428571429,-0.38000000000000256,25.18752390752775,2335359.4,923861.15,40.583333333333336,40.92666666666667,41.39333333333333,41.736666666666665,40.11666666666667,39.77333333333335,39.30666666666668,0.0266429840142097,0.05392029174264132,0.8648207464322274,0.8051155228250961,0.5605086975239809,1.0139832864811642,0.5258917487738962,0.4894833878809665,0.27160493827160515,0.004112882316077021,,0.16967913156501094,0.4359673024523161
48,48,2012-10-19,40.41,40.56,39.74,39.99,3122042,M,-0.0,,0.7577368613526597,0.03803989546892971,0.2757936886247665,0.10443173459915872,0.7089531601538325,0.06821091334751471,-630035.7182143413,40.171309207645024,39.55455318704056,1905881.050000003,1.7186294756593614,40.33400000000002,39.135999999999996,0.3419940166714284,0.18523332238450102,0.15676069428692738,0.5714285714285714,-0.4699999999999989,25.0898668778048,992964.0,1053175.4,40.09666666666667,40.45333333333335,40.91666666666666,41.27333333333335,39.63333333333335,39.27666666666667,38.81333333333335,0.0020045101478327588,0.05765670457550912,0.5576906607434814,0.6465146667147771,0.38357528596095297,1.0217600913181688,0.452220515269449,0.4717705653091415,0.3048780487804877,0.003514117073537693,,0.1633183088287722,0.4346049046321526
49,49,2012-10-22,39.84,39.99,39.42,39.99,3151561,M,0.0,,0.732685716984134,0.035941545457814236,0.2517654577214965,0.10076196395033782,0.6883975781292757,0.061252021651484474,731273.9147897381,40.11087280500189,39.59630445846515,637974.2399999985,1.8562247389077775,40.35000000000003,39.24500000000001,0.33071187099164234,0.214417235069836,0.11629463592180635,0.5,0.0,24.958507950613473,255706.4,1333812.85,39.8,40.18000000000001,40.37000000000001,40.75000000000001,39.61000000000001,39.23,39.040000000000006,-0.011860637509266045,0.05933774834437092,0.4230688750913577,0.5626773446405404,0.3625603398057014,0.9886008188077521,0.6348136771326655,0.5224179689549439,1.0,0.0026858795433461428,,0.15839442691961753,0.4332425068119891
50,50,2012-10-23,39.56,39.68,38.96,39.46,3887621,M,0.0,,0.7723544689754057,0.052234777253799235,0.17193131662613875,0.09400921798856594,0.5350243319893855,0.04836657647867,699974.729062893,39.893915203107746,39.583243792101115,-405756.8700000009,2.006057485388154,40.14800000000003,39.33050000000001,0.2765904610482579,0.22688201826199414,0.04970844278626374,0.42857142857142855,-0.5300000000000011,24.895706032558397,-1230872.2,1426370.05,39.36666666666667,39.77333333333333,40.086666666666666,40.49333333333333,39.053333333333335,38.64666666666667,38.333333333333336,-0.03379040156709115,0.04529801324503314,0.2847413934855812,0.4610969710265778,0.5242804592963832,0.9243573870248234,0.6546905995907079,0.5389015119545603,0.6944444444444455,0.0014139108829328035,,0.1337542267352476,0.4318801089918256
51,51,2012-10-24,39.56,39.65,38.83,38.88,4046270,M,-0.0,,0.7787109348631263,0.060788522622624026,0.13752351677991995,0.08678673632036785,0.3516793228413188,0.035657287297071086,-987925.1641471712,39.55594346850293,39.51589828585726,-993126.9899999995,1.9177208493454143,39.756000000000036,39.38700000000001,0.18555563651537452,0.21860072355909232,-0.03304508704371778,0.35714285714285715,-0.5799999999999983,24.843580368337406,-3112977.2,1224056.55,39.12,39.41,39.94,40.23,38.59,38.3,37.77,-0.03905091448344039,0.036523593708344564,0.2521256035294908,0.4348758158410176,0.6041771263462606,0.8545672958625823,0.4567856028412262,0.4931333698221727,0.060975609756102736,-0.00024816053328880253,,0.09285035012178744,0.43051771117166215
52,52,2012-10-25,39.14,39.32,38.07,38.68,4618983,M,-0.0,,0.8415814369623564,0.0619330946426297,0.20493785623705654,0.07639580709712672,0.24597397865877926,0.023707270737086398,-493458.2597140883,39.2639623121996,39.43589132564365,-570462.3600000008,1.6984494742306986,39.400000000000034,39.4455,0.09642603771150247,0.19412791655499426,-0.09770187884349177,0.35714285714285715,-0.20000000000000284,24.98747412038918,-3134983.2,1278177.2,38.69,39.31,39.93999999999999,40.56,38.06,37.44,36.81,-0.0327581895473869,0.02817650186071245,0.1301287210809419,0.3122092464217165,0.6100409822299029,0.7533677022124282,0.4671904018989856,0.4926420357423293,0.4879999999999996,-0.0017725381119138089,,0.054042130982157384,0.42915531335149865
53,53,2012-10-26,38.86,38.86,38.19,38.48,3965728,M,-0.0,,0.8186938284841552,0.06329159320004273,0.2502601165084825,0.0671372552116538,0.1195989705305628,0.00982651398451815,-380541.3116770026,39.00264154138544,39.34444287948469,32216.800000000454,1.4059765309215726,39.098000000000035,39.4885,0.009787205721771386,0.15721407726869344,-0.14742687154692205,0.35714285714285715,-0.20000000000000284,25.057707661074954,-3303720.4,806557.45,38.51,38.83,39.18000000000001,39.5,38.16,37.84,37.49,-0.03775943985996512,-0.002592016588906206,0.1301287210809419,0.31220924642171644,0.6186436777338181,0.6627873756063478,0.4557388748942828,0.4869204800888063,0.43283582089552,-0.0029867930369745464,,0.016700969035388945,0.42779291553133514
54,54,2012-10-31,38.93,39.25,37.76,38.07,6018017,M,-0.0,,0.9082355073316174,0.053055515746057734,0.18646409559747,0.07174912111872712,0.008023415267248053,-0.004681457992037821,-1248297.1776469084,38.691761027526105,39.22257158800636,-853410.7399999992,0.8810271079185691,38.71400000000003,39.46300000000001,-0.0904558416925738,0.10763098876401493,-0.19808683045658876,0.2857142857142857,-0.4099999999999966,25.280972846487693,-4507323.8,182525.85,38.35999999999999,38.959999999999994,39.84999999999999,40.44999999999999,37.46999999999999,36.86999999999999,35.979999999999976,-0.03522554485554994,-0.015770423991726974,0.08468668041032203,0.2553015921960329,0.51349780914822,0.7078588916770823,0.3731771470041936,0.460253254550324,0.20805369127516904,-0.004073486739693201,,-0.026336787932575302,0.4264305177111717
55,55,2012-11-01,39.26,40.6,39.0,40.52,6358649,M,0.0,,1.1245423523269895,0.09660337458822099,0.9238929963479446,0.0728303370331801,0.8349759324994532,0.00237433841475057,1449110.087009571,39.30117401843464,39.34659267333458,4881558.840000015,1.0831616354485276,38.92600000000002,39.55500000000001,0.025056440089429092,0.09110298419477728,-0.06604654410534819,0.35714285714285715,2.450000000000003,25.558307191017324,-2458069.8,164444.85,40.04,41.08,41.64,42.68,39.48,38.44,37.88,0.04218106995884775,0.02608255254494812,0.6389143693953102,0.5557493531805269,0.9400957398052732,0.7202009953368599,0.5654514313626029,0.5070681094934955,0.9500000000000012,-0.0024028006172281237,0.0003797880736531343,0.01886575388140557,0.4250681198910082
56,56,2012-11-02,40.67,41.0,40.49,40.61,5128043,M,-0.0,,1.0425798657077099,0.12233350539562154,0.7785015868022762,0.07648990820044071,0.8297201904260879,0.006455490705012791,-263829.0958274509,39.737449345663144,39.46731921039165,-2260533.959999999,1.2133144136823673,39.272000000000034,39.611,0.12235241835684008,0.09735683487597473,0.024995583480865363,0.35714285714285715,0.0899999999999963,25.65566211425941,-623207.2,144615.25,40.7,40.91,41.21,41.42,40.40000000000001,40.19000000000001,39.89000000000001,0.0498965873836608,0.02369548777413657,0.7114022812479565,0.610741818098566,1.2010703559742133,0.7574604384319144,0.4553989934473184,0.4810983907770491,0.2352941176470547,-0.0001593423778742903,0.000382320272051685,0.053360727165932376,0.42370572207084467
57,57,2012-11-05,40.54,41.27,40.29,41.16,5265883,M,0.0,,1.0342338091644974,0.14004479913525072,0.7499415738224118,0.0839671542443859,0.9424900259998442,0.014122957616621341,1222586.1101345737,40.211632897137775,39.62901408077239,-699370.2399999929,1.5231718595195076,39.76800000000002,39.68550000000001,0.2405778744349547,0.1260155744951627,0.11456229993979199,0.42857142857142855,0.5499999999999972,25.754672500644922,1353766.0,109785.8,40.906666666666666,41.52333333333333,41.88666666666668,42.503333333333345,40.54333333333333,39.926666666666655,39.56333333333333,0.06964656964656965,0.03913153244130263,0.7574215228392459,0.6457257885599197,1.3923253930026636,0.8330696249413942,0.5995176963206348,0.5199446426048739,0.8877551020408101,0.0021951286790589035,0.0004230614467257772,0.09312903149011853,0.4223433242506812
58,58,2012-11-06,41.25,41.44,40.76,41.38,4673545,M,0.0,,0.986992458170768,0.1312578302901795,0.6948643818247572,0.0919846331133553,0.9389661088423564,0.021964002892710582,1644765.0342676817,40.601088598107744,39.79623047452464,-349963.4600000014,1.866433704046141,40.348000000000035,39.77400000000001,0.347821278952658,0.17039471770587092,0.1774265612467871,0.42857142857142855,0.220000000000006,25.76566428877476,3081620.6,513366.1,41.19333333333333,41.62666666666666,41.87333333333333,42.30666666666666,40.94666666666666,40.51333333333333,40.26666666666666,0.08694510112949835,0.05265835665225134,0.7873162180829921,0.6679329455130033,1.3239977341370417,0.9146491993626484,0.703600032845456,0.557362840696348,0.91176470588236,0.004086771311458571,0.000494205814679784,0.1281423011906533,0.4209809264305177
59,59,2012-11-07,40.92,41.98,40.45,40.45,7878089,M,-0.0,,1.0594069829569364,0.0409921485977615,0.2765114053988121,0.09236213649244517,0.6682579017295935,0.01832542241914684,-2063321.062925987,40.55072573207046,39.85864818407296,-1854666.2599999842,2.058014569757042,40.824000000000034,39.830999999999996,0.3543559313541991,0.20719890407686625,0.14715702727733282,0.35714285714285715,-0.9299999999999996,25.771333865755658,2709606.2,245685.5,40.96,41.47,42.49,42.99999999999999,39.94000000000001,39.43000000000001,38.41000000000001,-0.0017275419545903328,0.02069139540751956,0.8626112040500002,0.7311882765499419,0.4183658685887541,0.9197190646576456,0.4690666885572587,0.5041494213673929,0.0,0.004316225602777482,0.000561108008635687,0.12647544808292727,0.4196185286103542
60,60,2012-11-08,40.36,40.67,39.01,39.01,5792593,M,-0.0,,1.1394990107613756,0.09157189892377547,0.0925271295375414,0.09418437086950096,0.2892511671744513,0.006403324104886964,-2729124.0064244056,40.03715048803766,39.777643787937635,-2652143.760000005,1.900699837868536,40.52200000000003,39.8,0.2415355841281581,0.21406802341246198,0.027467560715696115,0.2857142857142857,-1.4400000000000048,25.856947621792997,279357.8,-302802.4,39.56333333333333,40.11666666666667,41.223333333333336,41.77666666666667,38.456666666666656,37.90333333333333,36.79666666666665,-0.03939916276779122,0.0002564102564102054,0.3715450850994373,0.4568981629664093,0.9276691220473079,0.9371344901515348,0.3127111257020042,0.4560278084230971,0.0,0.00249626527053936,0.0005874576866628818,0.08443504309408441,0.41825613079019075
61,61,2012-11-09,38.81,39.16,38.57,38.93,5762360,M,0.0,0.28480900368715395,1.0662222006499789,0.11570011215080198,0.2298648616409728,0.09452133611568456,0.26964701924860723,0.0006532078273125196,-506315.5442414092,39.668100325353976,39.696752492117625,3215908.080000006,1.8767306803531287,40.18600000000002,39.7965,0.1440658232126637,0.2000646749908216,-0.05599885177815786,0.2857142857142857,-0.0799999999999983,25.844871773179797,-1898722.8,-415951.9,38.886666666666656,39.20333333333333,39.47666666666665,39.79333333333332,38.61333333333333,38.29666666666667,38.02333333333333,-0.054178814382895936,-0.007647208768799318,0.2987838293767409,0.4023891798223525,1.162381176723033,0.9404045881819604,0.4118639143110102,0.4707376672853447,0.6101694915254265,0.00038771628314797997,0.0005819079544604818,0.05166835662998355,0.41689373297002724
62,62,2012-11-12,39.0,39.07,38.6,38.7,2730570,M,-0.0,0.2742674657508061,0.9867162449072909,0.11766615138498915,0.2871812097156931,0.0969947733190193,0.2226169914514821,-0.005236906994030214,-454049.5581107303,39.345400216900046,39.60164996192748,949227.1299999851,1.920863634601863,39.69400000000002,39.77,0.047850820139565535,0.1696168450070672,-0.12176602486750165,0.2857142857142857,-0.2299999999999969,25.68787697046608,-3498013.4,-735967.8,38.79,38.98,39.26,39.45,38.51,38.32,38.04,-0.06476558724021265,-0.018015732047703476,0.2987838293767409,0.4023891798223525,1.1676600532689403,0.9643705337243496,0.34549792868907603,0.4461239717920931,0.21276595744681204,-0.0014871973492624846,0.0005478297371454,0.02116799919131489,0.41553133514986373
63,63,2012-11-13,38.57,39.77,38.3,39.08,6968845,M,0.0,0.2642653782474986,1.0511608665885088,0.07082059373088398,0.4445759101942597,0.0979669995930437,0.32706518973966114,-0.003200576117664156,243473.09449212032,39.2569334779329,39.55188676924645,180972.74999999828,2.1627732119019614,39.23400000000002,39.75350000000001,0.002038771105553394,0.13609677464516984,-0.13405800353961644,0.35714285714285715,0.37999999999999545,25.728018526399584,-3038953.4,-567022.3,39.05,39.8,40.52,41.27,38.32999999999999,37.57999999999999,36.85999999999999,-0.0338689740420273,-0.020796792783763427,0.5646369135909384,0.5276144484709893,0.6946437936093759,0.973632779580516,0.4072027007590348,0.4541837945098397,0.5306122448979578,-0.002404856043956541,0.0005028532122794201,0.006557615039941745,0.4141689373297003
64,64,2012-11-14,39.21,39.63,38.79,38.9,5134558,M,-0.0,0.2572878913737426,1.023003514111848,0.014760196575299681,0.4582264257273269,0.0998538443082047,0.29745224591512204,0.0014390008181457091,-834908.9961231565,39.13795565195484,39.48970934078742,480797.5999999897,1.8821449792424203,38.92400000000002,39.70300000000001,-0.04814329890304947,0.09924484116579163,-0.1473881400688411,0.42857142857142855,-0.17999999999999972,25.778670108957535,-2490247.2,-1008064.6,39.106666666666655,39.42333333333333,39.946666666666665,40.26333333333333,38.58333333333332,38.26666666666666,37.74333333333332,-0.002819789797487809,-0.03879416851989129,0.5646369135909381,0.5276144484709892,0.14363147287424127,0.991124295142163,0.3151192608231533,0.42335375002924586,0.13095238095237974,-0.0028829140243845602,0.00044662698082959353,-0.009107116329823242,0.4128065395095368
65,65,2012-11-15,39.0,39.81,38.75,39.34,4727152,M,0.0,0.25700445285645823,1.027936769172827,0.024407032066422956,0.8677899327454482,0.0985923277448724,0.4215880047810912,-0.0010151201283382894,175952.25863917626,39.205303767970044,39.47543199257319,-582840.1800000115,1.7067019955014018,38.99000000000002,39.64650000000001,-0.05201074853548704,0.06899114952608608,-0.12100189806157312,0.5,0.4400000000000048,25.840488892843698,-386298.2,-948970.6,39.3,39.85000000000001,40.360000000000014,40.91000000000001,38.790000000000006,38.24,37.73,0.010531723606473252,-0.03672869735553379,0.6344810854231733,0.5606767800726136,0.2379075450674579,0.9772101804842712,0.39561409841059697,0.4360614206118109,0.5566037735849076,-0.0025918746286795985,0.0003937171544925154,-0.01098768868564015,0.41144414168937327
66,66,2012-11-16,39.41,40.31,39.1,40.18,6764565,M,0.0,0.2629108838706561,1.0522135311057488,0.05870002058670117,0.9080943680926984,0.09546356620094383,0.6498024942157001,0.005276892626158631,2093085.2875552075,39.53020251198055,39.54261594396043,2086408.9600000016,1.6232350105970281,39.24000000000002,39.6135,0.012202341563323673,0.05763261491172494,-0.04543027334840127,0.5714285714285714,0.8399999999999963,25.930848227405285,2119086.8,-878955.1,39.863333333333344,40.62666666666667,41.07333333333335,41.83666666666667,39.41666666666667,38.653333333333336,38.20666666666667,0.03824289405684746,-0.006920415224913523,0.7749107498693352,0.6427585759594011,0.5758472019555388,0.945411494925272,0.561263393431019,0.4795909469316251,0.8925619834710723,-0.001264149685237155,0.00036374492244800285,0.007345332719809073,0.4100817438692098
67,67,2012-11-19,40.41,40.93,40.32,40.93,4484057,M,0.0,0.27034904380724617,1.0119159990921838,0.08576615473449002,0.8654829427765449,0.0981909994775219,0.8322202246069144,0.01696070398366921,2423961.1360660917,39.9968016746542,39.67489425336817,-386521.04999999906,1.7122424672903007,39.68600000000002,39.637,0.1219015686253826,0.07048710551949479,0.051414463105887806,0.6428571428571429,0.75,25.901400214670158,3562012.2,-429304.6,40.72666666666667,41.13333333333333,41.336666666666666,41.74333333333333,40.52333333333333,40.11666666666667,39.91333333333333,0.047338792221085,0.023505876469117226,0.8649700826863043,0.7195469139024803,0.8509289041982432,0.972999161572634,0.7075089289541678,0.5292086641316291,1.0,0.0007806149544150509,0.00036810241321181815,0.038617790735536534,0.4087193460490463
68,68,2012-11-20,40.9,41.14,40.31,40.77,5336452,M,0.0,0.278233464376145,0.9876592833625016,0.08844721415693198,0.7107337906302245,0.10112517185040804,0.7726654855815143,0.01231840061391276,1096330.8173193969,40.25453444976965,39.77929464781421,-842586.6700000048,1.9184167441873985,40.02400000000002,39.676,0.19374775642319264,0.09514030949871144,0.0986074469244812,0.7142857142857143,-0.1599999999999966,25.929605686094106,1100952.8,-540025.1,40.74,41.17,41.56999999999999,42.0,40.34,39.91,39.51000000000001,0.048071979434447416,0.019504876219054796,0.8865034634834994,0.7417659509439848,0.8850028248542618,1.0030605795841974,0.6564115751260363,0.5315927866704164,0.5542168674698816,0.002326196326300555,0.0003931887375057148,0.05911463543421104,0.40735694822888285
69,69,2012-11-21,40.85,41.23,40.7,41.01,3391996,M,0.0,0.2900743263611572,0.9266353219582648,0.06907464571212622,0.7018760787500831,0.10521036719665433,0.8069603982591078,0.01438672149054433,452699.04629161634,40.50635629984655,39.89661103689708,-87364.87999999814,2.256511103134612,40.446000000000026,39.727,0.26688872041354017,0.12949118863511933,0.13739753177842084,0.7142857142857143,0.2399999999999949,25.904635439693145,2806263.6,-370425.3,40.98,41.25999999999999,41.50999999999999,41.78999999999999,40.73,40.45,40.2,0.042450432130147285,0.03928028383172826,0.8964147782604909,0.7517283960516328,0.6984482801181646,1.0449230644053715,0.6325762702097983,0.5366748104251852,0.5849056603773559,0.0034543557119136787,0.00043775718551820224,0.08049290751816876,0.40599455040871935
70,70,2012-11-23,41.49,41.76,41.2,41.73,3132893,M,0.0,0.27907898387149754,0.9030830346691922,0.05429574577045,0.8627364205650038,0.11384311394140655,0.9165962435481758,0.026966357191262814,854994.335685447,40.91423753323116,40.0713628462805,-2115416.639999986,2.7148644098581216,40.92400000000002,39.8405,0.3783562845151352,0.17926559531907355,0.1990906891960616,0.7142857142857143,0.7199999999999989,25.85724268203354,2487411.8,-19399.6,41.56333333333333,41.926666666666655,42.12333333333332,42.48666666666666,41.36666666666667,41.003333333333345,40.80666666666667,0.038576406172224915,0.07330246913580232,0.9397747312732958,0.8042786354462009,0.5554997749774742,1.133891645245652,0.7371937039494214,0.5757310132157895,0.9464285714285691,0.0047013394469320935,0.0005112514485369242,0.11252777492178627,0.40463215258855584
71,71,2012-11-26,41.0,41.09,39.65,39.86,7968614,M,-0.0,0.271956215897214,1.060010557489579,0.06553134790476754,0.12653273887124875,0.11142247983578048,0.4933627129050357,0.019728114666714456,-1744139.2856198042,40.56282502215403,40.051218101719535,-5263110.699999994,2.7450378241822206,40.860000000000014,39.8895,0.3127397446988667,0.20596102052290766,0.10677872417595904,0.6428571428571429,-1.8699999999999972,25.881810115534353,-459224.0,-215516.8,40.2,40.75000000000001,41.64000000000001,42.19000000000001,39.31,38.76,37.87,-0.026142193989738584,0.030506721820062036,0.3462873476909117,0.4644802112308683,0.6694027188472007,1.1111467523523413,0.5400735804106842,0.5347579704082075,0.14583333333333345,0.0037393162515814283,0.000561031438377161,0.0909690778101956,0.4032697547683924
72,72,2012-11-27,39.49,40.15,39.34,39.63,7452548,M,-0.0,0.2615783036739663,1.026674847962232,0.08478632502049457,0.21821369059233786,0.10781841386561526,0.4287032064540352,0.01682463433398232,-1526228.945377481,40.25188334810265,40.011075138618075,-9071275.499999976,2.5641311224251133,40.60000000000001,39.937,0.23948150531369805,0.21266523708828605,0.026816268225412002,0.5714285714285714,-0.2299999999999969,25.861617236076842,-2846545.0,-357195.05,39.70666666666667,40.073333333333345,40.516666666666666,40.88333333333333,39.26333333333334,38.89666666666668,38.45333333333335,-0.027961736571008103,0.029885654885655037,0.2942553880397769,0.4223081389337423,0.8605811989580201,1.076485998637769,0.4793906173931229,0.5179149205232443,0.3580246913580258,0.0020339781618236028,0.0005864987741247876,0.06937863253597071,0.4019073569482289
73,73,2012-11-28,39.54,40.42,39.47,40.36,5607030,M,0.0,0.2632831199972825,1.0164512774715857,0.0848873358677197,0.4540626241089726,0.1022540064737131,0.5803746556710988,0.026012897488951758,933686.7759524002,40.28792223206843,40.04432627750967,-1180792.0,2.6226010596688085,40.518000000000015,40.031,0.2374090011683663,0.21761406053627055,0.01979494063209569,0.6428571428571429,0.7299999999999969,25.835803613012533,-657848.6,121442.85,40.083333333333336,40.69666666666667,41.03333333333333,41.64666666666668,39.74666666666667,39.13333333333333,38.79666666666667,-0.0158497927334796,0.060152350932492764,0.4035370171990361,0.4716829129487768,0.8598662686720671,1.0233325332873022,0.6318744466831481,0.5578369998788978,0.9368421052631556,0.0011537174277831967,0.0006094222546092469,0.067387303488245,0.4005449591280654
74,74,2012-11-29,39.24,39.83,38.26,38.62,13763782,M,-0.0,0.26670152831830496,1.160927593327866,0.11363389355210385,0.18790530399035815,0.09726426489830337,0.1307998452527189,0.018526713100366042,-2074569.48698458,39.73194815471225,39.90860155702817,-6374346.340000032,2.4116376694478547,40.040000000000006,40.0585,0.09467666053408408,0.193026299793235,-0.09834963925915093,0.6428571428571429,-1.740000000000002,25.966766123274517,-4089004.2,-265845.4,38.903333333333336,39.54666666666667,40.473333333333336,41.11666666666667,37.97666666666667,37.333333333333336,36.40666666666667,-0.07452671938653246,-0.04689042448173755,0.2046837812182256,0.3247007958976925,1.13747527445656,0.9740651388571709,0.4976827521411986,0.5265304940386641,0.22929936305732446,-0.0008996344671730429,0.0005903480924449298,0.028101762743931263,0.3991825613079019
75,75,2012-11-30,38.68,38.9,38.02,38.7,10675111,M,0.0,0.26947088875867226,1.1234698724484535,0.07656047964677429,0.2568800587036945,0.10137447951413336,0.1871671530995134,0.012200303162921255,1107086.8780030564,39.38796543647482,39.79343937815862,-8413014.459999982,1.9268803222256048,39.434000000000026,39.9675,-0.011861424554027169,0.15204838061568274,-0.1639098051697099,0.6428571428571429,0.0800000000000054,26.042457739292622,-2580560.6,-50022.3,38.54,39.06,39.42,39.93999999999999,38.18,37.66,37.3,-0.029101856497742013,-0.04703275055405064,0.18004674486697336,0.302597538367226,0.7547714885977247,1.0129211274952812,0.5893642590032282,0.5499894721440404,0.7727272727272764,-0.002663812530066141,0.000542325758285372,0.00047233154905631467,0.3978201634877384
76,76,2012-12-03,38.93,38.93,38.09,38.1,6331316,M,-0.0,0.2735365689473121,1.08567326992304,0.09235932741466736,0.2279467328716279,0.10865390038679734,0.0975965471294526,-0.003989579120159839,-1511220.6493763991,38.95864362431654,39.63208684059818,3864882.3199999705,1.0946657341117931,39.082000000000015,39.842,-0.14293800442315785,0.09305067248167943,-0.2359886769048373,0.6428571428571429,-0.6000000000000014,26.052002306703372,-2253101.0,-622990.25,38.373333333333335,38.656666666666666,39.213333333333345,39.496666666666655,37.81666666666667,37.533333333333346,36.97666666666667,-0.03860711582134749,-0.07434402332361505,0.19696202386969308,0.3095409282271422,0.902396808505008,1.082247174802695,0.3968777599704001,0.4987202418784782,0.011904761904759588,-0.004349557205681406,0.0004605258192432764,-0.03225631111032666,0.39645776566757496
77,77,2012-12-04,38.05,38.36,37.93,38.27,4799865,M,0.0,0.264447318976753,0.998248925340808,0.09285116726250237,0.35014792903006714,0.10982201829967464,0.17256617710524905,-0.018025027536988116,409506.42609299853,38.729095749544356,39.50231145585917,2526355.7799999984,0.2535426154470414,38.810000000000024,39.69750000000001,-0.2304705701067107,0.028346045700329493,-0.2588166158070402,0.5714285714285714,0.1700000000000017,25.858642656813828,197381.6,-646291.15,38.18666666666667,38.443333333333335,38.61666666666667,38.873333333333335,38.013333333333335,37.75666666666667,37.583333333333336,-0.05178394449950437,-0.07515708071532139,0.1706726225228822,0.29126316550283976,0.9008884503644294,1.0899148928628335,0.5281510647864734,0.5265389407408505,0.7906976744186128,-0.005271301771714154,0.00035948121383930573,-0.05411276073109952,0.39509536784741145
78,78,2012-12-05,38.21,39.16,38.11,38.87,8368434,M,0.0,0.25577038844557565,1.00514915358172,0.03298716014058645,0.7818006723118415,0.10399055187438468,0.32940934813995043,-0.025393221373697573,1461974.1002403125,38.77606383302957,39.442069129524285,1568580.859999992,-0.3740735429039377,38.51200000000002,39.571999999999996,-0.24865945966277536,-0.027055314473663,-0.2216041451891124,0.5714285714285714,0.5999999999999943,25.77159439264956,749662.4,-461546.7,38.71333333333333,39.316666666666656,39.763333333333335,40.36666666666665,38.266666666666666,37.66333333333333,37.21666666666667,0.006473329880890731,-0.039060568603213976,0.5712566532513255,0.4745893493654209,0.3176003778335665,1.0287785296932876,0.5933705511274912,0.5453335375038475,0.7238095238095239,-0.004982374268867954,0.00025993341784407337,-0.05898566102065241,0.39373297002724794
79,79,2012-12-06,38.87,39.16,38.61,38.92,5896896,M,0.0,0.24727623824845466,0.9444619522338517,0.038112486467582786,0.7367226438853376,0.1029859822805278,0.35851200377207904,-0.03574393515938558,806554.4116141133,38.824042555353046,39.39233168602205,713070.1499999984,-1.002849061631624,38.57200000000002,39.4955,-0.2560942637543988,-0.07286327571774066,-0.18323098803665816,0.5714285714285714,0.05000000000000426,25.504714865704575,4681798.0,227202.55,38.89666666666667,39.183333333333344,39.44666666666667,39.73333333333333,38.63333333333335,38.34666666666667,38.08333333333334,0.0056847545219637936,-0.002307100743399034,0.5712566532513255,0.4745893493654209,0.3675187070069011,1.0168707157901464,0.5834591552971176,0.5470772448583258,0.5636363636363707,-0.004174518596950293,0.0001649380811968326,-0.06181237728090204,0.3923705722070845
80,80,2012-12-07,39.17,39.48,38.88,39.41,4526819,M,0.0,0.242519862210088,0.8985332672151704,0.054802449269048426,0.8280508936607326,0.10231269860558068,0.4739051119340684,-0.04610542640846427,1330574.5657644179,39.0193617035687,39.39401489006745,-2074472.0999999968,-1.163611109086491,38.71400000000003,39.5155,-0.2199827290501446,-0.1022872544547609,-0.1176954745953837,0.5714285714285714,0.4899999999999949,25.13342843279993,3452139.6,743173.15,39.25666666666667,39.63333333333333,39.856666666666655,40.23333333333333,39.033333333333346,38.65666666666667,38.433333333333344,0.034383202099737414,0.01232982275879776,0.6890211824787095,0.5409300007399541,0.5304055052504855,1.0107343604372057,0.6834172146425229,0.5791112923128925,0.8833333333333317,-0.002803068125389213,8.642435583379232e-05,-0.05391834959376398,0.391008174386921
81,81,2012-12-10,39.32,39.72,39.08,39.35,4897063,M,-0.0,0.2333959173593235,0.8640618886519958,0.04705316172263889,0.7105401650077329,0.10140065969847577,0.4534799861598568,-0.04638158792096479,76253.747745372,39.1295744690458,39.38982185199685,-429928.1899999997,-1.2825010109863508,38.96400000000003,39.5365,-0.19396148078065067,-0.12062214362327618,-0.07333933715737449,0.5714285714285714,-0.059999999999995175,24.914429394806184,3738990.2,786438.0,39.38333333333333,39.68666666666667,40.02333333333333,40.32666666666667,39.04666666666667,38.74333333333333,38.406666666666666,0.028220538280637524,0.016795865633074898,0.7586331648545148,0.5871361376740151,0.4583448483402257,1.0022567955421968,0.5962364764283499,0.5641323213615136,0.4218750000000045,-0.0015675130609672336,2.0658726216139474e-05,-0.048667802806803794,0.3896457765667575
82,82,2012-12-11,39.54,39.62,38.68,38.86,4885772,M,-0.0,0.23021270706992875,0.8741870404925798,0.028023796225224728,0.297302110090352,0.1007317331939458,0.3281612688305323,-0.05101329605716486,-1159546.6396358695,39.0397163126972,39.339350171521566,-197424.14999999895,-1.6084469108996042,39.08200000000002,39.5445,-0.21039117240586336,-0.1385759837725186,-0.07181518863334478,0.5,-0.490000000000002,24.77036973849475,1801862.8,678677.9,39.053333333333335,39.42666666666667,39.99333333333333,40.36666666666667,38.48666666666667,38.113333333333344,37.54666666666667,-0.0002572678157961928,-0.005629477993858723,0.4983427705320115,0.4899933893119631,0.2738065010185584,0.9958465058219974,0.4613207715196089,0.5286337545877801,0.19148936170212785,-0.0010968544614080808,-4.4851188729479095e-05,-0.053749954861980996,0.388283378746594
83,83,2012-12-12,38.93,39.23,38.29,38.86,4596816,M,0.0,0.23025975055175366,0.8829621545839096,0.028226370999263024,0.3005596258191941,0.10142694923847356,0.3320349312518867,-0.061000152657839174,-289292.64796183753,38.97981087513147,39.29368757794101,147121.0300000006,-1.829352964271832,39.08000000000003,39.5335,-0.22086501103142808,-0.1550338144458526,-0.06583119658557549,0.42857142857142855,0.0,24.733634335135648,128176.0,330235.65,38.79333333333333,39.29666666666665,39.73333333333333,40.23666666666666,38.356666666666655,37.85333333333333,37.41666666666666,-0.0015416238437821756,-0.0010282776349614176,0.3393925155655883,0.4115358730222668,0.2757716446627999,1.0024405744297986,0.5096748405875414,0.5360400964101667,0.6063829787234061,-0.0009356173651184316,-0.00010845715324475533,-0.05791246968067947,0.3869209809264305
84,84,2012-12-13,38.76,39.05,38.05,38.22,4711145,M,-0.0,0.23057273082403626,0.8985672820526673,0.049269160565181734,0.12471484434531245,0.10491547533302703,0.1912484550434275,-0.0592730934070538,-1207517.183023315,38.72654058342098,39.19141095518317,111761.2800000001,-2.047058752797235,38.940000000000026,39.4995,-0.27753907445521264,-0.1795348964859638,-0.09800417796924883,0.35714285714285715,-0.6400000000000006,24.63041307627343,-1993432.2,351406.3,38.44,38.83,39.44,39.83,37.83,37.44,36.83,-0.03019538188277081,-0.028469750889679832,0.2662331583335638,0.3686109195526661,0.4796352781020443,1.0360272044792254,0.3964498937250281,0.5011720904613793,0.1700000000000017,-0.0014798815556443347,-0.00018302647568059906,-0.07387887095492958,0.385558583106267
85,85,2012-12-14,38.2,38.63,38.03,38.07,4590308,M,-0.0,0.2345245729433577,0.8587581311162785,0.05416921119896212,0.212626083612258,0.10996264980006938,0.18499848336164307,-0.05861311029348574,-1749851.9504374368,38.507693722280656,39.084590386194904,5141.319999999994,-2.4005037285467634,38.672000000000025,39.436,-0.3307286032765262,-0.20977366750217655,-0.12095493577434965,0.35714285714285715,-0.14999999999999858,24.399761877461533,-3816857.6,-114466.7,38.24333333333333,38.456666666666656,38.84333333333333,39.056666666666665,37.856666666666655,37.64333333333333,37.25666666666665,-0.032528589580686176,-0.05251368840219013,0.2597020074555728,0.3648629050065124,0.5237079338715661,1.084121764378884,0.28652215137224035,0.4597830560634996,0.06666666666666507,-0.002182072425302356,-0.0002669327500741585,-0.08991838225027456,0.38419618528610355
86,86,2012-12-17,38.27,38.73,37.76,38.71,4959392,M,0.0,0.2264201783054308,0.8735904384228118,0.03872305564318156,0.61121969125454,0.10983569451897904,0.34907737793604315,-0.052478281287921015,966090.1231514752,38.5751291481871,39.048909210343865,121641.03000000051,-2.484465087792396,38.544000000000025,39.3625,-0.3176354992703594,-0.2313460507823187,-0.08628944848804067,0.42857142857142855,0.6400000000000006,24.340917660645385,-1845566.6,-204725.35,38.4,39.04,39.37,40.01,38.07,37.43,37.1,-0.003860010293360746,-0.05423894453945758,0.1774346159139537,0.31393485543326755,0.3731353641776977,1.0808518813758283,0.5174752486811514,0.5092768020594682,0.9793814432989733,-0.002063320090712804,-0.00034131077383184886,-0.08802867222945647,0.38283378746594005
87,87,2012-12-18,38.75,39.29,38.44,39.11,3217858,M,0.0,0.21978845542418046,0.8704450359509105,0.0453229543491276,0.7949929913184973,0.10355009796103072,0.4602859184887141,-0.03663912842473487,1066641.7182778604,38.753419432124744,39.054728251490985,-1427347.9999999988,-2.6831267864004036,38.594000000000015,39.27150000000001,-0.2718822100518423,-0.2394532877252185,-0.03242892232662378,0.42857142857142855,0.3999999999999986,24.389646898138967,-224840.6,-268035.3,38.946666666666665,39.45333333333333,39.79666666666667,40.303333333333335,38.60333333333333,38.09666666666666,37.75333333333333,0.0064333504889346384,-0.040716212901643456,0.5715412453216568,0.4888269596869658,0.43729852503755773,1.0166419180191546,0.6077285971599834,0.535848253382326,0.7882352941176477,-0.0012732900175613097,-0.0003976828251180521,-0.07699692240712183,0.38147138964577654
88,88,2012-12-19,39.03,39.54,38.75,38.77,4556917,M,-0.0,0.22671899902657666,0.8597189995873843,0.04409994755208931,0.6140371786174496,0.0978434443894249,0.3952428645072593,-0.030116356727464506,-955932.4321676715,38.75894628808316,39.027607603575824,-24148.500000000917,-2.884661524731244,38.57600000000002,39.17150000000001,-0.2600330122818164,-0.24356923470343556,-0.016463777578380884,0.5,-0.3399999999999963,24.330719872502453,-1136224.0,-229058.55,39.02,39.290000000000006,39.81,40.08000000000001,38.50000000000001,38.23,37.71000000000001,0.014390371533228788,-0.05462082418922202,0.6702766712781341,0.5494269688640107,0.4252998941923496,0.9581686204750895,0.4135912166720577,0.487219594083367,0.025316455696206518,-0.0007639699067709657,-0.0004464435072814085,-0.07496907586303707,0.3801089918256131
89,89,2012-12-20,37.3,38.3,37.15,37.91,6727330,M,0.0,0.2333510480665806,0.961090058226832,0.05247467540805496,0.20113947729108644,0.09162024182793754,0.190463636304148,-0.030265663656531036,368754.9997101918,38.475964192055436,38.921155745292076,-4211366.40000001,-3.2425720370106914,38.51400000000002,39.01650000000001,-0.3163272310260652,-0.25812083981384343,-0.058206391212221764,0.5,-0.8600000000000065,24.37579579499691,-1539461.0,-735024.85,37.786666666666655,38.42333333333333,38.93666666666665,39.57333333333332,37.27333333333333,36.636666666666656,36.12333333333333,-0.004202784344628414,-0.0915408578959981,0.2187036377361013,0.2896789234581121,0.5052524121664574,0.8936752913199314,0.4960173328538353,0.5037597125104336,0.6608695652173904,-0.0012627531898425325,-0.0005068520285452582,-0.09100177960316104,0.3787465940054496
90,90,2012-12-21,37.59,37.85,37.32,37.51,6614157,M,-0.0,0.2400493443994033,0.9116112744111514,0.06927466535448537,0.16469766748945194,0.07169012849720964,0.03432301452487454,-0.03713918249394047,-407152.21230412286,38.15397612803696,38.78674506450693,-2592122.40000001,-3.5366512294624184,38.40200000000002,38.80550000000001,-0.3887084355883204,-0.28423836736258856,-0.1044700682257318,0.5,-0.3999999999999986,24.332984197915906,-1944230.8,-1222377.35,37.56,37.8,38.09,38.33000000000001,37.27,37.03,36.74,-0.0309997416688195,-0.05895634721525344,0.2187036377361013,0.2896789234581121,0.6650714247357372,0.6954928203496173,0.4501750772484671,0.4899230223083666,0.3584905660377308,-0.0022688493583181927,-0.0005827174094764762,-0.1119040116429272,0.37738419618528607
91,91,2012-12-24,37.41,37.79,37.28,37.52,1566945,M,-0.0,0.25345855764915665,0.8580630018918654,0.07718233227726494,0.281367821432768,0.0729430382182887,0.0859402874941725,-0.04515694545815069,-121268.3304505992,37.94265075202464,38.66609057979932,2012550.1499999661,-3.615249910569898,38.16400000000002,38.68850000000001,-0.44018939157430736,-0.3154285802242507,-0.12476081135005668,0.5,0.010000000000005116,24.206337056323687,-2622720.2,-745599.4,37.53,37.78,38.03999999999999,38.29,37.27,37.02,36.76000000000001,-0.04065456405011497,-0.053242493060812496,0.2117145470612364,0.2849746784757627,0.7363966322573852,0.7055141835270656,0.4569794632636859,0.4880814293710829,0.4705882352941234,-0.0030761411574704487,-0.0006674128739633527,-0.12851568495160226,0.3760217983651226
92,92,2012-12-26,37.46,37.65,36.3,37.13,5664238,M,0.0,0.26629633615854353,0.9236547105561016,0.06612536198569086,0.2445366347927572,0.07779287704274569,0.022161189652406328,-0.05340305868882099,449888.1385369368,37.67176716801643,38.51978296622329,360969.2199999957,-3.8148051436608528,37.768000000000015,38.56350000000001,-0.5065946963936483,-0.3536618113222497,-0.15293288507139854,0.42857142857142855,-0.39000000000000057,24.28908683586145,-4399139.4,-656183.9,37.02666666666666,37.75333333333333,38.376666666666665,39.10333333333333,36.40333333333333,35.676666666666655,35.05333333333333,-0.042300748001031736,-0.08002973240832499,0.10100298272213644,0.19383293159906906,0.6243556678688933,0.749991403459481,0.5095912471140633,0.5001523706479345,0.6148148148148181,-0.0038812988565869438,-0.0007645398525211131,-0.1498444828191184,0.37465940054495916
93,93,2012-12-27,36.93,37.36,36.38,37.08,4994318,M,0.0,0.2653233087558679,0.9311674266269816,0.036137511982711736,0.2412442743061231,0.07218038580589123,0.02393678406618038,-0.06277114078512748,909835.765590308,37.47451144534429,38.38264952337654,-1508044.1200000166,-4.106298148030242,37.430000000000014,38.3995,-0.5568333329865496,-0.3942961223415041,-0.16253721064504545,0.35714285714285715,-0.05000000000000426,24.39585477361125,-4486619.6,-1186251.3,36.94000000000001,37.50000000000001,37.92000000000001,38.48,36.52000000000001,35.96000000000001,35.540000000000006,-0.02189395937747292,-0.03987571206628688,0.10100298272213644,0.19383293159906906,0.3381567683782252,0.6929226811883301,0.5778227361712797,0.5205476964228746,0.7142857142857122,-0.004389363341654418,-0.0008689194089359702,-0.16832070232230376,0.3732970027247956
94,94,2012-12-28,36.88,38.04,36.66,37.36,6389195,M,0.0,0.25857314729301484,0.9910118443835346,0.022186754066972462,0.5483086150396254,0.07597990628810987,0.16475598490492574,-0.06464422438144167,363703.14508517866,37.43634096356285,38.28524709750082,166740.10999999775,-4.16751561108183,37.32000000000001,38.33650000000001,-0.5675251254359708,-0.4289419275211839,-0.1385831979147869,0.35714285714285715,0.28000000000000114,24.636353809253432,-1863314.6,-178602.45,37.35333333333333,38.04666666666667,38.73333333333333,39.42666666666667,36.66666666666666,35.97333333333333,35.286666666666655,-0.0039989336177019075,-0.034625322997416115,0.4746341190656392,0.3845830113052376,0.20700241544485315,0.7282009193535312,0.5542972830513849,0.5192808099990593,0.5072463768115953,-0.004249863193515761,-0.0009692011348076279,-0.17573962687045205,0.37193460490463215
95,95,2012-12-31,37.2,39.12,37.17,39.02,7896010,M,0.0,0.25622144049633583,1.1188770700134971,0.08521064146657409,0.9360853103837464,0.07718167628623482,0.7254983584842276,-0.04760502325141859,2332446.8062976813,37.9642273090419,38.3552282663185,5629282.4800000135,-4.066467056532584,37.622000000000014,38.352500000000006,-0.4370881123570385,-0.4305711646599335,-0.0065169476971050355,0.35714285714285715,1.6600000000000037,25.03847849370578,1038718.8,-317557.5,38.43666666666667,39.70333333333333,40.38666666666667,41.65333333333333,37.753333333333345,36.48666666666667,35.80333333333334,0.039978678038379525,0.024146981627296636,0.7269576343377272,0.5738478287287375,0.8014486883138628,0.7400275599419553,0.6857708382735739,0.5601823332173389,0.9487179487179516,-0.0021818578656873336,-0.0010266131790561443,-0.13543419929291875,0.3705722070844687
96,96,2013-01-02,39.55,39.55,38.05,38.31,8234926,M,-0.0,0.24664805347449803,1.169693508283879,0.0902652179527918,0.6554151961508435,0.07692231005772883,0.4820398073956298,-0.04340167669545968,-1040753.276558034,38.079484872694614,38.35092055052004,1753444.4500000053,-4.190869457090408,37.780000000000015,38.36300000000001,-0.3865211412391574,-0.4217611592335368,0.03524001799437937,0.42857142857142855,-0.7100000000000009,25.286163467053644,-921655.4,-412738.0,38.636666666666656,39.22333333333333,40.13666666666667,40.72333333333333,37.72333333333333,37.136666666666656,36.22333333333333,0.03178023161863721,0.0010452051215050732,0.7846180639533882,0.6277201085821577,0.8525549835641189,0.7377426451861627,0.5149583366268281,0.5233373315388716,0.17333333333333675,-0.0006772690922989213,-0.0010655500047212756,-0.11869635714915515,0.3692098092643052
97,97,2013-01-03,38.19,38.84,37.3,37.47,12904264,M,-0.0,0.237476533646821,1.219067747266547,0.08451370549487403,0.3818260584678063,0.07977053962784852,0.2209725038042647,-0.04670250712890031,-3813622.689936272,37.876323248463066,38.267018740640104,-7762793.700000023,-4.537696024573329,37.848000000000006,38.32300000000001,-0.40947379350694746,-0.41930368592258543,0.009829892415637977,0.42857142857142855,-0.8400000000000034,25.536788114908706,-2369660.6,-1297944.45,37.87,38.44,39.41000000000001,39.98,36.89999999999999,36.32999999999999,35.359999999999985,0.010517799352750823,-0.03601749421147411,0.5176720677184421,0.4979606203966913,0.7996686813924984,0.7642615975395098,0.3801020945477558,0.4840068139686248,0.11038961038961104,-0.0005259180725637094,-0.001107422992056449,-0.12284332854284805,0.3678474114441417
98,98,2013-01-04,37.53,38.33,37.5,37.94,8317822,M,0.0,0.2304271907726869,1.1711920139432055,0.07113400168082974,0.4704198321786538,0.07915988527542216,0.3889425510247777,-0.04272442710014382,-1242448.5796249092,37.897548832308715,38.23587254878296,-30671.52000000037,-4.697967459712035,38.020000000000024,38.27650000000001,-0.3853140385044398,-0.41250575607241263,0.02719171756797284,0.5,0.4699999999999989,25.65405741466414,292767.4,-1300475.05,37.92333333333333,38.34666666666666,38.75333333333333,39.176666666666655,37.516666666666666,37.09333333333333,36.68666666666667,0.015524625267665909,-0.025179856115108014,0.5176720677184421,0.4979606203966913,0.676128685976287,0.7574908371861742,0.4301082236744069,0.488398810423257,0.5301204819277092,-0.0003380495549191793,-0.0011391452903140088,-0.11411918328030635,0.36648501362397823
99,99,2013-01-07,37.93,38.07,37.36,37.65,4605506,M,-0.0,0.2274863194156161,1.1096997079175457,0.06460807650378,0.3260266092533996,0.07891877131763743,0.31331176688338697,-0.041182068289095534,-505397.79671237967,37.815032554872474,38.18007265092781,-1493776.4399999976,-4.503193294184361,38.078000000000024,38.21300000000001,-0.3851183509198677,-0.4070282748056275,0.0219099238857598,0.5,-0.28999999999999915,25.56253662371505,-1906172.8,-1825595.15,37.693333333333335,38.02666666666667,38.403333333333336,38.73666666666667,37.31666666666667,36.98333333333333,36.60666666666667,-0.03511019989748858,-0.04465871606191317,0.4603671047191069,0.4724958821058216,0.615036584277734,0.75393075209022,0.4228890505247214,0.4807843622487812,0.4084507042253504,-0.0004587245275310091,-0.0011679908788602908,-0.11311768074360574,0.3651226158038147
100,100,2013-01-08,37.61,37.85,37.05,37.05,5174367,M,-0.0,0.2294846538088977,1.0684063917041973,0.050525867918707126,0.16701974594647362,0.07783740354691274,0.14758046650603776,-0.04550084638999997,-1536010.7376084882,37.56002170324832,38.072442299878624,2797674.9500000016,-4.777999577985674,37.684000000000026,38.09500000000001,-0.42842047970019337,-0.4113067159321842,-0.01711376376800916,0.42857142857142855,-0.6000000000000014,25.472038136321288,-4520248.2,-2310654.45,37.31666666666667,37.58333333333334,38.11666666666667,38.38333333333335,36.783333333333346,36.516666666666666,35.98333333333333,-0.032889584964761284,-0.058449809402795525,0.3427487545086513,0.4167283314692588,0.4760042016621401,0.7413039720299103,0.2819260336831476,0.434993510089576,0.0,-0.0012091053563078474,-0.0012062728569538893,-0.1241394435904763,0.3637602179836512
101,101,2013-01-09,36.68,37.22,36.61,36.69,6006056,M,-0.0,0.23396813958856785,1.0072855114805117,0.05293022310196308,0.16118376623622116,0.07827907034286738,0.0719521034784301,-0.051004558843406766,-1581365.5256375002,37.27001446883221,37.9407762758788,-1344528.0000000012,-4.937587586261216,37.36000000000002,37.961999999999996,-0.4861714702349715,-0.4262796672060997,-0.059891803028871815,0.35714285714285715,-0.35999999999999943,25.361388798957982,-4074474.2,-2366104.1,36.84,37.06999999999999,37.45,37.67999999999999,36.46,36.23,35.84999999999999,-0.020816653322658158,-0.055841482243952696,0.22733525511881136,0.3478586599224783,0.4943682837723354,0.742907517088983,0.23166653611663304,0.4060547322005687,0.13114754098360387,-0.0022610499241697626,-0.0012575871746661155,-0.13972527615883887,0.36239782016348776
102,102,2013-01-10,36.82,37.26,36.35,37.25,5433330,M,0.0,0.2358463293704745,0.9943141048004228,0.05272962018857731,0.4664575942590323,0.07682379451326225,0.2830046471341108,-0.04430877831833335,1644399.4898755047,37.26334297922147,37.874985865332974,51792.60000000073,-4.754071472204998,37.316000000000024,37.8815,-0.4812196644308742,-0.437267666893731,-0.043951997537143184,0.35714285714285715,0.5600000000000023,25.35591613219892,-406955.4,-1850149.0,36.95333333333333,37.556666666666665,37.863333333333344,38.466666666666654,36.64666666666667,36.043333333333344,35.73666666666667,-0.018186610437532887,-0.04143077714873905,0.17780474706357022,0.31186596951658313,0.491914626739238,0.7275501429635359,0.4841146870814191,0.4615762270825863,0.9890109890109912,-0.0025019404797103533,-0.0013038788357283984,-0.13791611918820446,0.36103542234332425
103,103,2013-01-11,37.38,37.38,36.75,36.89,5890819,M,-0.0,0.2376468141536817,0.945738874114874,0.03959037630533276,0.35296525212775964,0.07637636560120023,0.1905460488816652,-0.04018954252390727,82441.87858360983,37.13889531948098,37.78117485745274,-23047.400000000333,-4.909384468211701,37.106000000000016,37.783,-0.5005648353507439,-0.4499271008088063,-0.0506377345419376,0.42857142857142855,-0.35999999999999943,25.267790906250802,-3248683.6,-2144689.95,37.00666666666667,37.263333333333335,37.63666666666667,37.893333333333345,36.63333333333333,36.376666666666665,36.00333333333333,-0.020185922974767543,-0.034798534798534765,0.2792694229981456,0.3486279720835545,0.3672601257964195,0.7214320553775371,0.39681719879502014,0.4387799198193045,0.2222222222222222,-0.0027015750551502467,-0.0013521975332228544,-0.14331926917585264,0.35967302452316074
104,104,2013-01-14,36.87,37.19,36.75,37.08,3076548,M,0.0,0.2320918100212801,0.8783070041264592,0.022892230230593724,0.6039170368985913,0.07740776902757858,0.2787887515610047,-0.036377212132460465,966721.7096982773,37.119263546320646,37.71439447674963,400652.94000000396,-5.0815757511980255,36.99200000000001,37.726000000000006,-0.4948642019573555,-0.4589145211655513,-0.03594968079180422,0.42857142857142855,0.18999999999999773,25.181591418203897,-1712272.8,-1755305.3,37.00666666666667,37.263333333333335,37.44666666666666,37.70333333333333,36.823333333333345,36.56666666666667,36.38333333333335,0.0008097165991903143,-0.02600472813238776,0.2792694229981456,0.34862797208355445,0.21170734517253084,0.7300713735836075,0.5145447991966802,0.4684207365371506,0.75,-0.0025521272162668017,-0.001395497733447432,-0.14281051097062095,0.3583106267029973
105,105,2013-01-15,36.95,38.04,36.89,37.91,5792078,M,0.0,0.2339992623894456,0.9145327462709628,0.05021654213758221,0.8997326031080006,0.07709566137523577,0.5660271625156168,-0.031115842345967436,2177408.52986814,37.38284236421377,37.73302403428803,-100715.81999999961,-4.991138961083619,37.16400000000001,37.718,-0.4185649758556664,-0.4508446120123212,0.0322796361566548,0.5,0.8299999999999983,25.213287200488892,481016.2,-1236186.0,37.613333333333344,38.33666666666667,38.763333333333335,39.48666666666667,37.18666666666668,36.463333333333345,36.036666666666676,0.03325156718451892,-0.02066649444587973,0.7343713111164756,0.5738556889486762,0.4665618930002765,0.7269735389377859,0.6386820400441628,0.5082822719515571,0.8869565217391281,-0.0014231040257712954,-0.0014143898497571735,-0.1214421115887184,0.3569482288828338
106,106,2013-01-16,37.72,38.66,37.67,38.43,5061168,M,0.0,0.2380165178858853,0.9245950490217386,0.06834638689812084,0.8580609014845019,0.07525425663189601,0.7558692663246339,-0.018269305761340282,1910590.830071988,37.73189490947584,37.79940418092078,2679237.0000000033,-4.58042312570772,37.512000000000015,37.70399999999999,-0.312545146443604,-0.4231847186483593,0.11063957220475527,0.5714285714285714,0.5200000000000031,25.288703140440912,2694461.0,-1231097.2,38.25333333333333,38.83666666666666,39.24333333333333,39.826666666666654,37.84666666666666,37.263333333333335,36.85666666666667,0.03167785234899328,-0.017386857581181275,0.8385056293010141,0.6717089326839556,0.6409524163305774,0.7093466230122517,0.6816802825883651,0.5329870616560043,0.7676767676767696,0.00027490147510639723,-0.0014018981418560837,-0.09174695168998534,0.3555858310626703
107,107,2013-01-17,38.61,38.88,38.05,38.07,4471253,M,-0.0,0.23600789903093766,0.9119823733707176,0.07025427523280366,0.6488533715039473,0.06746889871666857,0.6645449698639379,-0.00858086958953869,-588479.0206124005,37.844596606317225,37.825175732318776,-211332.0000000049,-4.266116005696734,37.67600000000001,37.652,-0.2546309228713852,-0.3894739592489995,0.1348430363776143,0.6428571428571429,-0.35999999999999943,25.30488965325448,713544.4,-1615552.75,38.333333333333336,38.61666666666667,39.16333333333334,39.44666666666668,37.78666666666667,37.50333333333333,36.956666666666656,0.031986988343724584,-0.01805519731751361,0.8648300122830466,0.7005447412821114,0.6617250184177778,0.6350847436200012,0.4624856502396342,0.4845203031523003,0.024096385542172284,0.0013341522508311164,-0.0013732087185172222,-0.07549181938959977,0.3542234332425068
108,108,2013-01-18,38.17,38.42,37.74,38.42,3245564,M,0.0,0.2340815787690769,0.8810513850514046,0.05813909529480026,0.6983480849204484,0.06449943725825698,0.8235967217917479,-0.007516197804158217,829460.7007881147,38.036397737544824,37.881826698781545,18156.039999996392,-3.956406183437277,37.982000000000006,37.6345,-0.17844044809042006,-0.3472672567729235,0.1688268086825035,0.5714285714285714,0.3500000000000014,25.254441805629554,2540821.0,-1225428.7,38.193333333333335,38.64666666666667,38.87333333333334,39.32666666666667,37.96666666666667,37.513333333333335,37.28666666666667,0.03613807982740031,0.013452914798206414,0.6543987274483247,0.6111502527097167,0.5520597793717761,0.606851017873968,0.6416571001597561,0.5336145056000298,1.0,0.0022230265169787848,-0.001324211441184433,-0.054209042174431406,0.3528610354223433
109,109,2013-01-22,38.36,38.38,37.8,38.18,4133640,M,0.0,0.2339714050001278,0.8462445286366969,0.02356944430005636,0.4755664125156313,0.06547312352596216,0.7158274413466552,-0.004207133581741384,709622.7300621476,38.084265158363216,37.910224625999845,-37137.42999999981,-3.669063702806436,38.20200000000003,37.648,-0.13585518966660715,-0.3049848431558215,0.16912965348921433,0.5,-0.24000000000000196,25.13187193719096,1098783.4,-1095744.2,38.12000000000001,38.44000000000001,38.7,39.020000000000024,37.86000000000001,37.54,37.28,0.007122131363756348,0.017861903492402072,0.6543987274483247,0.6111502527097167,0.2250999777876884,0.6162330386263558,0.6461622047042046,0.5451916408283267,0.6551724137931018,0.002508174764578288,-0.0012655663132143365,-0.042222017551254494,0.3514986376021798
110,110,2013-01-23,38.15,38.5,38.01,38.23,4760096,M,-0.0,0.2407367771605009,0.7987452521501724,0.016338367394509515,0.44241879144019697,0.06672887110479479,0.7171310186936477,0.006036299077620856,33357.62467697082,38.13284343890881,37.94067987952929,-287761.0800000073,-3.2121321608373665,38.26600000000003,37.684,-0.09695461500656677,-0.2633787973718057,0.16642418236523893,0.5,0.049999999999997165,25.02394310466507,892387.0,-527031.55,38.246666666666655,38.48333333333333,38.73666666666667,38.97333333333333,37.99333333333333,37.75666666666665,37.50333333333332,-0.005204267499349539,0.018923240938166143,0.7082573352740379,0.6362461837121782,0.15630099167957534,0.6286526946782717,0.5804346670817132,0.5360284513432402,0.4489795918367305,0.002495822090579033,-0.0011990163257373954,-0.03129710884945739,0.35013623978201636
111,111,2013-01-24,38.31,39.06,38.31,39.0,5291237,M,0.0,0.25029035291822865,0.8029125523198242,0.038455976503379986,0.9200711689697296,0.07333274902572323,0.9485539113174144,0.02146584208243108,1322423.1215102659,38.421895625939214,38.04156887679094,949229.5400000005,-2.456303548584356,38.380000000000024,37.758,-0.003957893588236061,-0.21149461646129267,0.2075367228730566,0.5714285714285714,0.7700000000000031,24.907238659491142,938400.8,-340816.95,38.79,39.27,39.53999999999999,40.02,38.52,38.04,37.77,0.024428684003152082,0.05036358739563688,0.8554410218376185,0.7317334504500309,0.3689850945499312,0.6922244844283144,0.6936231113878079,0.572597665665126,0.9199999999999968,0.003060895347832705,-0.0011099823678398164,-0.0042230011343120715,0.34877384196185285
112,112,2013-01-25,39.13,39.38,38.62,38.74,5191878,M,-0.0,0.2609714619966828,0.7971908781341693,0.03628804952285362,0.6617060197651857,0.07492545633083643,0.8179819166025988,0.03009948230477752,-814944.7594031277,38.527930417292794,38.10808694191807,220208.82000000228,-1.687638770085423,38.51400000000002,37.8385,0.04821022218771986,-0.15955364860831622,0.2077638707960361,0.5714285714285714,-0.259999999999998,24.815168338749885,794275.8,-317198.95,38.91333333333333,39.20666666666667,39.673333333333346,39.96666666666668,38.446666666666665,38.15333333333333,37.68666666666665,0.008328995314940142,0.0447680690399138,0.8970083243636503,0.7721294787656298,0.34939948483079625,0.7087667198435885,0.515046986539242,0.5331016645403298,0.1578947368421102,0.003276703944013912,-0.0010113374053675342,0.01158681175581176,0.34741144414168934
113,113,2013-01-28,39.13,39.55,38.68,39.39,4873475,M,0.0,0.2747270858311877,0.8068987618480915,0.05316326163756796,0.8314148960168067,0.08058911981926388,0.9694836519401588,0.0484317469760832,495349.2832983764,38.81528694486187,38.23017525372567,-162927.18000000025,-0.8188073039852573,38.70800000000001,37.95399999999999,0.1403775830891263,-0.09956740215502558,0.23994498524415184,0.6428571428571429,0.6499999999999986,24.776847470774488,1119858.0,176190.7,39.206666666666656,39.73333333333333,40.076666666666654,40.60333333333333,38.86333333333333,38.336666666666666,37.99333333333333,0.03169198533263491,0.054336188436830864,0.9151537239692472,0.7918118641546401,0.5144608828667453,0.7646698634050851,0.6153953090338252,0.560053419562296,0.8160919540229918,0.003843133275278226,-0.0008925684386151668,0.03925640525962612,0.3460490463215259
114,114,2013-01-29,39.23,40.0,39.0,39.95,4039436,M,0.0,0.2879243505335764,0.8326455954370109,0.06667654368641092,0.840945851819813,0.0914554995443835,1.03589698459081,0.06985375012226021,1162797.797772564,39.193524629907905,38.39396973010866,-1394454.820000001,0.2518046514430945,39.06200000000001,38.0835,0.2556549934188439,-0.02852292293242677,0.28417791635127065,0.7142857142857143,0.5600000000000023,24.733022064429477,2754473.2,58702.75,39.65,40.3,40.65000000000001,41.3,39.3,38.65,38.3,0.044990844886215166,0.023833931317273186,0.9486686715666603,0.8360996305389007,0.6511297873696461,0.8707363792246323,0.7269302060225509,0.5971915617471297,0.9500000000000028,0.004760359606079508,-0.000748485124235179,0.07383626766077192,0.34468664850136244
115,115,2013-01-30,39.95,39.95,39.42,39.54,5348905,M,-0.0,0.2901831267985993,0.7922928468857794,0.047951660085241626,0.614549293957098,0.09521752041817057,0.8942191739599467,0.07614817390535847,-757853.1631720429,39.30901641993861,38.503116460908025,71314.49999999933,0.9269164683124648,39.32400000000001,38.1095,0.3103558793985215,0.03925283761605404,0.2711030417824675,0.7142857142857143,-0.4100000000000037,24.71023344156508,732673.0,-603543.0,39.636666666666656,39.85333333333333,40.16666666666667,40.38333333333333,39.32333333333332,39.106666666666655,38.79333333333332,0.013846153846153824,0.03210649960845724,0.9486686715666606,0.8360996305389008,0.4714127702980106,0.9071730235940676,0.560091835461573,0.5618791966743446,0.2264150943396173,0.004958447350383022,-0.0005978112382198943,0.09101285459688138,0.3433242506811989
116,116,2013-01-31,39.68,39.68,39.06,39.51,4725576,M,0.0,0.2956743733258765,0.7693204660710203,0.04441288891576329,0.5479719690630859,0.10053231551104004,0.8493370606976817,0.08032577895643835,135605.05189863464,39.37601094662574,38.59901091890068,-301901.6000000033,1.5488557269410483,39.42600000000001,38.16949999999999,0.34728286087906923,0.10085884232849712,0.2464240185505721,0.6428571428571429,-0.030000000000001137,24.72440909658325,-1270689.6,-428075.5,39.41666666666666,39.77333333333333,40.036666666666655,40.39333333333333,39.15333333333333,38.79666666666667,38.53333333333333,0.01987609705730501,0.05444355484387508,0.585824914448283,0.6755298939740251,0.43775563959822095,0.9593170542246604,0.6153300408453485,0.5774914444192374,0.7258064516128994,0.004676611979273456,-0.00044623201576479276,0.10403530350980487,0.3419618528610354
117,117,2013-02-01,39.96,39.96,39.4,39.51,4277377,M,-0.0,0.28458558267010664,0.741411069299802,0.021698747401310142,0.41849437425433,0.10336883747001263,0.8130623887734817,0.08451364454625983,-1016570.2251316095,39.420673964417155,38.68577242849336,32145.840000001223,2.2150498478810285,39.58000000000001,38.27149999999999,0.372256509189036,0.15513837574278372,0.21711813344625225,0.6428571428571429,0.0,24.585623641001916,-232314.0,217137.7,39.623333333333335,39.84666666666667,40.183333333333344,40.40666666666667,39.28666666666667,39.06333333333333,38.72666666666667,0.003046458492002981,0.04138112809699526,0.7076015020097086,0.7242137024761786,0.21470910553596384,0.9890201158083968,0.4756962177064222,0.5411994725434651,0.1964285714285696,0.0041520312993786855,-0.00029746245264064314,0.11469117036989822,0.34059945504087197
118,118,2013-02-04,39.24,39.41,38.63,38.72,3550713,M,-0.0,0.28452269697839006,0.7598895941362939,0.045296132479327546,0.09367595050504604,0.10343249190603147,0.6033425320248561,0.07445204138639949,-1438243.3450870572,39.1871159762781,38.689032219124826,928141.7699999991,2.4636248474486946,39.44600000000001,38.31049999999999,0.3245666472577611,0.18902403006684435,0.13554261719091673,0.6428571428571429,-0.7899999999999991,24.47302646765046,-1917151.6,-376289.05,38.92,39.209999999999994,39.699999999999974,39.989999999999974,38.42999999999999,38.14,37.65,-0.030788485607008857,0.028419654714475436,0.3318980198545601,0.4868227801003346,0.44668781044488864,0.9906376202915044,0.35559235026581865,0.5006454039664365,0.11538461538461152,0.002785010063009083,-0.0001721111224430608,0.10188500515333472,0.33923705722070846
119,119,2013-02-05,39.45,40.27,39.15,39.85,7065988,M,0.0,0.2821637116698042,0.8652376519232443,0.042603019164803586,0.7524310428750862,0.10771372458942254,0.845422087020396,0.07558630247106354,-48873.73344220421,39.408077317518746,38.799601251797945,948127.7400000095,3.0619643610142253,39.426,38.42049999999999,0.37363830551214505,0.2259468851742671,0.14769142033787794,0.6428571428571429,1.1300000000000026,24.382987766654306,-1311841.2,207285.65,39.75666666666667,40.363333333333344,40.87666666666667,41.48333333333334,39.24333333333333,38.636666666666656,38.12333333333333,0.00784016186140623,0.0755735492577599,0.6349604709544352,0.6418033574126973,0.41991665839788667,1.0346037888969768,0.4453949001772125,0.5124887708697993,0.625,0.0025005207924868795,-4.174845270399596e-05,0.11629556259062412,0.33787465940054495
120,120,2013-02-06,39.67,39.91,39.02,39.48,7777162,M,0.0,0.29010747760786104,0.8685392984332093,0.04228845919895364,0.539597845935762,0.10456302324061537,0.7327504127188542,0.07452222420016996,45292.43330501004,39.43205154501249,38.864401489217116,3212101.239999992,3.323531333364025,39.414,38.542,0.3783134804880959,0.25642020424915696,0.12189327623893892,0.5714285714285714,-0.37000000000000455,24.17479426689805,-1797492.6,77145.9,39.47,39.92,40.35999999999999,40.80999999999999,39.03,38.58000000000001,38.14000000000001,-0.0007593014426727697,0.07604251839738346,0.5793445381001426,0.6089494724988981,0.4166893327168897,1.0075170104349491,0.4692145776462304,0.5129045028449359,0.5168539325842665,0.002162641051961981,8.068141934756242e-05,0.11759658000111288,0.3365122615803815
121,121,2013-02-07,40.51,41.15,39.58,40.27,7051759,M,-0.0,0.29773149907287033,0.975400728106322,0.057689934953085026,0.808425631912135,0.1011104265416694,0.8956479414929657,0.07564838466024121,-275249.9832552023,39.71136769667499,38.99826868064469,-5976.180000000025,3.807369143342784,39.566,38.72099999999999,0.4406800934173418,0.29327218209452344,0.1474079113228184,0.5714285714285714,0.7900000000000063,24.11848036946093,557974.4,730036.65,40.333333333333336,41.08666666666667,41.903333333333336,42.65666666666667,39.51666666666667,38.763333333333335,37.94666666666667,0.019235636547709573,0.08107382550335579,0.8061190026904269,0.7520367596625304,0.5706399915884405,0.978774206529995,0.4593065337174455,0.5059126530780922,0.4394904458598756,0.0025639258102919628,0.00021179166422947927,0.13516581487217402,0.335149863760218
122,122,2013-02-08,40.39,40.39,39.67,39.92,4123007,M,-0.0,0.3013219722365271,0.9413472969195212,0.059495588445496725,0.615308906868542,0.09772030282372113,0.7806256248195323,0.07571832784117745,-510670.5533318497,39.780911797783325,39.08605301131244,-1607828.2000000174,4.1525712924557965,39.648,38.85449999999999,0.4566025037749029,0.32593824643891706,0.1306642573359858,0.5714285714285714,-0.3500000000000014,23.990007859897467,-266627.0,252219.8,39.99333333333333,40.316666666666656,40.71333333333333,41.036666666666655,39.59666666666666,39.27333333333333,38.876666666666665,0.030991735537190163,0.08213608023854706,0.8061190026904268,0.7520367596625304,0.5897202726717636,0.9492183765160676,0.4219450965523713,0.4907992106209093,0.3472222222222228,0.002650066121702025,0.0003378722723930289,0.13943112587365702,0.3337874659400545
123,123,2013-02-11,39.63,40.37,39.48,40.24,3761048,M,0.0,0.3052263695354087,0.9345009905289632,0.03237613634551625,0.7226532006020164,0.08991359646096521,0.8471461829436628,0.07543419397522971,687393.7181084666,39.93394119852221,39.19595317249426,98721.33000000373,4.535591504904022,39.95200000000001,39.02199999999999,0.4893991782276856,0.35863043280333023,0.1307687454243554,0.6428571428571429,0.3200000000000003,23.955782129801324,1195725.2,734813.15,40.03,40.58000000000001,40.92000000000001,41.47000000000001,39.69000000000001,39.14,38.8,0.009786700125470529,0.08522114347357078,0.6937918391779231,0.6974235114095496,0.3233728498190164,0.8771520902749459,0.5659409257914702,0.525383482416518,0.8539325842696681,0.002822577802184443,0.0004638603909753574,0.14925875679791284,0.33242506811989103
124,124,2013-02-12,40.37,40.42,40.02,40.11,2498105,M,-0.0,0.3041202687919818,0.863234190577264,0.03237422387402592,0.5818470594633502,0.07968788614884198,0.8000012741915873,0.06762189410917117,-169247.98088750007,39.992627465681466,39.283005572351634,-308731.3799999963,5.061203341071092,40.00400000000001,39.17349999999999,0.499147571992097,0.3867338606456634,0.11241371134643363,0.6428571428571429,-0.13000000000000256,23.905160121557646,-717093.4,456080.5,40.18333333333333,40.34666666666666,40.58333333333332,40.746666666666655,39.94666666666666,39.78333333333333,39.54666666666665,0.015957446808510703,0.05803218148245853,0.7087440325366311,0.7041063602682083,0.32377461296413323,0.7804133520129152,0.452293950527644,0.49677542620431103,0.2249999999999916,0.0027466989254894985,0.0005831669535713251,0.1535287588467922,0.3310626702997275
125,125,2013-02-13,40.29,40.49,39.8,39.96,2696600,M,-0.0,0.2943963801418824,0.8401362981591534,0.015819203518381973,0.279301668608524,0.07528973521886695,0.7313092926690595,0.06298412294592201,-527229.5885705168,39.981751643787646,39.347481447267,298045.4400000012,5.180040267559583,40.10000000000001,39.276,0.4891317233806944,0.4072134331953395,0.0819182901853549,0.5714285714285714,-0.14999999999999858,23.887157463586345,299019.0,31646.6,40.083333333333336,40.36666666666667,40.77333333333335,41.05666666666668,39.67666666666667,39.39333333333333,38.986666666666665,-0.007698038241867451,0.03981264637002345,0.5448550275843099,0.6315706686266958,0.1585875152717793,0.7392699101140545,0.3788239863421021,0.4715475926699961,0.2318840579710182,0.0023741730221399225,0.0006905325459624085,0.152820617311221,0.329700272479564
126,126,2013-02-14,39.73,39.83,39.35,39.54,3923842,M,-0.0,0.2893677819884897,0.8094514580118282,0.02642736098818429,0.10790953707912634,0.07257655233773806,0.5730414213928704,0.05236289596500774,-425757.97882034775,39.83450109585843,39.36581660288033,-812670.0900000004,5.115165242478207,39.954,39.33149999999999,0.4422078523083499,0.4142123170186716,0.027995535289678297,0.5,-0.4200000000000017,23.87811426954422,-1896101.2,-417603.9,39.57333333333333,39.79666666666665,40.053333333333335,40.27666666666666,39.316666666666656,39.09333333333333,38.836666666666666,-0.009519038076152368,0.03861308116627263,0.32779477666419177,0.5056483797554772,0.2639696952304788,0.7136361670679359,0.3844937686725118,0.4643366890590029,0.3958333333333312,0.0015310415793821427,0.0007762221464398303,0.14050275693379782,0.32833787465940056
127,127,2013-02-15,39.53,39.79,38.73,39.12,8499646,M,-0.0,0.2811174319449706,0.8428579306475121,0.04620315045588179,0.13341835891107234,0.06620955205785255,0.3987573615947831,0.03727020783953635,-799816.912332584,39.596334063905616,39.342405433897966,-4874558.64000002,5.153860089409134,39.794,39.38399999999999,0.36690207911140493,0.4047502694364288,-0.03784819032502379,0.42857142857142855,-0.4200000000000017,23.946956598574943,-2771429.0,-619023.55,39.21333333333333,39.696666666666665,40.27333333333333,40.75666666666667,38.636666666666656,38.15333333333333,37.576666666666654,-0.027833001988071683,0.018219677251431438,0.1853587887162897,0.381723308118158,0.45965204231034,0.6518992495616159,0.3789706885489701,0.4551545534302806,0.36792452830188654,0.00032102478551700067,0.0008335454417606744,0.1188238113163722,0.32697547683923706
128,128,2013-02-19,39.35,40.47,39.03,40.43,5813356,M,0.0,0.27319706010663164,0.922476873993328,0.051290856003555284,0.7927043141811935,0.06588878550417827,0.8634321872917137,0.04261600185751725,1581190.9255478228,39.874222709270406,39.44598612474382,1681667.4600000014,5.118458090276404,39.83200000000001,39.48449999999999,0.4082173030385903,0.4054436761569074,0.0027736268816828673,0.42857142857142855,1.3100000000000025,24.18087531163092,-2360967.4,-490633.95,39.97666666666667,40.92333333333333,41.41666666666666,42.36333333333333,39.48333333333333,38.53666666666667,38.043333333333344,0.007978060334081284,0.05893137768465165,0.5113747521672867,0.5307809079507394,0.5107543440834036,0.6503964378099316,0.5767211997733876,0.504399215013569,0.9722222222222228,0.0005257085228228617,0.0008970577394569857,0.12962925604283956,0.32561307901907355
129,129,2013-02-20,40.33,40.41,39.45,39.51,4458083,M,-0.0,0.2644858333321285,0.9301466241914584,0.05030919810655855,0.3988927694733195,0.05799473743205433,0.4821253395098341,0.03331636606807187,-576618.7167005865,39.75281513951361,39.45208269792359,-1576209.5700000024,4.922615302861354,39.711999999999996,39.551,0.3625474472944177,0.3968644303839513,-0.034316983089533626,0.42857142857142855,-0.9200000000000016,24.451452863570143,-2752963.0,-506856.1,39.79,40.13,40.74999999999999,41.08999999999999,39.17,38.83000000000001,38.21000000000001,-0.011261261261261332,0.033481558985090275,0.5113747521672867,0.5307809079507394,0.4994697188019134,0.5734374650437951,0.4053141331822569,0.4623134813873646,0.06249999999999537,0.00021872440719928856,0.0009420678491371248,0.11330808490762405,0.3242506811989101
130,130,2013-02-21,39.53,39.76,39.11,39.33,3749377,M,-0.0,0.25943239354443354,0.8927937406961884,0.05059662182354107,0.3721864717261602,0.04910182151905079,0.3580777474359326,0.02573971755470077,-551193.7741628389,39.61187675967574,39.4404557507906,2270376.9000000027,4.739874410174241,39.586,39.606,0.3082762017994085,0.3791467846662859,-0.07087058286687736,0.42857142857142855,-0.17999999999999972,24.558518551763353,-2963518.4,-932329.75,39.4,39.69,40.05,40.34,39.04,38.75,38.39,-0.0053110773899848465,0.008461538461538418,0.3673162947820877,0.4542951328917589,0.5007294678766742,0.4861816857708813,0.3830299349420169,0.4505180343894794,0.3384615384615374,-0.00033569685964417504,0.0009673781361829836,0.0961046464295661,0.3228882833787466
131,131,2013-02-22,39.32,39.67,38.88,39.08,3569927,M,-0.0,0.25927876642164355,0.879087908517584,0.055808610438155784,0.3121686802385565,0.0485975703133108,0.22466813888709056,0.01737740286530031,-666012.4493325314,39.43458450645049,39.4061265688341,381907.07999999967,4.561511875397999,39.494,39.61,0.2423005727804508,0.35177754228818353,-0.10947696950773272,0.35714285714285715,-0.25,24.608522534655012,-2892735.4,-1375387.95,39.21,39.54,39.99999999999999,40.33,38.75,38.42,37.96,-0.0010224948875255406,0.008776458440887877,0.28995734755181385,0.4073653010059541,0.5510263151611312,0.4812374400275602,0.3397414756153514,0.4317224307085939,0.25316455696202017,-0.0010405010716144226,0.0009710408069298608,0.07626937850712368,0.3215258855585831
132,132,2013-02-25,39.17,39.34,38.52,38.52,5917525,M,-0.0,0.2536887873873476,0.8712095206725063,0.07095527811430725,0.19432239139614785,0.050924488491959116,-0.035069936670979664,0.0017732755949377954,-1974532.2220871444,39.129723004300324,39.32173342252264,-1756199.8799999894,4.220568023100439,39.374,39.599000000000004,0.14317813551024014,0.31005766093145426,-0.1668795254212141,0.35714285714285715,-0.5599999999999952,24.652952162115692,-2376311.2,-1411670.3,38.793333333333344,39.06666666666669,39.61333333333335,39.88666666666669,38.24666666666669,37.97333333333334,37.42666666666669,-0.04724214692060343,-0.022086824067022018,0.1983968954549731,0.3420107287843938,0.6984482801181835,0.5041397049482722,0.2264943170769009,0.3906059406470639,0.0,-0.0020923525570316352,0.0009452661528579461,0.04667477053502342,0.3201634877384196
133,133,2013-02-26,40.15,40.3,38.83,39.59,10565115,M,0.0,0.2544797910656641,0.992381585152455,0.04393366709930625,0.7229365283669297,0.05067068256292415,0.4905332050938137,-0.0009794764477851527,-333142.9011431355,39.283148669533546,39.347282658657896,3567545.880000036,4.001868047213112,39.205999999999996,39.609,0.14923996309653376,0.2778941213637667,-0.12865415826723292,0.35714285714285715,1.0700000000000005,24.837870411628536,-1425959.4,-1127088.3,39.57333333333333,40.316666666666656,41.043333333333344,41.786666666666655,38.84666666666666,38.10333333333333,37.376666666666665,0.0020248038471274467,-0.009011264080100109,0.6321035910004006,0.5629735021681784,0.4306158380738502,0.5017537664087156,0.3233318122916314,0.4026441360242032,0.5170068027210923,-0.0019015834446899165,0.0009214852021929704,0.04706571018795897,0.3188010899182561
134,134,2013-02-27,39.75,40.9,39.62,40.58,6176193,M,0.0,0.2605597225089093,1.034730707304662,0.07708148875857612,0.8817607500174214,0.05473355555619243,0.9330160552822202,0.0027287582441802736,1236855.3542810252,39.715432446355706,39.4646844693641,532856.0799999988,3.9916634587290227,39.42,39.6405,0.23126061240835585,0.2685674195725213,-0.037306807164165456,0.42857142857142855,0.9899999999999948,25.085454281979604,700895.8,-1020250.45,40.36666666666667,41.113333333333344,41.64666666666667,42.393333333333345,39.833333333333336,39.086666666666666,38.553333333333335,0.03178235443681668,0.026302478502781973,0.7503109078667424,0.6498312189301324,0.7596380717157677,0.5424163772563114,0.4655545415277542,0.4357256917243751,0.75,-0.00039227647155079336,0.0009210497321994722,0.06839440718312258,0.3174386920980926
135,135,2013-02-28,40.48,41.57,40.27,41.1,6187373,M,0.0,0.2663976498395161,1.0700999464555918,0.10662032786548822,0.8126829790461001,0.06364540196847795,1.046501070333741,0.01279401070270343,1329290.9304116336,40.17695496423713,39.62042899663496,-6610390.4199999925,4.146595486306762,39.774,39.7185,0.334366707679969,0.28172727719419505,0.05263943048577397,0.42857142857142855,0.5200000000000031,25.383335947416917,2688245.8,-443436.55,40.98,41.68999999999999,42.28,42.98999999999999,40.38999999999999,39.68,39.09,0.051688843398157706,0.040242976461655366,0.8337963761595023,0.722591533756066,1.0601792301304822,0.6319749745212478,0.523190207172349,0.4550338912855078,0.6384615384615385,0.0016208330958847705,0.000948617177993892,0.09512398391034148,0.31607629427792916
136,136,2013-03-01,40.74,41.05,40.36,40.68,6094561,M,-0.0,0.27716648491886325,1.0260866201268275,0.10371683488624954,0.640918812562823,0.0668678215564437,0.839499039677075,0.01769800086817468,560559.5556042478,40.34463664282475,39.721340632745154,-8163.200000000116,4.1287405115619125,40.09400000000001,39.777,0.3778338952406983,0.3009486008037109,0.07688529443698737,0.42857142857142855,-0.4200000000000017,25.552719772889922,2183319.0,-511885.8,40.696666666666665,41.03333333333333,41.38666666666667,41.72333333333333,40.34333333333333,40.00666666666667,39.653333333333336,0.056074766355140096,0.029612756264236945,0.8337963761595024,0.7225915337560659,1.0396056944823224,0.6649503345126654,0.5033828434289096,0.4558657231282485,0.4637681159420309,0.002802205959110397,0.0009859375001388057,0.10566154448084354,0.3147138964577657
137,137,2013-03-04,40.71,41.82,40.71,41.54,5735468,M,0.0,0.289445377666438,1.0412750708168652,0.07142549044913987,0.7896581768669285,0.07712055044572055,1.0402458141824051,0.03220980031291412,1239879.2106465132,40.7430910952165,39.894546460668295,-198838.19999999893,4.193545325925293,40.698,39.8785,0.4761859924506737,0.3359960791334175,0.14018991331725622,0.42857142857142855,0.8599999999999994,25.70105218951456,4513917.6,-225112.4,41.356666666666655,42.00333333333332,42.466666666666654,43.11333333333332,40.89333333333333,40.246666666666655,39.78333333333333,0.04925486233897438,0.0728305785123967,0.9051973174806759,0.7919742740147009,0.7267186525747736,0.7688629677374167,0.5848378115351885,0.4836640390967926,0.7477477477477465,0.0041234507148912,0.0010477162958407442,0.13002741536823206,0.31335149863760214
138,138,2013-03-05,41.74,42.18,41.63,41.72,5802638,M,-0.0,0.2910255507969776,0.9877717279183068,0.04916353412043945,0.7947866519864983,0.0821186258571637,1.014589609450859,0.040162753673686095,-741226.3025511936,41.068727396811,40.06839933662473,-303599.9199999997,4.504721344493003,41.123999999999995,40.0285,0.5621744912378759,0.3812317615546334,0.1809427296832425,0.42857142857142855,0.17999999999999972,25.71513071869637,3561422.2,242555.15,41.84333333333333,42.056666666666665,42.393333333333345,42.606666666666655,41.50666666666667,41.293333333333344,40.95666666666667,0.02809265648102515,0.04692597239648676,0.92600432395392,0.8172320046925254,0.505450294292238,0.8217713537808692,0.44443732890224497,0.4531851851760203,0.16363636363635775,0.0051458489535629905,0.0011289762599134099,0.15212289867411674,0.3119891008174387
139,139,2013-03-06,41.36,41.66,41.06,41.08,6828105,M,-0.0,0.2908683411479491,0.9440688307754752,0.03994561294197512,0.4125533305919839,0.08512213794438375,0.7901059361517044,0.047166739616668896,-2269982.355238612,41.072484931207335,40.16474233612756,-502613.020000001,4.8131981855490285,41.224,40.09,0.5720846743919736,0.4194023441223204,0.15268233026965328,0.42857142857142855,-0.6400000000000006,25.622472008365694,960562.6,-452149.5,41.266666666666666,41.47333333333333,41.86666666666665,42.07333333333332,40.873333333333335,40.66666666666667,40.27333333333335,-0.00048661800486625613,0.04052684903748738,0.6229396385484897,0.665934484856236,0.4116794869799956,0.8531366275475861,0.3074026637126057,0.4131992616611237,0.03333333333332702,0.005020647276792803,0.001207253029177634,0.15396229149983026,0.31062670299727524
140,140,2013-03-07,41.12,41.54,40.96,41.23,4119182,M,-0.0,0.29273669472133224,0.8955263199216071,0.039365397585825766,0.4876833840229486,0.08728244428834503,0.8001319948807878,0.05718111133387819,-751669.8272571979,41.124989954138215,40.26619552241276,824893.4400000033,5.286249643351758,41.25,40.1775,0.5852951551673868,0.4525809063314859,0.13271424883590094,0.42857142857142855,0.14999999999999858,25.55312366844428,546924.4,142667.7,41.24333333333333,41.52666666666666,41.82333333333333,42.106666666666655,40.946666666666665,40.66333333333333,40.36666666666667,0.01352015732546699,0.023839086168363388,0.5765903701530942,0.6413174734433029,0.4059556626038283,0.8766976013487454,0.3601075229348387,0.4181819301012821,0.4655172413793048,0.004541607503907092,0.0012835006947646596,0.15806056695114712,0.3092643051771117
141,141,2013-03-08,41.36,41.75,41.12,41.67,2882203,M,0.0,0.2962613643150729,0.8601228105457549,0.0270683003725513,0.6978738519070442,0.09324364242378548,0.8790479356641835,0.06441083717237958,712340.5174059042,41.306659969425475,40.399891276892376,-2328082.1800000137,5.775350673077633,41.448,40.2475,0.6240743266933961,0.4868795904039938,0.13719473628940232,0.5,0.4400000000000048,25.49072826475678,2342277.2,-65810.1,41.513333333333335,41.90666666666667,42.143333333333345,42.536666666666676,41.27666666666667,40.88333333333333,40.64666666666667,0.0031295137217140718,0.0438376753507014,0.6525864227032345,0.6714588801422995,0.28048172846037656,0.9382058746128265,0.5310769729618512,0.4614994776171735,0.8730158730158762,0.004316709133359263,0.0013648149875610802,0.1690840384463615,0.3079019073569482
142,142,2013-03-11,41.43,41.93,41.31,41.71,3091726,M,0.0,0.3023196771866983,0.828106435764804,0.0292907548821672,0.6876482831883721,0.09810412364171184,0.8469602160048239,0.0778809082919645,847935.6359684217,41.44110664628366,40.524663612185314,-493178.8800000041,6.120655669771246,41.482000000000006,40.336999999999996,0.650535720319084,0.5196108163871079,0.1309249039319761,0.5,0.03999999999999915,25.44523305436429,1813528.8,294926.55,41.65000000000001,41.99000000000001,42.27000000000001,42.61000000000001,41.37000000000001,41.03000000000001,40.750000000000014,-0.00023969319271327925,0.0365308151093439,0.7141530207067509,0.6972320083567123,0.30375977350551503,0.9893065088339328,0.5691050787487612,0.4789910894744175,0.6451612903225811,0.00409771627429109,0.0014473577065011063,0.17864994770615242,0.30653950953678477
143,143,2013-03-12,41.5,42.22,41.5,41.97,4044196,M,0.0,0.3102718762736234,0.8136922443132976,0.03532405687167482,0.7985524846384131,0.10428601170743423,0.8668512068841029,0.08685538378943611,933907.7081156815,41.61740443085578,40.66231477254795,348597.8999999967,6.35244391293911,41.532,40.4235,0.6845944923267027,0.5526075515751043,0.13198694075159834,0.5714285714285714,0.259999999999998,25.384209474422693,1461840.4,309083.95,41.89666666666667,42.293333333333344,42.61666666666667,43.01333333333334,41.573333333333345,41.17666666666667,40.853333333333346,0.021665043816942568,0.046372475691847416,0.7957822081809164,0.7365784026700899,0.3667696824985997,1.0539013985638672,0.5969959784250999,0.4955422117613942,0.6527777777777772,0.004018854330207723,0.0015330382815757332,0.19104149497094167,0.30517711171662126
144,144,2013-03-13,41.96,42.47,41.81,42.11,6586699,M,-0.0,0.3155809993787337,0.7931999450515649,0.03234657815476145,0.7755389254499423,0.1101252256080407,0.8555054943325516,0.09201559895801063,300467.32706720877,41.78160295390385,40.800189624815246,1397989.199999995,6.409251958314179,41.738000000000014,40.5235,0.7146449908240697,0.5850150394249582,0.1296299513991115,0.6428571428571429,0.14000000000000054,25.23114800975073,4144801.2,763324.15,42.13,42.45,42.78999999999999,43.11,41.790000000000006,41.47000000000001,41.13000000000001,0.021343681785108,0.053803803803803764,0.8481260147251256,0.7673775869494461,0.3375203697558584,1.1156648949818593,0.5495124704652175,0.4916377567476932,0.4545454545454526,0.003975800387604911,0.001620440254765612,0.20370230213257925,0.30381471389645776
145,145,2013-03-14,42.28,42.34,41.72,42.15,4636184,M,0.0,0.3123572893187999,0.7701066190251966,0.021232851174230905,0.7561442066571306,0.11457463830836938,0.8258503544054534,0.0970644364893098,775567.3607251334,41.90440196926923,40.928743051835646,106557.83999999985,6.602644572719457,41.92200000000001,40.633,0.7332355503162944,0.6146591416032701,0.11857640871302445,0.6428571428571429,0.03999999999999915,25.065886046302158,4248201.6,1129963.35,42.07,42.42,42.69,43.040000000000006,41.8,41.45,41.17999999999999,0.011519078473722029,0.0660091047040971,0.7510976591237417,0.7310140014565734,0.22253089673152704,1.1638778195959931,0.5975244426757346,0.5108673492596576,0.6935483870967687,0.0038398126987659945,0.001706181458547717,0.2149294300371534,0.3024523160762943
146,146,2013-03-15,41.89,42.1,41.38,41.78,6108943,M,0.0,0.3065303954846558,0.7700924031551595,0.01860966762185416,0.2898954841920981,0.11397094659703733,0.7228803968106216,0.0943904141990964,544367.478716437,41.86293464617949,41.00981517520553,157659.4799999992,6.733079796449008,41.944000000000024,40.745,0.7099294903157869,0.6337132113457963,0.07621627896999061,0.6428571428571429,-0.36999999999999744,24.78788327588467,2449972.4,1020708.3,41.753333333333345,42.12666666666667,42.473333333333336,42.84666666666667,41.40666666666667,41.033333333333346,40.68666666666668,0.0016782546152001984,0.06799591002045,0.4679543844444936,0.6033632156659786,0.1951409746827628,1.160936554774071,0.5835348136356745,0.5151233706428743,0.5555555555555545,0.003235292187414508,0.0017787268090451137,0.2138620639608077,0.3010899182561308
147,147,2013-03-18,41.27,41.77,41.26,41.58,3276022,M,0.0,0.295616938772303,0.7367467493799965,0.02271621886373513,0.14503943856230275,0.10853060234588484,0.660525634637146,0.08188408587609287,450027.342943041,41.768623097452995,41.06411851189291,775292.3400000004,6.656959095284611,41.918000000000006,40.868,0.6676251323203459,0.6404955955407127,0.027129536779633256,0.5714285714285714,-0.20000000000000284,24.572738316849453,1176422.8,1281889.5,41.53666666666667,41.81333333333335,42.04666666666667,42.32333333333335,41.303333333333335,41.02666666666666,40.79333333333333,-0.009292351679771278,0.02844422458570365,0.3944758297652732,0.5623998185848779,0.2380546155825124,1.1088571641679057,0.5981735358878334,0.5258212421860213,0.6274509803921511,0.002352280039395523,0.0018336149447056495,0.20719509679281214,0.2997275204359673
148,148,2013-03-19,41.56,41.71,40.89,41.67,5775345,M,0.0,0.2972975931412654,0.7478471828020966,0.024711390250310925,0.3182467454183934,0.109231284950545,0.6655171244026371,0.06929973338498914,1763150.5258413826,41.735748731635326,41.12182153002707,36695.77999999982,6.599989477265522,41.85800000000001,40.93,0.6340518382157896,0.639206844075727,-0.005155005859937446,0.5,0.09000000000000341,24.43872793226452,1522652.6,1279988.95,41.42333333333333,41.956666666666656,42.24333333333333,42.77666666666666,41.136666666666656,40.60333333333333,40.316666666666656,-0.010448824507242882,0.054669703872437456,0.23511404794810606,0.4508599889306972,0.25859234327437874,1.1177091232564516,0.7158555279902633,0.5663353766667892,0.951219512195123,0.0016111386453826642,0.0018743425055562078,0.20336238741486987,0.29836512261580383
149,149,2013-03-20,41.7,42.78,41.7,42.55,6413613,M,0.0,0.2999711287677721,0.7961342251181458,0.03826686068493992,0.8762907571285666,0.1091611370397819,0.8273455388551451,0.07156384937378203,1653230.2192183658,42.00716582109022,41.25783856825765,3043463.2699999963,6.650700541194536,41.94600000000001,41.082,0.6707211042097471,0.6455096961025348,0.02521140810721212,0.5,0.8799999999999955,24.51060883090464,1488035.4,1823573.75,42.34333333333333,42.98666666666666,43.42333333333333,44.06666666666666,41.906666666666666,41.263333333333335,40.82666666666667,0.009489916963226538,0.08187134502923975,0.7097854428769585,0.6727072011765108,0.4012854345726225,1.12113945796708,0.7395826976725198,0.5873545887661701,0.787037037037033,0.0018285101151476828,0.0019210729254024984,0.21763583456835006,0.2970027247956403
150,150,2013-03-21,42.22,42.89,42.09,42.17,5904537,M,-0.0,0.3025389599234045,0.796649661769272,0.03851426065054458,0.636166147541975,0.10344043977862616,0.721845512728716,0.06545497453763162,-1216514.0084703877,42.06144388072681,41.34471110931093,64596.0,6.696019032357987,41.95,41.224,0.6614938895618252,0.6487065347943946,0.012787354767430648,0.5714285714285714,-0.37999999999999545,24.596679049527346,-620108.8,1715815.75,42.38333333333333,42.676666666666655,43.18333333333334,43.47666666666666,41.876666666666665,41.583333333333336,41.07666666666667,0.009334609861177609,0.07906857727737983,0.7335811325681187,0.6880200886967159,0.4039183085725863,1.0660571723585213,0.5263884651150127,0.5409398533402012,0.09999999999999824,0.0018647012148527784,0.0019609235040495368,0.21757395998003276,0.2956403269754768
151,151,2013-03-22,42.34,42.74,42.32,42.66,3956449,M,0.0,0.3013113345340312,0.7664297068558928,0.04682937243661203,0.7706903014900245,0.09511918803159172,0.8191797518486532,0.06197029907026036,2365.514305679128,42.26096258715121,41.46997674892549,-270288.0399999986,6.610967577042785,42.12600000000001,41.40299999999999,0.6858142071474518,0.6561280692650089,0.029686137882442894,0.5714285714285714,0.4899999999999949,24.650175357677174,1392969.6,2092134.55,42.57333333333333,42.826666666666654,42.99333333333333,43.24666666666666,42.40666666666665,42.15333333333333,41.98666666666666,0.02597402597402593,0.10747663551401852,0.7335811325681187,0.6880200886967162,0.4931835358161797,0.9845549355179978,0.6207669132512743,0.5665192840642929,0.8095238095237974,0.0022030259599266928,0.002003512060523903,0.22727158231814576,0.29427792915531337
152,152,2013-03-25,42.4,42.74,42.17,42.36,4181914,M,-0.0,0.2927062429165146,0.7402390792669878,0.03687936215938442,0.5500213812282311,0.07075117445818192,0.7599481033446249,0.0592016097044747,-722053.8943439735,42.29397505810081,41.55474088704079,-327298.3699999961,6.591686502119725,42.282,41.59499999999999,0.6731215766727843,0.659526770746565,0.013594805926219313,0.5,-0.2999999999999972,24.595663190329986,1211791.2,2178915.1,42.42333333333333,42.676666666666655,42.99333333333333,43.24666666666666,42.106666666666655,41.85333333333333,41.536666666666655,0.016558675305975466,0.06996716342510724,0.6017171622223534,0.6317276056042359,0.38983329770577296,0.7357237753970192,0.5249557199452926,0.5443110933114713,0.33333333333332915,0.002193192708885207,0.0020386194747410193,0.22563445285584435,0.29291553133514986
153,153,2013-03-26,42.4,42.45,41.44,41.99,4981245,M,0.0,0.28444105954287624,0.7762072020410538,0.025787732630801943,0.17399486108828766,0.05447656573803289,0.6210126369267046,0.05187580986345287,-367997.2733441402,42.192650038733866,41.596194144285604,-686613.3199999945,6.340145524460045,42.346,41.71499999999999,0.6259908252354691,0.6528195816443442,-0.026828756408875054,0.5,-0.36999999999999744,24.498332593027627,-939526.8,1401597.1,41.96,42.48,42.97,43.49000000000001,41.47,40.95,40.46,-0.01316098707403044,0.034746180384425916,0.2704684344366529,0.4295777819989315,0.2730018314959848,0.5681224849405103,0.5314886317787103,0.5443342706622655,0.544554455445546,0.0016745079083881707,0.002057401177394353,0.21254689733986587,0.29155313351498635
154,154,2013-03-27,41.78,42.03,41.53,41.73,3145761,M,-0.0,0.2798307074268433,0.7393795750936712,0.03357605262641975,0.18085971352175584,0.0480211811486738,0.4788131874389023,0.041064917162366925,-531118.8407139288,42.03843335915591,41.60893756144957,652776.3900000027,5.9720519080323635,42.181999999999995,41.7725,0.5611906063790855,0.6344937865912887,-0.07330318021220328,0.5,-0.2600000000000051,24.361233950250732,-2851401.6,935499.4,41.76333333333333,41.996666666666655,42.26333333333332,42.496666666666655,41.496666666666655,41.26333333333333,40.996666666666655,-0.010433957789898146,0.015328467153284559,0.2704684344366529,0.4295777819989315,0.35407626297190953,0.501491197383244,0.4876590878524707,0.5305881471291471,0.3999999999999915,0.0008499515314891466,0.0020561779542260933,0.19368270555874215,0.2901907356948229
155,155,2013-03-28,41.68,41.94,41.33,41.84,5143242,M,0.0,0.2698219022330264,0.7221289650777005,0.03667713326250696,0.3213238517245457,0.04553116644349985,0.5160219764495979,0.0328280363918584,750551.2050991297,41.972288906103934,41.630943511624814,-24299.54999999977,5.633998074302584,42.11600000000001,41.80949999999999,0.5128007464435527,0.6101551785617376,-0.09735443211818497,0.42857142857142855,0.11000000000000654,24.284518353059465,-641845.8,883292.85,41.70333333333333,42.07666666666667,42.31333333333333,42.68666666666667,41.46666666666667,41.09333333333333,40.85666666666667,-0.019221753398968432,0.028515240904621524,0.20875695252017756,0.382715057824095,0.3861735361209359,0.4759088258548767,0.6037945831584808,0.5596812402017549,0.8360655737705011,0.0002151106107324176,0.0020407836938464343,0.1806733551510797,0.2888283378746594
156,156,2013-04-01,41.78,42.2,41.51,41.63,2696899,M,-0.0,0.2602081293507004,0.7178451030665919,0.027188584172285226,0.25427249110873923,0.03806548615598498,0.3575290309387132,0.024733619029094527,-452927.62435809744,41.858192604069295,41.630853653361356,44886.19999999745,5.2619782311193575,41.91000000000001,41.85699999999999,0.4522925286833655,0.5785826485860592,-0.1262901199026938,0.42857142857142855,-0.21000000000000085,24.24067826870708,-1972515.4,1053175.95,41.78,42.05,42.47000000000001,42.74000000000001,41.36,41.09,40.67,-0.017233238904626934,0.0021665864227251664,0.44092061830811774,0.4713225640833338,0.2848683906651185,0.3983267635077658,0.4605007365984093,0.522941406434003,0.17391304347826625,-0.0003921370267497332,0.002009004919846687,0.16322171253223214,0.2874659400544959
157,157,2013-04-02,41.89,42.17,41.77,42.03,2721911,M,0.0,0.25779533231600266,0.6941324226541186,0.016188863879219747,0.7745765092171523,0.03751863413137275,0.5945055266178056,0.021858910941707,-84632.66522209701,41.915461736046204,41.66886759629306,-460052.88999999454,5.160843952927168,41.84400000000001,41.8815,0.4316401502267269,0.5491941489141896,-0.11755399868746275,0.42857142857142855,0.3999999999999986,24.146656334674887,-591750.4,902498.1,41.99,42.21,42.38999999999999,42.61,41.81,41.59,41.41,0.0009526077637532543,0.007430488974113191,0.4409206183081177,0.4713225640833338,0.1693517050405178,0.3928341688432719,0.5236671577322719,0.5350422265103381,0.6499999999999974,-0.0004672651295402967,0.001972802071565268,0.158184907332708,0.28610354223433243
158,158,2013-04-03,42.03,42.62,41.74,42.39,5805852,M,0.0,0.26852473844720226,0.718914766303491,0.02860413446131848,0.8885924813988079,0.038808219831692865,0.7920118108021292,0.0220613940229456,695582.361593407,42.073641157364136,41.73754688126567,2362804.2799999937,4.8661447011300085,41.924,41.91499999999999,0.439258352522252,0.5272069896358003,-0.08794863711354828,0.42857142857142855,0.35999999999999943,24.01674300313251,1565669.0,902658.8,42.25,42.76,43.13,43.63999999999999,41.88,41.37000000000001,41.00000000000001,0.015815959741193476,0.03188899707887055,0.7198100754641419,0.6075139306994696,0.2997999332890789,0.4066616335613515,0.5953235597003032,0.5544321467116111,0.7386363636363659,-3.0480244391635045e-05,0.0019402386050491427,0.16259543479191454,0.284741144414169
159,159,2013-04-04,42.38,43.88,42.32,43.56,6727731,M,0.0,0.27883097884864616,0.8310594641424602,0.07216718364120284,0.9161273672115984,0.048040230905003034,1.2531331277617226,0.030112212757105333,1332282.3800599691,42.56909410490942,41.91111386422795,6128904.600000003,4.986108529072864,42.290000000000006,42.039,0.5335541768566543,0.5284764270799712,0.0050777497766830715,0.5,1.1700000000000017,24.05831620541579,3540367.4,1580450.6,43.25333333333333,44.18666666666666,44.81333333333333,45.74666666666666,42.62666666666666,41.69333333333333,41.066666666666656,0.04110898661567874,0.05651224836284272,0.9051952189394459,0.7881256405018551,0.762987549046617,0.5048908167538555,0.6618396380908004,0.5773311633648675,0.7948717948717949,0.0014776908698234054,0.0019344953811082789,0.19333830012365733,0.2833787465940054
160,160,2013-04-05,42.92,43.54,42.83,43.39,5080529,M,0.0,0.2930583918936928,0.8175848689221366,0.07933577767752653,0.7337482719882644,0.052349344384855834,1.063369348473316,0.03781200368437425,1142694.5632477545,42.842729403272955,42.05196017702331,-725323.0,5.011828307564674,42.60000000000001,42.14699999999999,0.5877910734637409,0.5403393563567258,0.047451717107015234,0.5,-0.1700000000000017,24.016075086879198,1495613.2,1120465.05,43.25333333333333,43.67666666666666,43.96333333333333,44.38666666666666,42.96666666666666,42.54333333333333,42.25666666666665,0.042277203939466684,0.04127669786417084,0.905195218939446,0.7881256405018551,0.8449260322656575,0.5515919544471295,0.7041372235159334,0.5974646159591699,0.7887323943661995,0.0027036175430529127,0.0019432195822511726,0.2117220250636342,0.28201634877384196
161,161,2013-04-08,43.35,44.24,43.33,43.99,5087878,M,0.0,0.3067249243071174,0.8299068864002392,0.07676181566218689,0.7776530217587482,0.06397396149061896,1.1387468496695323,0.04672841980047866,757145.4152612244,43.2251529355153,42.236535415036826,-705136.7899999996,5.2384234660625175,43.071999999999996,42.26299999999999,0.6714489656637852,0.5665612782181387,0.10488768744564647,0.5714285714285714,0.6000000000000014,24.066104214491105,3052568.6,1230748.8,43.85333333333333,44.37666666666666,44.76333333333334,45.28666666666667,43.46666666666666,42.94333333333333,42.55666666666666,0.0466333571258625,0.054663150323663416,0.9448954715266746,0.843873397235496,0.8265712310504284,0.6759328836195071,0.7111830574355311,0.6096370084290107,0.7252747252747264,0.00394844724124046,0.001973361987754951,0.2391553791899609,0.2806539509536785
162,162,2013-04-09,43.88,44.11,43.49,43.67,3460289,M,-0.0,0.3237024829295239,0.8019193015447995,0.05581175984224026,0.6114675146289423,0.06905879176353069,0.9474602562457384,0.048640957194948736,-660501.8652990817,43.373435290343544,42.373055862927664,-453667.2000000018,5.527898850561692,43.40000000000001,42.36099999999999,0.7038140702266702,0.5940118366198458,0.1098022336068244,0.5714285714285714,-0.3200000000000003,24.043180622949592,1816128.6,903148.05,43.75666666666666,44.02333333333332,44.37666666666666,44.643333333333324,43.40333333333332,43.13666666666666,42.78333333333333,0.03019580089643787,0.040505122706695325,0.9448954715266744,0.843873397235496,0.6055575942883069,0.7313498694737307,0.5708962318387414,0.5792261080437914,0.29032258064516203,0.0044392969011459145,0.00200982098554884,0.2497427794761705,0.27929155313351495
163,163,2013-04-10,43.94,44.95,43.85,44.36,4473266,M,-0.0,0.3410794823793325,0.8656633946762541,0.03514149608635544,0.8677744632233942,0.08001513278883048,1.052943274349685,0.059501631077241664,-822206.3335083155,43.702290193562355,42.562288651967584,-227406.43999999843,5.973659957295138,43.794,42.48049999999999,0.7761932340743343,0.6304481161107445,0.1457451179635898,0.5714285714285714,0.6899999999999977,24.164834876666927,1549611.4,924601.55,44.38666666666668,44.923333333333346,45.48666666666667,46.02333333333336,43.82333333333335,43.286666666666676,42.72333333333335,0.01836547291092739,0.053431488957492286,0.9722383940924928,0.8916534527380996,0.38474666990146256,0.849770712108978,0.535142942437948,0.5682175601382329,0.4636363636363613,0.005011694056395856,0.002062754685278286,0.2720543646909592,0.2779291553133515
164,164,2013-04-11,44.19,45.26,44.19,44.31,5699215,M,-0.0,0.3582128586568348,0.8929082753876035,0.03783616756413005,0.7201275293586445,0.08801794639157218,0.9586888783048187,0.06695659685730743,-2116744.2110267044,43.904860129041566,42.728737362985946,1432912.6400000013,6.291616269211287,43.943999999999996,42.59049999999999,0.8200664503726216,0.6683717829631207,0.15169466740950088,0.5714285714285714,-0.049999999999997165,24.359025370302795,-935777.8,310305.85,44.58666666666666,44.98333333333333,45.65666666666666,46.05333333333334,43.91333333333333,43.51666666666666,42.84333333333333,0.02120304217561654,0.05124555160142358,0.9779033291138592,0.9044121286381164,0.4156681368595328,0.9371820864475636,0.3941451391953936,0.5247825069828415,0.1121495327102846,0.005220942565090138,0.002123413018550905,0.2878107392394547,0.27656675749318804
165,165,2013-04-12,44.2,45.39,44.19,44.43,6256829,M,-0.0,0.3562931795310649,0.9338538386712322,0.028794748679388006,0.7186659304750592,0.09517733464178582,0.9245294115303178,0.07492255037120374,-2241736.4593234416,44.079906752694384,42.89076238590399,124849.41000000053,6.644850069553938,44.15200000000001,42.70449999999999,0.8546671855144368,0.7056308634733846,0.14903632204105222,0.5714285714285714,0.11999999999999746,24.620180368330022,1331693.8,391338.1,44.67,45.14999999999999,45.87000000000001,46.35,43.94999999999999,43.46999999999999,42.74999999999999,0.010002273243919021,0.06342747726184772,0.9802673215420626,0.9096831140034888,0.3178364359230849,1.0161251218025351,0.3294300927969294,0.4938508377670674,0.2000000000000012,0.00517291130202999,0.0021886921774830308,0.3027442824363332,0.27520435967302453
166,166,2013-04-15,44.1,44.41,43.35,43.42,3497904,M,-0.0,0.3544491068766211,0.9533399935158824,0.04183833494149999,0.1645818991888753,0.09383234229993134,0.6577928424867366,0.07531000769493132,-1860563.3807207504,43.85993783512959,42.94116597097658,1959166.790000001,6.803134068873397,44.03800000000001,42.78649999999999,0.7914666172933238,0.7227980142373726,0.06866860305595124,0.5714285714285714,-1.009999999999998,24.879100662709604,-385462.6,521890.05,43.72666666666667,44.10333333333333,44.78666666666666,45.16333333333333,43.04333333333334,42.66666666666667,41.98333333333334,-0.005724753835585071,0.044252044252044334,0.498155301235869,0.6401302408261907,0.4606191485384442,1.0036893784540029,0.24163264048097197,0.4531067305770938,0.06603773584905717,0.003999394640070833,0.0022322673118533656,0.27882156914318296,0.273841961852861
167,167,2013-04-16,43.91,44.02,43.64,43.93,2931960,M,0.0,0.3439467346415542,0.9062279943787244,0.03826016399905,0.4051509344551293,0.09253268704121198,0.7584368286575273,0.07942194651059659,-78515.2389789701,43.88329189008639,43.035340645103055,1662434.5,7.059534362554345,44.09000000000001,42.903999999999975,0.7736146071940411,0.7329613328287063,0.04065327436533472,0.6428571428571429,0.509999999999998,25.007632734691445,892987.2,832289.15,43.86333333333334,44.08666666666667,44.24333333333334,44.46666666666668,43.70666666666667,43.48333333333333,43.32666666666667,-0.009693417493237143,0.05423566114710818,0.498155301235869,0.6401302408261907,0.4217226576795287,0.9925056012040394,0.4154743918995929,0.4826354143503594,0.7631578947368347,0.0030929909806876148,0.002267408699408484,0.2701550434196758,0.2724795640326976
168,168,2013-04-17,43.6,43.71,43.15,43.61,4381480,M,0.0,0.33157939462628383,0.8893975951276993,0.039586372153254015,0.3102821544500933,0.08928336676329153,0.6586237375619606,0.07790602678608523,1062855.9364254526,43.79219459339093,43.09007010994318,167879.439999998,7.0524420180887155,43.94000000000001,43.00099999999999,0.7252848538060519,0.7314260370241755,-0.006141183218123625,0.6428571428571429,-0.3200000000000003,25.061555839599055,-877962.0,324447.9,43.49,43.83000000000001,44.05,44.39000000000001,43.27,42.93,42.71,-0.015797788309636716,0.024911868390129314,0.3188580356841256,0.5156438668666147,0.4348562981034954,0.9598185135470744,0.5507924517425852,0.5149014307657925,0.8214285714285696,0.0021136214840313076,0.002286594306314712,0.2525515553705344,0.27111716621253407
169,169,2013-04-18,43.59,43.59,42.85,42.94,3046541,M,-0.0,0.3193085744591907,0.8721445824435362,0.05108786117737498,0.17455658446954314,0.08871290278275104,0.47890722904570704,0.06687483101818066,-196619.73173893802,43.50812972892728,43.07577771793666,-113435.19000000025,6.8741865468386205,43.66600000000001,43.02049999999999,0.6257071160553664,0.7102822528304136,-0.08457513677504712,0.6428571428571429,-0.6700000000000017,25.110424131324898,-347427.2,-148559.8,43.12666666666666,43.40333333333333,43.86666666666667,44.14333333333333,42.66333333333333,42.386666666666656,41.92333333333333,-0.0335358991672294,0.018259426132321458,0.24368118632989835,0.4520370905635922,0.5577006365428141,0.9541183585413352,0.4077355083689289,0.4774462093185216,0.1216216216216163,0.0007206545117732731,0.0022773982099792284,0.21669972438752447,0.26975476839237056
170,170,2013-04-19,43.14,43.71,43.04,43.54,2643179,M,0.0,0.30934830897911725,0.8585253047840772,0.03309597122368118,0.5361292360304307,0.0871592632613556,0.6200871605498092,0.061876450243285024,453809.4428282679,43.51875315261819,43.119989365480144,121681.07000000047,6.769382993037034,43.48800000000002,43.08899999999999,0.5884229665564931,0.6859103955756293,-0.0974874290191362,0.6428571428571429,0.6000000000000014,25.14892802929605,-1070157.2,278826.0,43.43,43.82,44.1,44.49,43.15,42.76,42.48,0.002763703362505699,0.02062822315986879,0.3318919327602338,0.4822297442266694,0.3598193991438619,0.9389013736671376,0.5205798911514247,0.5030483481113989,0.7462686567164158,5.0507466222310306e-05,0.00225807153810721,0.20128160506273915,0.2683923705722071
171,171,2013-04-22,43.59,43.82,43.11,43.54,2385690,M,0.0,0.3053549749877269,0.8387219308124622,0.03292406821980897,0.5195449918036897,0.08702001616358909,0.6084340263526933,0.05369881242306344,424778.84278123494,43.52583543507879,43.15999037962807,-396510.60000000097,6.525278802654192,43.51200000000002,43.133,0.5525060623046514,0.6592295289214336,-0.10672346661678224,0.6428571428571429,0.0,25.16617853213461,-370576.4,81003.55,43.49,43.87000000000001,44.2,44.58000000000001,43.16,42.78,42.45,-0.008877760072843173,0.02785646836638337,0.4188734163347957,0.5113952754229516,0.3581480140950821,0.9383585892960219,0.5489311950399166,0.51281839174312,0.6056338028169003,-0.00023466664200943427,0.00222975399955448,0.18924737711812595,0.2670299727520436
172,172,2013-04-23,43.65,44.18,43.47,43.95,3290659,M,0.0,0.30477500807303193,0.8215590067038299,0.03346325032643467,0.7980386854494367,0.08671326866195576,0.6968190244280604,0.046729008771584986,582588.5264528282,43.66722362338586,43.23522939336653,265466.8000000024,6.405224133325706,43.51600000000001,43.21249999999999,0.5507761737839019,0.6375388578939272,-0.0867626841100253,0.6428571428571429,0.4100000000000037,25.213913579072887,-298836.6,454632.2,43.86666666666667,44.26333333333335,44.57666666666668,44.97333333333335,43.55333333333335,43.15666666666667,42.84333333333335,0.007796376977757474,0.04667778042391047,0.6360019825455698,0.5988031880040711,0.3640467003012828,0.9367742805136908,0.591306242702669,0.5283648632878534,0.6760563380281738,2.476556117339315e-05,0.0022020871538001464,0.1883837246105584,0.2656675749318801
173,173,2013-04-24,44.05,44.42,43.66,43.89,2540393,M,-0.0,0.311924108003052,0.8133511391431939,0.0368777058469485,0.6979045272251262,0.08330823786430673,0.6614525345967089,0.0384016002200833,-93555.84167888724,43.74148241559058,43.29758850046574,54146.050000000214,6.082649651581766,43.571999999999996,43.30749999999999,0.5383578770460602,0.6177026617243537,-0.07934478467829352,0.6428571428571429,-0.060000000000002274,25.222706703097078,69380.8,576674.8,43.99,44.32000000000001,44.75,45.08000000000001,43.56,43.23,42.8,0.022123893805309804,0.05176132278936026,0.7301169357993259,0.6483647414385462,0.4017088497908101,0.9019678778271156,0.4950813547842365,0.506866454667429,0.30263157894737164,0.00032650420703875694,0.002172374370117341,0.18581657628076514,0.26430517711171664
174,174,2013-04-25,44.03,45.18,43.99,44.78,3948830,M,0.0,0.3187919729050774,0.8769043205916136,0.046153935930141915,0.914200377748816,0.08087943859248461,0.8755312485635465,0.03661325716136689,369189.6097798288,44.087654943727046,43.43877055153412,546281.9299999989,5.880254491415236,43.94,43.46,0.5934903663232944,0.6128602026441419,-0.019369836320847437,0.7142857142857143,0.8900000000000006,25.236602376296634,1468455.0,931404.35,44.65,45.31,45.84,46.49999999999999,44.12,43.46,42.93,0.028479559026182863,0.07026768642447412,0.8742553152985273,0.7595356497935449,0.5070009861926088,0.8787551003073453,0.5513427519289871,0.5218187494708714,0.6638655462184879,0.0013057423561103813,0.002158413959281662,0.20275980908910346,0.26294277929155313
175,175,2013-04-26,44.71,44.92,44.4,44.63,2584539,M,-0.0,0.3291925544137876,0.8293170778455167,0.0476465688253364,0.7243370332617074,0.07596766991973285,0.8111269856803515,0.034771668169139035,18268.563693595814,44.26843662915137,43.5522209777376,32668.04000000009,5.685634795897287,44.158,43.59949999999999,0.6179561141435741,0.6138793849440284,0.004076729199545714,0.6428571428571429,-0.14999999999999858,25.17875359761256,422911.4,545015.3,44.65,44.9,45.17,45.42,44.38,44.13,43.85999999999999,0.025034451079467238,0.07206341580590919,0.8742553152985273,0.7595356497935449,0.5259942965473012,0.828038106166348,0.5149977320552237,0.5142462676667419,0.4423076923076973,0.002053613820062575,0.0021513119458102204,0.21140645080008416,0.2615803814713896
176,176,2013-04-29,44.78,45.4,44.76,45.07,2574825,M,-0.0,0.3278761368898489,0.8214081341327015,0.046924512709317294,0.7904452801247468,0.06863885194120486,0.932195771422155,0.038268879686383823,-57665.85638288543,44.53562441943424,43.69677136373834,-398461.4499999989,5.517407579293949,44.46400000000001,43.77149999999999,0.6651818741433075,0.6241398827838842,0.041041991359423324,0.7142857142857143,0.4399999999999977,25.18187940318133,937876.4,808601.5,45.07666666666666,45.39333333333333,45.71666666666666,46.03333333333333,44.75333333333332,44.43666666666666,44.11333333333332,0.02548350398179744,0.07232928860337852,0.924301778779288,0.8119736795311455,0.5216128832767711,0.751106376936112,0.5047901547034835,0.5114013849741859,0.4843750000000031,0.002832284209187743,0.0021565443076112566,0.2274273907699502,0.26021798365122617
177,177,2013-04-30,44.92,45.09,44.27,44.6,3654613,M,-0.0,0.3266114869736448,0.8212203829150064,0.039050135315006514,0.5034455001864464,0.05928045186381159,0.7689812542718116,0.03527387147965758,-284779.567099165,44.55708294628949,43.78279314019698,-32102.220000001216,5.331928813691167,44.59400000000001,43.89999999999999,0.6571088530694169,0.6307336768409908,0.026375176228426108,0.6428571428571429,-0.4699999999999989,25.229993568471325,-451178.0,489775.3,44.65333333333334,45.03666666666667,45.473333333333336,45.85666666666667,44.21666666666667,43.83333333333334,43.39666666666667,0.01617680565048988,0.05213493748525597,0.5891741077184277,0.6428480252111447,0.4353504335593502,0.6506029592053321,0.4706731112657363,0.5010240171093319,0.4024390243902417,0.002911747610333123,0.002159033236926035,0.22493098697439634,0.25885558583106266
178,178,2013-05-01,44.54,44.96,44.33,44.7,2781608,M,0.0,0.3253965635149964,0.7957243318594811,0.016870060393375536,0.4258313926366272,0.05164191689591823,0.801137928327737,0.034509757099128915,29627.041330316388,44.604721964193004,43.87014617591244,-76509.70999999947,5.389702367115537,44.75600000000001,44.0155,0.6512726157520916,0.6348414646232109,0.016431151128880717,0.6428571428571429,0.10000000000000142,25.168859182342644,613222.2,338563.1,44.66333333333333,44.99666666666667,45.29333333333334,45.62666666666667,44.36666666666667,44.03333333333333,43.73666666666666,-0.001786511835640873,0.02617079889807164,0.5891741077184277,0.6428480252111448,0.1887591057414789,0.5682611982830722,0.5095492699443549,0.509240928692468,0.5873015873015921,0.002739682649690277,0.002159513577700805,0.2249983934979104,0.25749318801089915
179,179,2013-05-02,44.65,44.96,44.49,44.78,2517663,M,0.0,0.3369308052280517,0.7522944209446009,0.016870060393375536,0.5317865460128539,0.05282669382628512,0.8021367613692123,0.041721157716783065,188506.32397866188,44.663147976128656,43.95679892236368,-204650.99999999968,5.244387496676062,44.75600000000002,44.0765,0.6456599146409587,0.6370051546267604,0.008654760014198295,0.6428571428571429,0.0799999999999983,25.116741182621183,326988.8,128059.7,44.74333333333334,44.99666666666668,45.21333333333335,45.46666666666668,44.52666666666668,44.27333333333334,44.05666666666668,0.003360967958772094,0.03203503111315973,0.5891741077184277,0.6428480252111447,0.1887591057414789,0.5821039426085639,0.5453732721614847,0.5195057238848769,0.6170212765957444,0.002503138126166517,0.002158164181548385,0.2267274545564587,0.2561307901907357
180,180,2013-05-03,45.25,46.45,45.18,46.23,4076754,M,0.0,0.3480116096256086,0.8746551648193442,0.05931790211352205,0.9315932617046476,0.06628293478208212,1.1863004782010416,0.05488790906285451,896622.9603003623,45.18543198408578,44.173294266029664,1981573.379999992,5.5518137273563735,45.07600000000001,44.2185,0.7495739704253951,0.6595189177864873,0.09005505263890767,0.7142857142857143,1.4499999999999955,25.219241315570684,1659247.4,585923.85,45.95333333333333,46.72666666666665,47.223333333333336,47.99666666666666,45.45666666666665,44.68333333333332,44.18666666666665,0.02573774129132453,0.05092066378722425,0.8979394770108459,0.8253933075589814,0.66845343891728,0.7327329879153746,0.6391727326220907,0.5487691461543309,0.8267716535433028,0.0034290119671507857,0.0021831964160582405,0.25791376426785056,0.2547683923705722
181,181,2013-05-06,46.01,46.28,45.8,46.0,2573770,M,-0.0,0.36103125647343937,0.8220344761765084,0.06941860335060478,0.7348803848276486,0.07500146648207658,1.0057175272880892,0.06514532821063859,120565.01031209767,45.45695465605718,44.3472662428301,68450.53999999994,5.733705573975579,45.26200000000002,44.318999999999996,0.8040983970251291,0.6884348136342157,0.11566358339091333,0.7142857142857143,-0.2299999999999969,25.231961781059727,629528.4,202841.45,46.026666666666664,46.25333333333333,46.50666666666668,46.73333333333333,45.77333333333333,45.54666666666666,45.29333333333332,0.03139013452914795,0.05335470574765281,0.8979394770108459,0.8253933075589813,0.7855062062137687,0.830997498254788,0.5650040439702836,0.5361879574771834,0.4166666666666691,0.004129738808126055,0.002220220669527012,0.2743979630882765,0.2534059945504087
182,182,2013-05-07,46.07,46.74,45.78,46.5,3191611,M,0.0,0.3751926515790579,0.8404298793530519,0.07385181904463932,0.7545431559021072,0.08524002314510494,1.0381530527902925,0.07892378832005692,436370.40104609367,45.80463643737146,44.55228850769585,-238988.6100000028,6.110777364253598,45.64200000000001,44.4605,0.8775394604875117,0.7262557430048749,0.1512837174826368,0.7857142857142857,0.5,25.35518425045891,1998773.2,535436.45,46.34,46.90000000000001,47.30000000000001,47.86000000000001,45.94000000000001,45.38,44.98,0.04026845637583886,0.04824165915238955,0.9298445542493132,0.8569254121796338,0.8426861812088571,0.9474535122607346,0.626669362646855,0.5565510093722897,0.7499999999999981,0.004837357827679929,0.0022731897633646407,0.29674918127814603,0.25204359673024523
183,183,2013-05-08,46.54,47.12,46.26,46.64,3440524,M,-0.0,0.388797484848304,0.8430392287726545,0.06439390140362161,0.7057994083249852,0.09553844604187264,0.9850210035814654,0.08891137938358605,-109154.93064090118,46.08309095824763,44.751118175628484,554722.5600000005,6.43416552680481,46.03000000000002,44.5745,0.9362463877911296,0.7682538719621259,0.16799251582900365,0.8571428571428571,0.14000000000000054,25.411404458503128,2130556.4,483799.35,46.67333333333333,47.08666666666665,47.53333333333333,47.94666666666665,46.22666666666665,45.81333333333333,45.36666666666665,0.04153640017865117,0.05258406680207624,0.948473442566516,0.8783696435686439,0.7410128204021759,1.0646446157733631,0.5650663968033308,0.5456281002857151,0.4418604651162824,0.005290088890365679,0.002337175908314548,0.3168969527598927,0.2506811989100818
184,184,2013-05-09,46.59,46.8,46.26,46.45,2677069,M,-0.0,0.4036734173301885,0.8026339982695052,0.02167689075176421,0.5855698095215266,0.10218381928584797,0.8873425333671184,0.09167813381116822,-447492.7042627399,46.2053939721651,44.912916446087955,25727.099999998536,6.733437298966197,46.36400000000002,44.68150000000001,0.9564156817961732,0.8058862339289354,0.15052944786723765,0.7857142857142857,-0.18999999999999773,25.206360688577245,1091610.0,634906.65,46.50333333333333,46.74666666666666,47.04333333333333,47.28666666666666,46.20666666666666,45.96333333333333,45.66666666666666,0.004758814622539606,0.045464776052217035,0.948473442566516,0.8783696435686438,0.25125684070369897,1.141431580355154,0.4939948818195077,0.5271732193146266,0.3518518518518613,0.0051896578161703824,0.0024014947023696075,0.3263594661478204,0.24931880108991827
185,185,2013-05-10,46.62,47.23,46.58,47.23,2999538,M,0.0,0.4167549983914048,0.7996161318335621,0.038043610353162935,0.875960504471619,0.11361358000480153,0.9729661060852026,0.09917066213877916,661559.6072525318,46.546929314776726,45.13359107208613,-260181.7399999984,7.1344842110016105,46.56400000000002,44.82150000000001,1.0235406972435257,0.8494171265918536,0.17412357065167205,0.7857142857142857,0.779999999999994,25.05675408622408,876166.8,472042.1,47.01333333333333,47.44666666666666,47.66333333333333,48.09666666666666,46.79666666666666,46.36333333333333,46.14666666666666,0.02673913043478254,0.0877475817595577,0.9675716147586302,0.9016638263994472,0.4428656681211699,1.2730827690463031,0.6626632545463385,0.5722043416552521,1.0,0.005395136780301785,0.0024778609033933576,0.34768603903226736,0.24795640326975477
186,186,2013-05-13,47.02,47.12,46.54,46.88,2687695,M,0.0,0.43156003678494265,0.7850006475890519,0.027445644348920877,0.6091354632722686,0.1162133920319124,0.8605877171676896,0.100827743403767,248166.6716488444,46.65795287651782,45.299915733125886,4569.179999999997,7.596337878018717,46.740000000000016,44.99450000000001,1.0365470251619868,0.8868431063058804,0.14970391885610645,0.7142857142857143,-0.3499999999999943,24.889451154119378,853381.8,512552.55,46.84666666666666,47.15333333333333,47.42666666666667,47.73333333333333,46.57333333333333,46.26666666666666,45.99333333333333,0.008172043010752745,0.06715228773048038,0.9230172685912272,0.8830710875564097,0.3207023542171405,1.3072408669449709,0.6371778018814696,0.5735379183219894,0.5862068965517317,0.0051435762269505594,0.00255161573099437,0.35207923059746793,0.24659400544959126
187,187,2013-05-14,47.0,47.67,46.92,47.39,4495344,M,0.0,0.4487290514776592,0.7856672279105129,0.03350754223536153,0.8002340426266112,0.12270351967805765,0.9010132255427457,0.10446651777570824,271398.6611344141,46.901968584345205,45.49897137893107,239328.96000000552,8.157468537158406,46.91800000000002,45.16750000000001,1.0756084064360536,0.9245961663319151,0.1510122401041386,0.7142857142857143,0.509999999999998,24.813427659138874,1114128.4,590721.75,47.32666666666668,47.73333333333335,48.07666666666667,48.48333333333335,46.98333333333335,46.57666666666668,46.23333333333335,0.016080617495711838,0.086677367576244,0.9591910146880852,0.912418229274806,0.3930267166496732,1.3855528062646676,0.6336740901432014,0.5785977991508076,0.6266666666666652,0.005042718178875105,0.002629329364335701,0.3641847193203527,0.2452316076294278
188,188,2013-05-15,48.25,48.93,47.3,48.57,9460953,M,0.0,0.465223567692701,0.8982449308559802,0.06717980515036412,0.8983796078954823,0.13463359217775886,1.015908874373057,0.11726507931802825,1574476.814610583,47.457979056230144,45.791450297006044,11446806.019999985,8.95175790694444,47.304000000000016,45.415500000000016,1.188085418016918,0.9772940166689156,0.21079140134800234,0.7142857142857143,1.1799999999999995,24.885178420301177,2318214.2,1282843.4,48.26666666666666,49.23333333333332,49.89666666666666,50.86333333333332,47.60333333333332,46.63666666666666,45.97333333333332,0.04564047362755645,0.13111318118304618,0.9837224982160848,0.9478531031515344,0.7944683757082065,1.5286129763872525,0.682163094860294,0.5976971616618563,0.7791411042944792,0.005770202446623421,0.002729052397690809,0.3927141511171746,0.2438692098092643
189,189,2013-05-16,48.41,48.67,47.59,47.88,4558117,M,-0.0,0.4799581921080739,0.9224789400752202,0.05508725705652905,0.6106193608663185,0.13196927394933286,0.8679858471747389,0.11986684546720824,-387618.54285636905,47.59865270415343,45.990359793626205,30758.77000000012,9.310259105811376,47.59000000000002,45.66250000000001,1.2076262841948662,1.0233604701741057,0.18426581402076048,0.7142857142857143,-0.6899999999999977,24.93500712052061,1942004.6,1207264.6,48.04666666666667,48.50333333333335,49.12666666666666,49.58333333333334,47.423333333333346,46.96666666666668,46.34333333333335,0.01376243912767321,0.09967845659163996,0.9837224982160848,0.9478531031515344,0.6554006408300546,1.5065117429278532,0.5442815694130354,0.5663468145229378,0.26851851851851816,0.005770191492754798,0.002825793692163396,0.390256885740526,0.2425068119891008
190,190,2013-05-17,48.03,48.67,47.55,48.67,5840725,M,0.0,0.49506485207415296,0.9488150813985604,0.06390397979046121,0.7588578116260603,0.13604974784900056,0.9403524606945988,0.12426108915321404,1374796.4267560462,47.95576846943562,46.24556362407798,-362022.8000000052,9.737054072774855,47.87800000000003,45.91900000000001,1.2721938746446213,1.0731271510682088,0.19906672357641253,0.7142857142857143,0.7899999999999991,24.95229898346345,2510242.0,1367141.9,48.29666666666666,49.04333333333332,49.41666666666667,50.16333333333333,47.92333333333332,47.17666666666666,46.80333333333331,0.03818259385665527,0.11782269177767575,0.9482543607989112,0.9311488500568176,0.7648986861019259,1.5618170928695647,0.6961877129420236,0.6076471181077713,1.0,0.005967124219990225,0.002930802434712989,0.4001216182494744,0.24114441416893734
191,191,2013-05-20,48.38,49.08,48.26,48.85,4031224,M,0.0,0.5105584373667249,0.9316397372120656,0.05096088290903965,0.7349609026482642,0.1374697981227726,0.9198316209190966,0.12981319749810102,675510.3577904084,48.25384564629043,46.49360518480933,-511086.2099999994,10.099989517917066,48.27200000000003,46.18450000000002,1.3226420504507246,1.123030130944712,0.19961191950601265,0.7857142857142857,0.17999999999999972,24.920645607178134,3854025.8,1568703.1,48.73,49.2,49.55,50.02,48.38,47.91,47.56,0.030808187381304086,0.111490329920364,0.9658982506387712,0.9432614825730428,0.6149959349462908,1.5872434728502982,0.7039625403353341,0.618300935014359,0.7195121951219551,0.006081928110015444,0.003039784708892184,0.41019711327930974,0.23978201634877383
192,192,2013-05-21,48.81,49.61,48.81,49.43,4512092,M,0.0,0.5259366775897407,0.9140877722504388,0.04581627562682397,0.8362721580758983,0.1423075216089839,0.9494513567477644,0.1365474803411372,554524.8693345943,48.64589709752695,46.773261835017315,-1009761.0799999974,10.613048881453253,48.68000000000003,46.45850000000001,1.3933619207090828,1.177096488897586,0.2162654318114967,0.7857142857142857,0.5799999999999983,24.97943676593017,3857375.4,1629774.75,49.28333333333333,49.75666666666666,50.08333333333333,50.55666666666666,48.95666666666666,48.48333333333333,48.15666666666666,0.017706403129503796,0.126224652540442,0.9789115105290176,0.955280456321124,0.5575840743784479,1.6528484981677452,0.7276416935568893,0.6332246555501354,0.7749999999999996,0.0063649494696866845,0.003157291563056357,0.42602775057693065,0.23841961852861038
193,193,2013-05-22,49.43,49.93,48.72,49.0,4383408,M,-0.0,0.5334977739907164,0.9535427359504148,0.046705653725516806,0.6027375649308608,0.13954725249830446,0.8506774819543242,0.13181487397839528,-1084226.7886321007,48.763931398351296,46.98533213722793,52827.599999999504,11.054161324498146,48.76600000000003,46.71400000000001,1.3985884732746785,1.2213948857730046,0.1771935875016737,0.7142857142857143,-0.4299999999999997,25.135907725990428,1088503.2,1537624.0,49.21666666666667,49.71333333333334,50.42666666666668,50.92333333333334,48.50333333333334,48.00666666666667,47.29333333333334,0.023391812865497026,0.09423849933005804,0.9840548053082993,0.961152358784298,0.5694119773946386,1.6297025883014489,0.5622294485971552,0.5949561128494391,0.23140495867768676,0.006039941328300833,0.003266264944898181,0.4239094531195343,0.23705722070844687
194,194,2013-05-23,48.6,49.28,48.46,48.98,3016995,M,0.0,0.5379890744566724,0.9357370378236796,0.02294082672138877,0.4946608735377526,0.13962626562455732,0.8138057965079202,0.1295303110177008,-649280.6260617668,48.83595426556753,47.175300505746115,672793.6500000042,11.19005893066084,48.986000000000026,46.92400000000002,1.3851495785675991,1.2541458243319237,0.13100375423567567,0.6428571428571429,-0.02000000000000313,25.24557854548918,1396727.6,1189332.75,48.90666666666666,49.35333333333333,49.72666666666667,50.17333333333333,48.53333333333333,48.08666666666666,47.71333333333333,0.006369426751592257,0.09746807080439153,0.7703418537251416,0.853536207680847,0.2809448344434877,1.6379557220416825,0.5862017462192399,0.5986885155870582,0.6341463414634095,0.005378670404509439,0.00336245739851885,0.4215786679308583,0.23569482288828336
195,195,2013-05-24,48.59,49.34,48.36,49.21,2732587,M,0.0,0.5455981478071991,0.94163876611386,0.018566957117289545,0.6272590968058838,0.13746082937984108,0.8173554806247443,0.12419790479151753,-31084.375780064845,48.96063617704502,47.36908141054696,-346672.41000000143,11.346342110411088,49.09400000000003,47.15300000000001,1.3771829225467442,1.278753243974888,0.09842967857185636,0.6428571428571429,0.230000000000004,25.36368667997899,775100.0,1455189.05,48.97,49.58,49.95,50.56,48.6,47.99,47.61999999999999,0.007369498464687808,0.09185711116041714,0.6896890325053722,0.8122004625284394,0.22788154817905334,1.6204226219369122,0.6799168104046628,0.6242750321585953,0.8673469387755082,0.004768206853509882,0.0034479352900153755,0.4228589504088763,0.2343324250681199
196,196,2013-05-28,49.72,50.0,49.07,49.42,2592885,M,-0.0,0.5377272993953618,0.940086930632011,0.017691960850686434,0.7435141360838584,0.13662970041695946,0.8166611887694822,0.12230489959720263,-618181.0789872825,49.113757451363355,47.56440699102945,-186608.40000000206,11.532186695455275,49.20800000000003,47.37050000000001,1.3719989803029904,1.2974023912405084,0.07459658906248201,0.6428571428571429,0.21000000000000085,25.466469425554987,487432.2,1456092.05,49.49666666666667,49.92333333333334,50.42666666666667,50.85333333333334,48.99333333333334,48.56666666666667,48.06333333333334,-0.0002023062917256324,0.10807174887892378,0.8422739250832386,0.863690615449335,0.21764650238514466,1.618054305900395,0.5787259022769442,0.6006625610332953,0.37634408602150704,0.004314275622550249,0.0035240136354941273,0.4267903922307506,0.2329700272479564
197,197,2013-05-29,49.06,49.15,48.38,48.85,2622164,M,0.0,0.5345458904306123,0.9534086732144159,0.01826853444564721,0.23016335276342206,0.12698313878537262,0.7096904912916874,0.11506339932348313,-413922.66966625117,49.0258383009089,47.68684442075841,39752.27999999993,11.324290605377286,49.09200000000003,47.58300000000001,1.3068320952257153,1.2992883320375501,0.00754376318816541,0.5714285714285714,-0.5700000000000003,25.527826952524165,-939419.0,1507714.5,48.79333333333333,49.20666666666666,49.56333333333333,49.97666666666665,48.43666666666666,48.02333333333333,47.66666666666666,-0.003061224489795889,0.09284116331096193,0.4897814102732712,0.6451447280434193,0.22420972325142832,1.5105596732060969,0.5892804716478335,0.6015889466885718,0.6103896103896121,0.0034255935244036,0.0035766003737512228,0.4103757003465506,0.2316076294277929
198,198,2013-05-30,48.91,49.7,48.85,49.19,3751051,M,-0.0,0.5226740832588607,0.9396208501191547,0.01797630951836281,0.5679366220483011,0.1161521365659833,0.7489670672034928,0.10400898645406327,-715637.9264619699,49.08055886727261,47.83000209529261,-266378.1800000046,11.253526485366221,49.13000000000003,47.80750000000001,1.268005246569416,1.2930317149439232,-0.025026468374507168,0.6428571428571429,0.3399999999999963,25.564000324431486,687472.8,1556186.65,49.24666666666667,49.64333333333334,50.09666666666667,50.49333333333334,48.79333333333334,48.39666666666667,47.94333333333334,0.004287464271131092,0.09848146493970517,0.652208163024845,0.7134493512004084,0.22079402165929127,1.388235817219562,0.526186981098554,0.5823899993418843,0.39999999999999497,0.002774445010265144,0.003613748735695242,0.4020546577817239,0.23024523160762944
199,199,2013-05-31,48.73,49.32,48.34,48.34,3332860,M,-0.0,0.505477931719764,0.9450047367699358,0.03450420330282821,0.10846356750595854,0.09955543703747004,0.5742063775916701,0.0925074791755995,-1595761.1109272996,48.833705911515075,47.87857332441082,-362454.9599999985,10.99900058626027,49.00200000000002,47.98550000000001,1.1553288934878054,1.2654911506526998,-0.11016225716489436,0.5714285714285714,-0.8499999999999943,25.518172282999426,624299.8,1263660.5,48.66666666666666,48.99333333333333,49.64666666666666,49.97333333333332,48.01333333333333,47.68666666666667,47.03333333333333,-0.0176793334688071,0.04564135842526512,0.4614878105930358,0.5891703215978461,0.4226937425612972,1.19430435599038,0.3507913207323693,0.5269242850064167,0.0,0.0016123368424459526,0.00361865572692624,0.3665777414822942,0.22888283378746593
200,200,2013-06-03,48.59,48.81,47.95,48.75,4051823,M,0.0,0.4875005874877768,0.9336707718672741,0.03403091109644903,0.4038722574806253,0.09399673761071872,0.641188467286393,0.08120462125155155,359038.88923301524,48.80580394101005,47.96156634128581,-132339.67999999932,10.6235117194969,48.91000000000002,48.11150000000001,1.0865901049600308,1.229710941514166,-0.14312083655413502,0.5714285714285714,0.4099999999999966,25.535604448673396,888147.0,1262413.95,48.50333333333333,49.05666666666666,49.36333333333333,49.91666666666666,48.19666666666666,47.64333333333333,47.33666666666666,-0.013557264265479598,0.059782608695652176,0.35145870521569633,0.5090344476875419,0.4161129654318307,1.1305810103895235,0.5439383998680903,0.565334596803824,0.9302325581395322,0.0008550249945657103,0.003604344895304392,0.3449072069002859,0.22752043596730243
201,201,2013-06-04,48.62,48.77,47.85,48.39,4006853,M,0.0,0.4740672839426188,0.9318480022849704,0.02876618334974507,0.2758788856821128,0.08427558530372757,0.5391173188824406,0.06405422234686355,238487.2429201235,48.66720262734003,48.002369546945346,33699.64999999809,10.145260182755344,48.70400000000002,48.23100000000001,0.9916341913342208,1.182095591478177,-0.19046140014395616,0.5,-0.35999999999999943,25.5798820375304,-431800.6,1190759.8,48.33666666666666,48.82333333333333,49.25666666666667,49.74333333333333,47.90333333333333,47.41666666666666,46.98333333333333,-0.009416581371545564,0.040645161290322585,0.32374974605675866,0.4888842985459408,0.3502570484664961,1.0161739386960214,0.558277773825103,0.5673938277534604,0.5869565217391284,0.00010856424745221272,0.003566036919113879,0.3160376139528752,0.22615803814713897
202,202,2013-06-05,48.15,48.38,47.28,47.36,3731022,M,-0.0,0.4609948197012063,0.9556016019803134,0.05591912187875291,0.1135688341710646,0.07916907204438592,0.2608461618982001,0.042819293387086635,-1068701.0543080524,48.23146841822669,47.94119149476346,445913.39000000025,9.339010951408918,48.40600000000002,48.27400000000001,0.8237726281837894,1.1104309988192995,-0.2866583706355101,0.42857142857142855,-1.0300000000000011,25.634172800208717,-653572.2,844628.15,47.67333333333333,48.06666666666665,48.77333333333333,49.16666666666665,46.96666666666665,46.57333333333332,45.86666666666665,-0.037202683472250433,0.015437392795883338,0.19872405926290265,0.38596355548683536,0.6767052534157286,0.9554519459676716,0.3964276067924923,0.5202827272040483,0.07272727272727109,-0.0012271894635716525,0.003488132918385441,0.2610554256776877,0.22479564032697547
203,203,2013-06-06,47.51,48.39,47.4,48.39,3690926,M,0.0,0.44676012344645294,0.9655213883829404,0.04326596771329911,0.5689850141542586,0.07234270702924593,0.5081461113374597,0.031724510915583926,682548.2488704125,48.28431227881779,47.98393516198689,-0.0,8.930261103215491,48.246000000000016,48.36150000000001,0.7650346668225367,1.041351732419947,-0.2763170655974103,0.5,1.0300000000000011,25.712586557956374,-665597.2,857148.25,48.06,48.72000000000001,49.05,49.71000000000001,47.73,47.07,46.74,0.0010343400910218694,0.041765339074273364,0.20625284906112534,0.3886321049918907,0.5218524695739575,0.8746504564987194,0.5976184045283283,0.5659700865800059,1.0,-0.001566080734594682,0.00339983993403665,0.2368771450281785,0.223433242506812
204,204,2013-06-07,48.63,49.01,48.48,48.61,2961454,M,-0.0,0.4352840061151333,0.9194518699318732,0.045329796052717385,0.6415894184529962,0.06195940773158709,0.5467843421262834,0.023689672077793957,-317496.818680296,48.392874852545205,48.043560384728096,-961960.0,8.493259773269546,48.30000000000002,48.4695,0.7278464078943756,0.9786506675148328,-0.2508042596204572,0.5,0.21999999999999886,25.758471604087323,593265.6,1139074.4,48.7,48.92,49.23,49.45,48.38999999999999,48.17,47.85999999999999,-0.002871794871794883,0.029218716917213693,0.5628117469139694,0.5362934197721035,0.5473572873365626,0.7507853782615401,0.4801732759748618,0.5354284610460838,0.24528301886792886,-0.001296521253502522,0.0033073667447609764,0.2222932213754646,0.2220708446866485
205,205,2013-06-10,48.8,49.18,48.66,48.93,3482949,M,0.0,0.4186947001155027,0.8728582872742827,0.04871817735417865,0.7522462421067199,0.0574533586478722,0.6346061903819673,0.01650878351582665,-175089.46482362106,48.571916568363456,48.12798320532405,-112307.57999999984,8.072560639644687,48.33600000000003,48.5545,0.7159428239581942,0.926109098803505,-0.2101662748453108,0.5,0.3200000000000003,25.606982882261057,479490.8,1163244.95,48.92333333333334,49.18666666666668,49.44333333333334,49.70666666666669,48.66666666666668,48.40333333333334,48.14666666666668,0.011159330440173571,0.043728668941979465,0.6271120116037184,0.5699515069930262,0.5887104551478951,0.6974047756170277,0.4931924403934986,0.5338858237286246,0.5192307692307722,-0.0006235096267394059,0.003217335323176356,0.216670733923156,0.220708446866485
206,206,2013-06-11,48.46,49.15,48.26,48.56,2930050,M,-0.0,0.4069327962493874,0.8751438489710454,0.049406899071026064,0.579504171545705,0.04734098333106642,0.4659080212325113,0.008710558616361658,-447317.6319560375,48.567944378908976,48.169127662001245,1570.199999999911,7.5410297827520285,48.37000000000002,48.63850000000001,0.6689420952806984,0.8746756980989439,-0.2057336028182455,0.42857142857142855,-0.36999999999999744,25.568262460658325,694851.4,1151127.2,48.65666666666666,49.05333333333334,49.54666666666667,49.94333333333334,48.16333333333333,47.76666666666666,47.27333333333333,0.025337837837837898,0.02468875290145604,0.4224431879659629,0.4742323094715081,0.597452927016383,0.5756486044370186,0.4411545108241317,0.5151422835151754,0.33707865168539786,-0.00026361361131361296,0.0031215334945541807,0.20196537276140655,0.21934604904632155
207,207,2013-06-12,48.68,48.93,47.97,48.06,3096941,M,-0.0,0.396358223516927,0.886458002441574,0.026263629451524512,0.14679528147514098,0.04236713014140976,0.2032141555240304,0.0007713421822893768,-1014868.6512728884,48.39862958593932,48.158734551325004,335826.9599999991,6.998879495528352,48.51000000000002,48.67200000000001,0.5846088549851487,0.8166623294761848,-0.2320534744910361,0.42857142857142855,-0.5,25.51582219046897,821667.6,771512.95,48.32,48.67,49.28,49.63,47.71,47.36,46.75,-0.0068195908245504925,-0.010500308832612684,0.3173251746823473,0.4145762893607882,0.3185121661733637,0.5155232395606741,0.3253530072160889,0.4750096850486305,0.09375000000000347,-0.0004617151274485203,0.0030117782674980594,0.17667218914333105,0.21798365122615804
208,208,2013-06-13,48.17,48.92,47.92,48.76,3378442,M,0.0,0.3817291307636624,0.9015969354493656,0.02688477633846417,0.6347450971569388,0.04234013047124407,0.5380849608338132,-0.0026209194832015536,376813.802645011,48.519086390626214,48.215997927436455,89678.39999999809,6.606773679024786,48.58400000000002,48.68150000000001,0.5677140447564,0.7668726725322279,-0.19915862777582796,0.5,0.6999999999999957,25.485797266047754,759170.8,467387.4,48.53333333333333,49.14666666666666,49.53333333333333,50.14666666666666,48.14666666666666,47.53333333333333,47.14666666666666,0.003085784817938667,0.018379281537176183,0.2993455086190574,0.4042153620784893,0.32654249340698605,0.5152952653839671,0.4969020048107247,0.5097706674535771,0.8399999999999963,-0.00022284942563954448,0.0029051547710860453,0.16990087894453926,0.21662125340599453
209,209,2013-06-14,48.51,49.26,48.35,48.48,2188656,M,-0.0,0.3704062513941033,0.9027173440561166,0.02711149873489611,0.4407511008274077,0.03962970489372558,0.38007805773183206,-0.005076113606688332,-316511.17190175626,48.5060575937508,48.24114098198505,-381479.69999999506,6.3082967229899225,48.55800000000003,48.71150000000001,0.5256715139227737,0.7186324408103372,-0.1929609268875635,0.5,-0.28000000000000114,25.521365797598985,-270851.2,585860.45,48.69666666666666,49.04333333333333,49.60666666666666,49.95333333333333,48.13333333333333,47.78666666666667,47.223333333333336,-0.009196811771919128,-0.0039038422025889623,0.5448533590549867,0.5038607746440035,0.32912003889227154,0.4826055924826785,0.378887050826196,0.4748265222278801,0.1428571428571384,-0.00012169005001833928,0.0027957666999284107,0.1571649094238031,0.21525885558583108
210,210,2013-06-17,48.91,49.42,48.52,48.81,2853515,M,-0.0,0.3605927024903672,0.9076883648486354,0.02457060942911599,0.7314446081903518,0.03965533763126155,0.5473615093030296,-0.0040782863931038684,-396770.45394244045,48.607371729167205,48.29531803135632,-26246.35000000224,5.780647910911162,48.53400000000003,48.71850000000001,0.5130664346885894,0.6775192395859877,-0.16445280489739833,0.5,0.3300000000000054,25.573126072464586,-396738.0,436499.95,48.91666666666666,49.31333333333333,49.81666666666667,50.21333333333333,48.41333333333333,48.01666666666666,47.51333333333333,0.00514827018121911,-0.0008188331627430736,0.6302177323357222,0.5460825615145266,0.29812748950817897,0.4829871415971541,0.35999877462487123,0.4602927793604009,0.3222222222222218,0.00016886286871544532,0.002690892704337113,0.15338249900782253,0.21389645776566757
211,211,2013-06-18,48.7,49.48,48.64,49.32,2530524,M,0.0,0.3494461453303023,0.8986632495354829,0.03803178554094594,0.8424036989785941,0.04110021624174336,0.7885229647777774,0.0006380675782211694,427724.68911649706,48.84491448611146,48.392906790334294,287169.1200000012,5.662717073374019,48.68600000000002,48.74200000000001,0.5380275069438127,0.6496208930575528,-0.11159338611374003,0.5714285714285714,0.509999999999998,25.637901156225592,695376.8,361464.95,49.14666666666667,49.65333333333334,49.98666666666666,50.49333333333333,48.81333333333334,48.30666666666667,47.973333333333336,0.026217228464419432,-0.002225369208982388,0.6633647325016941,0.5625798937834138,0.4629038777116237,0.5008266850137638,0.5098404529245184,0.493552877491488,0.8095238095238128,0.0008231887464057378,0.0025991765652975266,0.16020007003620385,0.21253405994550406
212,212,2013-06-19,49.37,49.46,48.27,48.33,3360097,M,-0.0,0.3556557978710413,0.9375081495974203,0.031180484598347543,0.23021644617221,0.0395436222776786,0.3145705321069547,0.004208337273219941,-733613.6251667873,48.673276324074294,48.386915667442,-243159.360000002,5.1627477349376765,48.740000000000016,48.68700000000002,0.4724781814943526,0.6141923507449127,-0.14171416925056013,0.5,-0.9900000000000021,25.734925168548422,642745.6,-32144.5,48.68666666666667,49.10333333333333,49.87666666666667,50.29333333333333,47.91333333333333,47.49666666666667,46.723333333333336,-0.008818703855619356,-0.013673469387755138,0.3739614346877571,0.44477177650653216,0.379934204830865,0.4813150844583346,0.3567003579720866,0.4513497622849356,0.05042016806722293,0.0006289628660358179,0.002498766966221519,0.139677012233643,0.2111716621253406
213,213,2013-06-20,47.98,48.26,46.67,46.82,4196519,M,-0.0,0.3645931516293469,1.0338403963177687,0.07750169049080062,0.09117904625674296,0.05191184922815725,-0.19712834345813304,-0.009653990153403921,-1264024.1929183998,48.05551754938287,48.237685603801594,-4164987.5,4.263995190497735,48.35200000000002,48.57800000000002,0.2952816730411385,0.5504102152041579,-0.2551285421630194,0.5,-1.509999999999998,25.729673121369515,-872246.6,-22800.05,47.25,47.83,48.83999999999999,49.42,46.24,45.66,44.65000000000001,-0.03424092409240917,-0.04409963250306241,0.10270346835365013,0.21484611635265247,0.9368404346527982,0.630443452951356,0.26924677952856063,0.41734879658763335,0.09433962264150876,-0.0009399121345723305,0.0023643803248665947,0.08648519660572028,0.2098092643051771
214,214,2013-06-21,47.2,47.39,46.13,46.86,5256311,M,0.0,0.3751207083878363,1.0639950101420672,0.09491794616368952,0.2437876803379675,0.060216624804436625,-0.052277930404275856,-0.02019306936001715,-17307.848942181332,47.657011699588594,48.106477450999314,-2787434.5799999973,3.5023410824567685,48.02800000000003,48.47200000000002,0.1562783495148068,0.4715838420662877,-0.3153054925514809,0.5,0.03999999999999915,25.71996949683208,616746.8,390865.25,46.79333333333333,47.45666666666666,48.05333333333334,48.71666666666666,46.19666666666666,45.53333333333333,44.93666666666666,-0.039950829748002514,-0.047754521438732,0.07648830654084579,0.1781191344024358,1.1396797795874205,0.7297050593801633,0.37261954614073306,0.432778918763884,0.5793650793650778,-0.0024461692628052352,0.0022072534165171465,0.0470008122611215,0.20844686648501365
215,215,2013-06-24,46.37,46.53,45.72,46.14,3017634,M,0.0,0.3793963792178388,1.0741290087897921,0.10918519634801746,0.2388944176395102,0.07241704912600272,-0.12259165696598907,-0.03157257822565646,264377.0053155675,47.15134113305906,47.919193884160926,801641.7999999997,2.543247172120063,47.49400000000003,48.31850000000002,-0.011844232298216184,0.3748982271933869,-0.3867424594916031,0.5,-0.7199999999999989,25.630025103968713,-557483.0,103354.2,46.13,46.53999999999999,46.94,47.35,45.72999999999999,45.31999999999999,44.91999999999999,-0.06447688564476885,-0.06636989073249698,0.060164368795595474,0.1544308995952076,1.296410428838186,0.8747707970486909,0.4212525369333284,0.4409445949343294,0.5185185185185192,-0.00401067740774228,0.002022323949175241,0.0006365356930830787,0.20708446866485014
216,216,2013-06-25,46.45,46.83,46.28,46.58,2247981,M,0.0,0.36873076081405626,1.0229118076178176,0.0702912049437361,0.3890872424928881,0.07606081176445484,0.06431488648721795,-0.04004642259127858,385040.34557780885,46.960894088706034,47.79165160943178,842332.4000000034,1.945441213405412,46.94600000000002,48.17650000000002,-0.1083295134283091,0.2782526790690477,-0.3865821924973568,0.5714285714285714,0.4399999999999977,25.507264331408404,-613991.6,86109.0,46.56333333333333,46.84666666666666,47.11333333333333,47.39666666666666,46.29666666666667,46.01333333333334,45.74666666666667,-0.0362093937512932,-0.04646878198567048,0.2287722801651246,0.2416442863408035,0.8249727268221592,0.916085924492565,0.4626532064404,0.4508979235589827,0.5454545454545431,-0.004713609279286723,0.001828155247360648,-0.0258921608522741,0.20572207084468663
217,217,2013-06-26,47.0,47.8,46.96,47.73,2913987,M,0.0,0.3591679812399299,1.049190233268776,0.04961723941344608,0.8890888380507955,0.07538866987255327,0.3923572396573253,-0.037305198103897694,1107022.777740001,47.217262725804034,47.78578002757917,-164798.7299999996,1.5177782863122133,46.826000000000036,48.12050000000002,-0.09095098289650848,0.20441194667593648,-0.2953629295724449,0.5714285714285714,1.1499999999999986,25.417356524370913,640825.2,362916.55,47.49666666666666,48.03333333333333,48.33666666666665,48.87333333333332,47.19333333333333,46.65666666666666,46.35333333333333,0.019436138402392063,-0.029680829436877432,0.5743989507232603,0.4560350642104702,0.5808442131935071,0.9069351221505504,0.613991026515822,0.4952568514888411,0.9166666666666659,-0.003922987653672972,0.001651813355044692,-0.021957058885673616,0.20435967302452318
218,218,2013-06-27,48.16,48.68,48.03,48.15,4041627,M,-0.0,0.3487985647266005,1.0359648688329393,0.07041171971598012,0.8190755898963322,0.07252231549543181,0.5233789701762875,-0.03569541566891059,-282058.9878483404,47.52817515053602,47.820467644010705,2816024.2200000007,1.0338632241717436,47.09200000000003,48.06850000000002,-0.04279457462074277,0.15497064241660066,-0.1977652170373434,0.5714285714285714,0.4200000000000017,25.24489619473619,2288454.4,377445.35,48.28666666666667,48.54333333333334,48.93666666666667,49.19333333333334,47.89333333333334,47.63666666666667,47.24333333333334,0.027528809218950047,-0.003930492345883426,0.7287780323113885,0.5825628344568419,0.8289571762162344,0.8715097305980413,0.4708658125490084,0.4656719498728896,0.18461538461538107,-0.002415604030786861,0.0014994314035628564,-0.010238349736711151,0.20299727520435967
219,219,2013-06-28,48.24,48.5,47.93,48.0,5580802,M,-0.0,0.34274218961243685,0.9738362196552128,0.07630519214914118,0.6883259151145067,0.07235971095487875,0.4851883494818513,-0.033102270148188784,-1353096.7673917846,47.68545010035734,47.8375659636334,720040.0500000083,0.6172474184128627,47.32000000000003,48.05150000000002,-0.01654331894759764,0.12066785014376097,-0.1372111690913586,0.5,-0.14999999999999858,25.080292097534613,121031.8,265048.25,48.14333333333334,48.356666666666676,48.71333333333335,48.92666666666668,47.786666666666676,47.57333333333334,47.21666666666668,0.04031209362808842,-0.015384615384615384,0.6890167046291485,0.5649159997004621,0.9026904231243408,0.8692481627370894,0.3548462142139589,0.43301814678499145,0.12280701754386007,-0.0011075885725710145,0.001364572467424905,-0.004126737293070068,0.20163487738419617
220,220,2013-07-01,48.25,48.9,48.2,48.26,3648097,M,-0.0,0.33425917581311315,0.9639913903678506,0.05700314965457408,0.6895972558737791,0.07123645835867086,0.5681032977315472,-0.0283758061055753,-1290440.3205202888,47.87696673357156,47.87779777663067,-43288.29999999978,0.16137075273083012,47.74400000000003,48.02700000000002,0.024953171950421904,0.10152491450509316,-0.07657174255467128,0.5714285714285714,0.259999999999998,24.919388724069524,1454178.0,244861.95,48.45333333333333,48.70666666666665,49.15333333333332,49.40666666666665,48.00666666666665,47.75333333333333,47.30666666666666,0.0360669815371404,-0.002686505476338139,0.7617953370083526,0.6194147622813173,0.6803895942769965,0.8553183463979716,0.2651355713807324,0.3999415885795848,0.08571428571427933,4.5591012394521286e-05,0.0012496781566213562,0.006011282964006756,0.2002724795640327
221,221,2013-07-02,48.25,48.68,48.01,48.4,3605398,M,0.0,0.3229889503027337,0.9247925383188036,0.02138815172896353,0.7837868665786064,0.07125456120435603,0.6088487952110745,-0.027950530648000863,2617.332541617565,48.051311155714366,47.92753132172461,-790161.5999999972,-0.14919944242609096,48.10800000000002,48.02750000000002,0.06834839179360586,0.09488960996279573,-0.026541218169189862,0.5714285714285714,0.14000000000000054,24.76946120979845,1725661.4,625474.5,48.36333333333334,48.71666666666668,49.03333333333334,49.38666666666668,48.04666666666667,47.69333333333334,47.37666666666667,0.014037293107060584,0.021959459459459443,0.6592044868074474,0.578721069730794,0.25723530084424445,0.8555446095605526,0.3707868983334233,0.41728901369387583,0.5820895522388053,0.0009601243923737852,0.0011539327800917257,0.017003727107185496,0.1989100817438692
222,222,2013-07-03,48.04,48.55,47.79,48.48,2003322,M,0.0,0.31976943040755434,0.9028201998762958,0.01592654299745018,0.7888431928079578,0.07039064148798994,0.6171472764425018,-0.02230431374444809,863016.8829050866,48.19420743714291,47.98014738633294,-361850.49999999814,-0.2351133196921984,48.25800000000003,48.08350000000002,0.10795036276211788,0.09750176052266016,0.010448602239457731,0.5,0.0799999999999983,24.676784442301642,1543528.4,912191.7,48.27333333333333,48.75666666666667,49.03333333333333,49.51666666666666,47.99666666666667,47.51333333333334,47.23666666666667,0.006853582554517098,0.001859888406695522,0.5410824599711844,0.5309849103910848,0.19214577799273785,0.8461571024969413,0.5498228445029838,0.4640133682888989,0.9078947368421046,0.0015915961770665678,0.001075228493356934,0.02760078076783048,0.1975476839237057
223,223,2013-07-05,49.0,49.24,48.47,49.18,2022513,M,0.0,0.3254624939557036,0.8851108398927899,0.036304359130642096,0.9069443204745948,0.07306437173564317,0.8006191479417646,-0.007706034275867014,1159778.354235958,48.52280495809527,48.094419063846004,-1234650.3000000021,-0.20167249966152512,48.46400000000003,48.12300000000001,0.19358779856192854,0.11671896813051386,0.07686883043141468,0.5,0.7000000000000028,24.61274385937429,1139705.6,828771.05,48.96333333333334,49.45666666666668,49.73333333333335,50.22666666666668,48.68666666666668,48.19333333333334,47.91666666666667,0.024583333333333332,0.01172598230816705,0.7431625510297869,0.6408057255059514,0.4398636152268599,0.8790191902585893,0.6739078703612957,0.5076385638958594,0.9220779220779194,0.0024574267577495033,0.0010229537513110703,0.05061593524656352,0.19618528610354224
224,224,2013-07-08,49.36,50.47,49.34,50.27,3735762,M,0.0,0.3325415547103848,0.9390960612404184,0.0682870729223736,0.9047338251077064,0.08279245823348001,1.017151535946308,0.01042813845506572,1400399.3521204076,49.105203305396856,48.30161724827603,3101067.6000000113,0.3070556892835441,48.91800000000003,48.20600000000001,0.34542809139205843,0.16246079278282274,0.18296729860923566,0.5,1.0900000000000034,24.617319677200125,3003018.4,867486.45,50.02666666666667,50.71333333333334,51.15666666666666,51.84333333333333,49.58333333333334,48.89666666666668,48.45333333333335,0.04164939908827197,0.02738606172082574,0.8776345321737273,0.7594615466823981,0.8351167583041684,0.9977733104007844,0.7236081967600391,0.5376738292019575,0.8230088495575252,0.0039153328056466975,0.0010104905656092194,0.09075737781617113,0.19482288828337874
225,225,2013-07-09,50.5,50.77,50.25,50.37,2919525,M,-0.0,0.3230639420072745,0.8832165864083625,0.07663807296243902,0.7723914700640305,0.09110020071510336,0.9756561057970308,0.032875260703946745,103437.90727542779,49.526802203597896,48.49860608180314,1067444.279999998,0.663497101972008,49.34000000000003,48.27800000000001,0.4684319890276569,0.22365503203178966,0.2447769569958673,0.5,0.09999999999999433,24.56852709833911,2857304.0,839315.25,50.46333333333334,50.67666666666668,50.98333333333335,51.19666666666668,50.15666666666667,49.94333333333334,49.63666666666667,0.04070247933884295,0.037273476112026256,0.8961930781754494,0.7803742295789943,0.945330629991686,1.0995338725309405,0.5593285414297674,0.5084448198230205,0.23076923076922445,0.005089225311305411,0.0010286400473367204,0.12453644938081747,0.19346049046321528
226,226,2013-07-10,50.25,50.49,48.96,49.47,4715846,M,-0.0,0.3139581455981349,0.9694543748872484,0.06354516838681261,0.4733241642493421,0.09355430307290448,0.7536015532297186,0.048469493179540385,-436507.82105565036,49.507868135731925,48.59111978831065,-784067.200000004,0.6912301899161194,49.55400000000004,48.32350000000001,0.4876694376917783,0.27645791316378737,0.2112115245279909,0.5,-0.8999999999999986,24.67131402036781,1193055.2,750025.45,49.64000000000001,50.32000000000002,51.17000000000001,51.850000000000016,48.790000000000006,48.11000000000001,47.26000000000001,0.020420792079207963,0.029338327091136006,0.4684696575968653,0.541242863859087,0.7872293185600285,1.1302178411358752,0.4839968053976222,0.4917675353931644,0.33333333333333176,0.004983151481735547,0.0010516082887670813,0.1299651109835591,0.19209809264305178
227,227,2013-07-11,50.0,50.04,49.18,49.69,3675369,M,0.0,0.3053107058300449,0.9548604582356152,0.0411776622612677,0.44830485952706495,0.09654733243417636,0.7749619659596666,0.058103581532041385,100022.71637915436,49.56857875715464,48.695775046579655,-513973.91999999975,1.0313081542778793,49.796000000000035,48.40500000000002,0.5147338835215081,0.32411310723533154,0.19062077628617646,0.5,0.21999999999999886,24.706163636984467,1527464.6,1088640.95,49.63666666666666,50.09333333333333,50.49666666666666,50.95333333333333,49.23333333333333,48.776666666666664,48.37333333333333,0.010370069133794185,0.01907301066447908,0.4684696575968652,0.5412428638590872,0.5126207174905221,1.1683434066190772,0.5203389555363986,0.5014109373391872,0.5930232558139515,0.004510903146414543,0.001080589245771968,0.13832305465357006,0.19073569482288827
228,228,2013-07-12,49.69,50.05,49.24,49.43,3546426,M,-0.0,0.3015665522448463,0.9355457304708658,0.0357329715263601,0.2664424643627066,0.09814423357023548,0.7085629902406695,0.06533716992430508,-506181.4569736011,49.52238583810309,48.76570123262748,46776.799999999006,1.2478713423518426,49.84600000000002,48.43850000000002,0.5093315678808139,0.3611567993644281,0.14817476851638586,0.5,-0.259999999999998,24.70705787131032,413676.8,742397.55,49.57333333333333,49.90666666666666,50.38333333333333,50.71666666666666,49.09666666666666,48.76333333333334,48.28666666666667,-0.016709767256813276,0.01959570957095716,0.4722963005834152,0.5427598778323871,0.4452864246757365,1.1884898644479631,0.4250819374357879,0.4759973148502053,0.2345679012345665,0.003688452528492667,0.001107560741574666,0.13868787312319536,0.18937329700272482
229,229,2013-07-15,49.71,50.5,49.59,50.22,3858441,M,0.0,0.29690060003742363,0.9534729664080838,0.034817977978612566,0.7213015730305974,0.10333457892908976,0.8379293243861108,0.07607498024057767,363060.8105962111,49.75492389206872,48.9042058771531,97028.16000000019,1.86907048772546,49.83600000000003,48.52550000000002,0.56231457785087,0.40138835506171655,0.16092622278915347,0.5714285714285714,0.7899999999999991,24.78490972311554,438212.6,1044752.4,50.10333333333333,50.61666666666666,51.01333333333332,51.526666666666664,49.70666666666666,49.19333333333334,48.79666666666667,-0.002977963073257864,0.028887523048555557,0.6369566206282704,0.6111444629598408,0.4337971876355343,1.2535905274558867,0.5141571890597553,0.4965983031815634,0.69230769230769,0.0034390918233906005,0.0011456770339570866,0.1535481119353312,0.1880108991825613
230,230,2013-07-16,50.26,50.5,49.52,49.75,5493883,M,-0.0,0.2915724379912854,0.9570099042203388,0.02538364229569244,0.5301139983045207,0.10558363986158482,0.7296010285128093,0.07555149680202054,-714071.1321554566,49.75328259471247,48.984757698383945,623186.2400000006,2.2442137507025453,49.71200000000003,48.57250000000001,0.5599244629018614,0.4330955766297456,0.1268288862721158,0.5,-0.4699999999999989,24.926095683972274,-1244469.0,627382.5,49.92333333333334,50.32666666666668,50.90333333333334,51.30666666666667,49.34666666666668,48.94333333333334,48.36666666666668,0.005659995957145768,0.008718572587185721,0.5964272503308062,0.5947908264875981,0.31546790645086586,1.2821153367942075,0.42100275189017616,0.4716550245478109,0.234693877551018,0.002938337759092485,0.0011814720157655733,0.1537083594247768,0.1866485013623978
231,231,2013-07-17,49.84,49.92,49.47,49.53,1751122,M,-0.0,0.2835951277147806,0.8894085836576272,0.02452950048953378,0.3409451312291285,0.1061604653944954,0.6836127504703763,0.0712707780334874,-570856.9053795473,49.678855063141654,49.036685536637364,1454050.1099999952,2.3765926742798564,49.724000000000025,48.58300000000001,0.5341211028799222,0.453300681879781,0.08082042100014125,0.42857142857142855,-0.21999999999999886,24.938890899384013,-651524.2,413300.2,49.64000000000001,49.81000000000002,50.09,50.26000000000002,49.36000000000002,49.19000000000001,48.91000000000001,-0.003219963775407458,0.024829298572315396,0.5607470721309188,0.5816520077503159,0.30492622058539465,1.2893984725651928,0.3251129457045633,0.4394339110961582,0.13333333333333755,0.0022196832741084786,0.0012095760893298555,0.14835130880756373,0.18528610354223435
232,232,2013-07-18,49.59,49.62,48.82,49.21,3187186,M,-0.0,0.2824953110878201,0.8774874391699432,0.03092549248667148,0.2276465482824825,0.10655082890829867,0.6125211715051856,0.06563356186538259,-77130.66742156481,49.52257004209443,49.05319167600648,1245616.379999998,2.5784734270720677,49.62800000000003,48.62700000000001,0.4822908798434824,0.4590987214725213,0.023192158370961117,0.35714285714285715,-0.3200000000000003,24.91906034211703,-2024035.2,421945.75,49.21666666666667,49.61333333333334,50.01666666666667,50.41333333333333,48.81333333333334,48.41666666666667,48.01333333333334,-0.004450738417964776,0.051046561298590365,0.2684564866924505,0.4342696353812484,0.3836925852821333,1.2953117893309605,0.37924196380304304,0.4440116338492466,0.4875000000000024,0.0013021536873692615,0.0012244061232946804,0.13601441638646536,0.18392370572207084
233,233,2013-07-19,49.25,49.25,48.23,49.03,5933190,M,0.0,0.276795464644591,0.8964891139472846,0.03776394611361101,0.22316164397301452,0.10057367922011826,0.5596730566352431,0.05604659099955519,1230686.5129257748,49.35838002806295,49.05098294495809,-2091034.0,2.5482752300100757,49.54800000000004,48.7375,0.421827988716565,0.45164457492133,-0.02981658620476502,0.35714285714285715,-0.17999999999999972,24.91301251120528,-2501388.0,335112.2,48.83666666666666,49.44333333333334,49.856666666666676,50.46333333333334,48.42333333333333,47.81666666666666,47.40333333333333,-0.023695738749502145,0.0463081519419548,0.1614881618988562,0.341456907676225,0.4677820005092999,1.2254274227476285,0.514265884365428,0.4764213568648568,0.7843137254901978,0.000381928666079207,0.0012247178299667873,0.12146922364087236,0.18256130790190733
234,234,2013-07-22,49.05,49.54,48.91,48.91,2953337,M,-0.0,0.27484481223780194,0.8609572320876469,0.028333657604203387,0.23074633045720885,0.09361908879694257,0.5153093931127655,0.04285326194339264,-359349.8663425024,49.20892001870863,49.0375559978184,70154.700000001,2.50376393638319,49.28600000000005,48.84,0.36007697170255426,0.4333310542775749,-0.07325408257502057,0.35714285714285715,-0.12000000000000455,24.859307668358692,-3863743.6,-75370.2,49.12,49.33,49.75,49.96,48.7,48.49,48.06999999999999,-0.016884422110552834,0.060034677069787525,0.3419267928874544,0.41418544951501546,0.3491131621701924,1.143089074210669,0.3428439229102853,0.43104789430352974,0.0,-0.00040444682273115754,0.0012110628663717365,0.10649388370307758,0.18119891008174388
235,235,2013-07-23,48.98,49.36,48.6,48.79,2824430,M,-0.0,0.2774746803817451,0.8474962678092937,0.02354088540655044,0.2369596509976538,0.0776856396259109,0.4520299856894873,0.03052112554167776,-486794.12455748353,49.06928001247242,49.01397923612012,746102.4000000062,2.5580954128557707,49.09400000000004,48.97250000000001,0.29802045453605785,0.40626893432927147,-0.1082484797932136,0.35714285714285715,-0.11999999999999746,24.80316401255412,-3329853.0,-65710.0,48.91666666666666,49.23333333333333,49.67666666666667,49.99333333333333,48.47333333333333,48.15666666666666,47.71333333333333,-0.014940440137290569,0.047445255474452566,0.2586354146181428,0.3634737570698172,0.288929057037297,0.9511149966449804,0.3118959486068561,0.4138052377022412,0.2499999999999977,-0.0010230279269099675,0.0011842307054700009,0.0910079250290103,0.17983651226158037
236,236,2013-07-24,48.86,49.13,48.15,48.3,4017473,M,-0.0,0.2841311918119357,0.8651634321013884,0.028119457623813446,0.10104231800712353,0.06416840884053572,0.2590538176598444,0.01741834816766787,-932309.822763582,48.81285334164829,48.945981213629075,-649122.9599999994,2.498838613574507,48.84800000000004,49.05850000000001,0.20691611298063609,0.3663983700595445,-0.1594822570789084,0.35714285714285715,-0.490000000000002,24.800933565728634,-3783123.2,-378982.7,48.526666666666664,48.90333333333333,49.50666666666667,49.88333333333333,47.92333333333333,47.54666666666666,46.94333333333332,-0.018492176386913303,0.011942174732872414,0.17299492596095892,0.3003800747098381,0.3433948165020101,0.7870014712758557,0.25895104056783536,0.3889724745379103,0.15306122448979384,-0.0017622521999343364,0.0011385230027430619,0.0655335930186287,0.17847411444141692
237,237,2013-07-25,48.21,48.32,47.65,48.0,4021048,M,0.0,0.29180714091900445,0.8391416411545367,0.03603422159202841,0.15400677350077066,0.06235916102880044,0.14968336294228468,-0.00014262861395774402,-85548.58980909758,48.54190222776553,48.85588776470796,-945328.2199999988,2.2664988992379906,48.606000000000044,49.071999999999996,0.10924842554148027,0.3149683811559316,-0.20571995561445133,0.2857142857142857,-0.2999999999999972,24.71077820276858,-3949895.6,-725734.45,47.99,48.33000000000001,48.66,49.00000000000001,47.66,47.32,46.99,-0.02100754640016319,-0.0031152647975077586,0.114181863201699,0.24462108870986335,0.4378698436755337,0.7650221875013238,0.3467633802790547,0.4016787207445402,0.5223880597014934,-0.002508447111878006,0.0010736955895377196,0.036834458822604166,0.1771117166212534
238,238,2013-07-26,47.79,48.22,47.48,48.17,2569066,M,0.0,0.29295131457879064,0.8259227556672654,0.032757852662708815,0.333605807590951,0.0622554644680593,0.2044250233048004,-0.01269258422933823,918309.7843285907,48.41793481851035,48.790565120447376,188292.90999999343,1.7640561747920782,48.43400000000004,49.07300000000001,0.04504441474183096,0.2609835878731115,-0.21593917313128053,0.21428571428571427,0.1700000000000017,24.51543137649009,-2249444.4,-799362.5,47.95666666666667,48.43333333333334,48.69666666666668,49.173333333333346,47.69333333333334,47.21666666666667,46.95333333333334,-0.015129830300551931,0.0035416666666667025,0.09827796651826697,0.2276415872132409,0.39664845896640993,0.7637656019602685,0.5419863976635152,0.4522266932883118,0.9324324324324365,-0.0028464862230521025,0.0009985589488747237,0.01717257935835523,0.1757493188010899
239,239,2013-07-29,48.08,48.52,47.97,48.27,1993962,M,0.0,0.2904665130011594,0.7891330549116304,0.024414270615196,0.4694748596370637,0.06078906691685947,0.22636689092580456,-0.021855073871822558,596206.4332031565,48.36862321234023,48.74098748992674,-547313.2200000064,1.3082864763842499,48.30600000000005,49.08650000000002,0.002206008326353981,0.20922807196376,-0.207022063637406,0.21428571428571427,0.10000000000000142,24.283914498987,-1259984.6,-420624.3,48.25333333333334,48.536666666666676,48.80333333333334,49.08666666666668,47.98666666666667,47.70333333333333,47.43666666666667,-0.010657921705267392,0.00020721094073777695,0.3291345306974001,0.325310822070237,0.2948389390844148,0.7459806333036059,0.5431424469271932,0.4611055363520916,0.5454545454545491,-0.002797008826053964,0.0009186814992523748,0.003305716303456835,0.17438692098092645
240,240,2013-07-30,48.53,48.7,47.9,48.16,4140002,M,-0.0,0.2830937590199035,0.7905819809234136,0.009770529095988122,0.4575140711343211,0.06129574162711971,0.19369985060272552,-0.029290642731001994,-108485.9684162286,48.299082141560156,48.685655348027105,-15709.360000008037,0.9596299321828108,48.18000000000005,49.08150000000002,-0.04015691409849609,0.15935107475130875,-0.19950798884980486,0.21428571428571427,-0.11000000000000654,24.160208799435267,-1523099.0,-810029.25,48.25333333333333,48.60666666666666,49.05333333333334,49.40666666666666,47.80666666666666,47.45333333333333,47.00666666666665,-0.002898550724637693,-0.004958677685950454,0.4478721835512214,0.3808309034090326,0.11768602296117706,0.7521217356678693,0.4704282979514607,0.4481431043181247,0.3249999999999958,-0.002625522960039669,0.0008345975298886071,-0.011213507950636964,0.17302452316076294
241,241,2013-07-31,48.29,48.96,48.11,48.34,4701014,M,-0.0,0.2770590793221833,0.7985043834669587,0.010685192333516816,0.79520407106012,0.06154196983666563,0.2554949543034023,-0.03234274927474325,-612158.9513616972,48.312721427706784,48.65273579107114,189493.64000000077,0.6074813327875526,48.188000000000045,49.07850000000001,-0.05853063503086275,0.11577473279487445,-0.1743053678257372,0.2857142857142857,0.18000000000000682,24.161960343863964,220598.4,-755248.45,48.47,48.83,49.32000000000001,49.68,47.98,47.62,47.13,0.007083333333333405,-0.002887788778877753,0.5934008047175816,0.457095241890133,0.1287245120418772,0.7550968916571987,0.4038149437323477,0.43123311679151705,0.27058823529412185,-0.0022289601568509505,0.0007520700886413267,-0.018516045991936042,0.17166212534059944
242,242,2013-08-01,48.92,49.54,48.63,49.27,4130042,M,0.0,0.2712611024740912,0.8520371323380304,0.03870990719162054,0.9415563567636116,0.06048308457329583,0.5511645291193494,-0.029679977015959924,458047.722563295,48.631814285137864,48.711522858589795,-11055.600000000066,0.5228948409763864,48.442000000000036,49.118000000000016,0.0019290490200205566,0.09300559603990367,-0.09107654701988313,0.35714285714285715,0.9299999999999996,24.20920087937368,1850816.4,-648912.45,49.14666666666667,49.66333333333333,50.05666666666666,50.57333333333333,48.75333333333334,48.23666666666667,47.84333333333334,0.02283578991073285,0.0018300122000814035,0.7769827400382434,0.5901759236199342,0.468796331044121,0.7427020370177864,0.5036421969204673,0.4571439345546261,0.7032967032967066,-0.001077512320042414,0.0006887873559449331,0.001349408082591158,0.17029972752043598
243,243,2013-08-02,49.15,49.49,48.95,49.46,2150595,M,0.0,0.26910147820437313,0.8104321813596261,0.05044151083056481,0.8093830702072491,0.060780040659834986,0.6098369372393063,-0.02374889119459957,928161.7997051659,48.907876190091905,48.78280639586872,-2856469.2799999933,0.4721637461082804,48.70000000000003,49.13200000000002,0.06443245894011085,0.08729096861994512,-0.022858509679834268,0.35714285714285715,0.18999999999999773,24.24139001832929,1767122.2,-642508.35,49.3,49.65000000000001,49.84,50.19000000000001,49.11000000000001,48.76000000000001,48.57000000000001,0.024652993577791545,-0.01611298985478421,0.7769827400382434,0.5901759236199342,0.6141253943621271,0.7465612394247535,0.650576279428459,0.5035535069262356,0.9444444444444422,0.00018662950307656056,0.0006441369830336839,0.02274406784027681,0.16893732970027248
244,244,2013-08-05,49.28,49.72,49.22,49.67,2100294,M,0.0,0.2689701115451606,0.7690412238450093,0.05587708277084479,0.7521137809380191,0.057803205242022274,0.7001231050379311,-0.016091762906726346,962474.0494718358,49.161917460061275,48.86730102483549,-811899.1999999972,0.4082556650056667,48.980000000000025,49.10200000000002,0.1294202306076926,0.09571682101749462,0.033703409590197964,0.42857142857142855,0.21000000000000085,24.26885867872737,1788388.6,-724281.75,49.53666666666667,49.85333333333334,50.03666666666666,50.35333333333334,49.35333333333334,49.03666666666667,48.85333333333334,0.03135382059800675,-0.013897161008536744,0.834915640462129,0.6391651937251832,0.6842148785289949,0.7095632459484446,0.7337175196189746,0.5413103157912511,0.9000000000000057,0.0013086080237190475,0.0006175842551744278,0.046011422490914236,0.16757493188010897
245,245,2013-08-06,49.34,49.52,47.91,48.44,4809515,M,-0.0,0.27275292370150184,0.9011690606656754,0.04955366625972,0.2547237872072643,0.053655932517827055,0.2849348518855442,-0.017315229163924868,-168380.42241355634,48.92127830670751,48.826605689136045,-2712098.4000000083,0.2374727537998336,49.03600000000003,49.00550000000002,0.08074204392988804,0.09272186559997332,-0.01197982167008528,0.42857142857142855,-1.2300000000000042,24.50006051562636,1654486.0,-1110733.75,48.62333333333334,49.33666666666667,50.23333333333335,50.94666666666668,47.72666666666667,47.01333333333333,46.11666666666666,0.002068680182043739,-0.02082069941378616,0.2718379257185937,0.3541802314439641,0.6074783946779079,0.6573589502505938,0.5988758619405998,0.5211086234853743,0.3291925465838503,0.0011105571366227971,0.0005825973303737434,0.028603292347333813,0.16621253405994552
246,246,2013-08-07,48.13,48.19,47.46,47.83,4852875,M,0.0,0.2732301187010951,0.9116798525769184,0.06324005447495303,0.14324824324330465,0.057022367800975166,0.10802711870042488,-0.020386216625262098,-71770.01757830605,48.55751887113834,48.731690861597535,-5064749.040000008,0.045220233962636525,48.934000000000026,48.92350000000002,-0.0069772421768306,0.07278204404461254,-0.07975928622144314,0.42857142857142855,-0.6099999999999994,24.678192128421248,-256291.8,-1117585.2,47.82666666666668,48.19333333333335,48.55666666666668,48.923333333333346,47.46333333333335,47.09666666666668,46.733333333333356,-0.029226709965496343,-0.037432078889112486,0.20526358132058803,0.2998962442449971,0.7736472064193384,0.6974334527777525,0.5682003463165638,0.5197505941123131,0.5068493150684918,6.970458754514079e-05,0.0005308933698909595,-0.002134382374260244,0.164850136239782
247,247,2013-08-08,48.04,48.37,47.32,48.23,6248327,M,0.0,0.26965846482743666,0.9301225388999956,0.06568002675160825,0.3450157397897255,0.056445154846435676,0.27496705499036106,-0.018336253718222333,1411067.926387982,48.448345914092215,48.68391077953984,-302150.52000000124,-0.026256035950626092,48.72600000000003,48.85050000000002,-0.043714834092966726,0.049482668417096684,-0.0931975025100634,0.5,0.3999999999999986,24.861788649656447,167365.2,-988937.3,47.97333333333333,48.62666666666666,49.02333333333333,49.67666666666666,47.57666666666666,46.92333333333333,46.526666666666664,-0.02486858067124957,-0.024276755007080774,0.30111345740068457,0.3471941709720539,0.8000812458747163,0.6893435092064518,0.6676891197665977,0.5527902200704193,0.8666666666666658,-0.0006489105453388357,0.0004748326777136082,-0.014933932796770594,0.16348773841961856
248,248,2013-08-09,48.18,48.6,47.66,48.52,4733585,M,0.0,0.2662268985039937,0.93143953371333,0.056609497203819685,0.4934490945658978,0.05565296129247475,0.3950717898444194,-0.014687478084365947,1681237.8902989558,48.472230609394806,48.668300229107224,-82310.10000000057,0.011555130724498763,48.53800000000002,48.80500000000002,-0.04886576992129221,0.029812980749418905,-0.07867875067071113,0.5,0.29000000000000625,25.01717470571611,683963.2,-574936.75,48.26,48.86,49.2,49.8,47.92,47.31999999999999,46.97999999999999,-0.023152808536339813,-0.03385105535643162,0.4251398263085134,0.40762801331364346,0.6869279438197503,0.6790356939698078,0.7500906188514914,0.5872762578757814,0.9148936170212788,-0.0008422964732579817,0.0004217438128248611,-0.016918005377998202,0.16212534059945505
249,249,2013-08-12,48.25,48.48,47.93,48.11,4973774,M,-0.0,0.2595474560164011,0.8859142625515533,0.022810027019416063,0.3945489404735469,0.049922124764398994,0.2575254032259327,-0.01333492490978093,-157558.23650703914,48.35148707292988,48.61512877871535,152946.35999999673,-0.008516531703633201,48.22600000000002,48.69950000000002,-0.0850510811062577,0.006840168378283579,-0.09189124948454128,0.5,-0.4100000000000037,25.004137170766835,-730850.4,-1016547.5,48.17333333333333,48.41666666666665,48.72333333333332,48.96666666666665,47.86666666666665,47.62333333333333,47.31666666666666,-0.006812551610239436,-0.032964824120603024,0.4251398263085133,0.4076280133136434,0.2750090907595899,0.6077956287409625,0.6091513216585704,0.5625140168656301,0.32727272727272844,-0.0011108023300506749,0.00036454511987155515,-0.02935101823827655,0.16076294277929154
250,250,2013-08-13,48.0,48.65,47.9,48.5,6384439,M,0.0,0.2700340851394914,0.8677923608780128,0.023856524571775298,0.7276694835532957,0.04573987737863807,0.4384172906400455,-0.0077328535932537435,870081.9901432181,48.40099138195325,48.60416413312328,-33017.08000000516,0.02409136893402075,48.23800000000002,48.63700000000002,-0.08132104205244417,-0.010792073707861978,-0.0705289683445822,0.5714285714285714,0.39000000000000057,25.040177301581807,1507940.4,-422631.4,48.35,48.8,49.1,49.55,48.05,47.6,47.3,0.01400794480451603,-0.020795477488390897,0.5427054890267163,0.4593021517686055,0.2876977580733243,0.5561626040162052,0.672767547772381,0.5851317295453723,0.8000000000000019,-0.0009944982959810534,0.0003123976326150258,-0.02831291861084988,0.1594005449591281
251,251,2013-08-14,46.69,46.95,46.06,46.33,17051242,M,-0.0,0.28369028386113365,1.0774200460942776,0.07641903067776303,0.061060556518232126,0.059530790404668875,-0.24396869230164495,-0.020832065710304846,-2141047.918385254,47.71066092130216,48.38757707282341,-21497893.040000014,-0.4927494991504455,47.93800000000002,48.47700000000002,-0.2505773237582076,-0.058749123717931125,-0.1918282000402765,0.5714285714285714,-2.1700000000000017,24.938833575006214,-931733.0,-1187637.4,46.44666666666666,46.83333333333333,47.33666666666667,47.72333333333333,45.94333333333333,45.55666666666666,45.05333333333333,-0.03939456769645446,-0.058524690103637526,0.13240095191267728,0.2170788781459895,0.9158438731576516,0.7214685316117837,0.5496352940205371,0.5582973540185475,0.3033707865168493,-0.002411770448366753,0.0002264331594772677,-0.08158000081468599,0.15803814713896458
252,252,2013-08-15,45.85,46.41,45.26,46.3,9929215,M,0.0,0.2978934874924279,1.0870973732817069,0.09598241926396958,0.2256886049097508,0.07019604287127089,-0.09878914970939293,-0.03542481520221498,1510257.9864877642,47.24044061420144,48.188760208742984,-7798507.20000001,-0.9572686711122118,47.55200000000003,48.33150000000002,-0.3827231020169464,-0.1235439193777342,-0.2591791826392121,0.5714285714285714,-0.030000000000001137,24.932209525431038,-4167241.4,-1524738.85,45.98999999999999,46.71999999999998,47.13999999999998,47.86999999999998,45.56999999999998,44.83999999999999,44.41999999999998,-0.04575432811211883,-0.0556801957984908,0.09067344608212208,0.17079620478889318,1.141039000210071,0.8481700115082076,0.6678728047093436,0.5912545418349184,0.9043478260869569,-0.0038582246929210772,0.00011691435856596712,-0.1213469518455858,0.15667574931880107
253,253,2013-08-16,46.13,46.13,44.98,44.99,7749676,M,-0.0,0.3122466750927129,1.118151056844146,0.12331221811908563,0.1787084172548995,0.09248763647489053,-0.20528631360148455,-0.057383634365452574,-2111153.241317991,46.49029374280096,47.884116379336106,12464098.439999964,-1.7077640316368974,46.84600000000002,48.12950000000002,-0.5863960265200845,-0.2161143408062043,-0.3702816857138802,0.5,-1.3099999999999952,24.992756981258406,-6663893.6,-1615563.15,45.36666666666667,45.75333333333334,46.51666666666667,46.90333333333334,44.60333333333333,44.21666666666666,43.45333333333333,-0.06485138224901263,-0.08014720915968095,0.07854401341630968,0.1569543896178268,1.4441710425016718,1.1128459249295617,0.4481470871975349,0.5357727428190794,0.00869565217391745,-0.005812402642265307,-3.066093343491047e-05,-0.17826227743685155,0.15531335149863762
254,254,2013-08-19,45.07,45.37,44.8,44.95,4554457,M,-0.0,0.3188379691647441,1.0450642492649265,0.1249985755400235,0.2811893531304893,0.10871775250292266,-0.07215451266414863,-0.07697850767268315,-1664231.5124068242,45.97686249520064,47.604676724158935,7255923.299999969,-2.3978927800348755,46.21400000000002,47.93150000000003,-0.7424771379903561,-0.32138690024303473,-0.42109023774732135,0.5,-0.03999999999999915,24.96862429436687,-6580030.2,-1695619.15,45.04,45.28,45.61,45.85,44.71,44.47,44.14,-0.07319587628865974,-0.07870465259274434,0.07010395598572303,0.14785097815592446,1.4441710425016618,1.30275123852346,0.3864840230439739,0.5098094239538913,0.263157894736852,-0.007252529474231438,-0.00020337672274360136,-0.22127256467349085,0.1539509536784741
255,255,2013-08-20,45.1,45.75,44.99,45.61,8227147,M,0.0,0.3277368772527009,1.0123890160296023,0.058978814315812075,0.490340164315031,0.11588115306382818,0.1093702289499846,-0.08711102365535657,1009633.4448067016,45.85457499680043,47.41470751233286,296032.0199999988,-2.893778541678208,45.63600000000002,47.77250000000003,-0.8036520586379723,-0.4178399319220223,-0.38581212671595,0.5,0.6599999999999966,24.913787951829015,-6211488.6,-1143040.3,45.45000000000001,45.91000000000002,46.21000000000002,46.670000000000016,45.15000000000002,44.69000000000001,44.39000000000002,-0.015540686380315109,-0.055693581780538265,0.2942465719913598,0.2555751853414483,0.6728892925291002,1.3839830961854338,0.5295858399240524,0.5389503810712819,0.8157894736842093,-0.007408527075355714,-0.00037847647663247,-0.2353850356916941,0.1525885558583106
256,256,2013-08-21,45.41,45.64,44.56,44.93,6897503,M,-0.0,0.3362867674997856,1.021403813892322,0.05283970341850711,0.3222480060529769,0.12732533603051982,0.05883289198920704,-0.09894912223532558,-332511.3314131138,45.54638333120028,47.1780687016329,-46860.920000007325,-3.628186325810368,45.35600000000003,47.60400000000003,-0.8966677136132191,-0.5136054882602616,-0.3830622253529574,0.42857142857142855,-0.6799999999999997,24.99777869873196,-4180740.8,-1287041.8,45.04333333333333,45.526666666666664,46.12333333333334,46.60666666666666,44.44666666666666,43.96333333333333,43.36666666666666,-0.029589632829373595,-0.06395833333333334,0.2129353217096763,0.21861652144899776,0.5991493970624525,1.5152988240992171,0.4672547574802319,0.5202496393112803,0.3425925925925908,-0.00740481483927898,-0.00056276879591459,-0.2577427082110989,0.15122615803814715
257,257,2013-08-22,45.0,45.36,44.8,44.95,2913492,M,-0.0,0.34669377746503544,0.959883305373346,0.026059936482592427,0.3842492406336506,0.13681310997516513,0.11467885116949254,-0.11060103521395967,-590832.9866742119,45.34758888746686,46.965871682428464,3507012.2999999817,-4.603833420407809,45.08600000000003,47.45150000000003,-0.9577293496900054,-0.6024302605462104,-0.35529908914379504,0.35714285714285715,0.02000000000000313,25.007234253428408,-1612199.4,-940314.8,45.03666666666667,45.27333333333334,45.59666666666668,45.83333333333334,44.71333333333334,44.47666666666667,44.15333333333334,-0.0008890864636585717,-0.06684658501141788,0.2129353217096763,0.21861652144899774,0.2937345740635407,1.6229968219966382,0.4007888859392052,0.4962122586964546,0.2678571428571519,-0.0070753447314113125,-0.0007484879323100852,-0.2743954311076175,0.14986376021798364
258,258,2013-08-23,44.92,45.08,44.44,44.79,3713771,M,0.0,0.35839478323873863,0.9172321979902331,0.028620006582661686,0.3014298318799931,0.1452943661876138,0.13718439265069893,-0.1181692951532123,-101615.60964020011,45.161725924977894,46.75864580791033,445722.4800000018,-5.535463497068559,45.04600000000003,47.28250000000003,-1.007418901004698,-0.683427988637908,-0.3239909123667899,0.2857142857142857,-0.1600000000000037,24.940729059364294,-805018.4,-1254456.65,44.77,45.10000000000001,45.41,45.74000000000001,44.46000000000001,44.13,43.82000000000001,-0.0035595105672970788,-0.07209446861404607,0.14650337561439014,0.18699623374530505,0.3223042041306448,1.7174702173164635,0.4494842572928041,0.5010372816777715,0.5468750000000018,-0.0066049385062372495,-0.0009329181933221828,-0.29012084579507075,0.14850136239782014
259,259,2013-08-26,44.76,44.9,44.13,44.16,5269423,M,-0.0,0.3728833742773472,0.8976012382582016,0.046012528311520466,0.1475276728172468,0.15591154272118596,0.10258030949097574,-0.1255628048532582,-1549011.2859534456,44.8278172833186,46.51115573096525,-1861185.4900000147,-6.725292273933692,44.88800000000002,47.07700000000003,-1.0851253140317922,-0.763767453716685,-0.3213578603151073,0.2857142857142857,-0.6300000000000026,24.925749568166875,-948011.6,-1617625.9,44.39666666666667,44.66333333333333,45.16666666666666,45.43333333333333,43.89333333333334,43.62666666666667,43.12333333333334,-0.03179127384345545,-0.08305647840531563,0.10646185748657548,0.1630030235894599,0.5163525927118829,1.834961924171319,0.31264318451554657,0.4570300204664334,0.03896103896103141,-0.006478463782715548,-0.0011223339555097415,-0.31256817618078864,0.14713896457765668
260,260,2013-08-27,43.8,43.94,43.38,43.47,5329312,M,-0.0,0.3741492540679736,0.8819210731571072,0.057607955352541124,0.11346993932582035,0.16933213981734502,0.07482032426857146,-0.13953413111217547,-1604967.6605982129,44.3752115222124,46.22152185182439,-2132514.120000001,-7.658650159654576,44.46000000000002,46.84250000000004,-1.188683041355688,-0.8487505712444857,-0.3399324701112022,0.2857142857142857,-0.6899999999999977,24.878562751964974,-3659303.4,-1677091.4,43.59666666666666,43.81333333333333,44.15666666666666,44.37333333333332,43.25333333333333,43.03666666666667,42.693333333333335,-0.03249499221010463,-0.10074472486553587,0.05528351863221462,0.11925323902197747,0.6403124237434947,1.9829851898484976,0.2620002182484579,0.4288094742994341,0.1607142857142805,-0.006813308596691034,-0.001322233057217275,-0.3407542455719433,0.14577656675749318
261,261,2013-08-28,43.52,44.58,43.36,44.32,7104523,M,0.0,0.365976017244833,0.926998263402826,0.05268726475516195,0.4922946786941016,0.1737909539133981,0.2136026388921731,-0.13779095427711174,965719.5911998769,44.35680768147493,46.04042453260228,293616.00000000675,-8.270573116436456,44.33800000000001,46.641500000000036,-1.1884654997188164,-0.9166935569393521,-0.2717719427794645,0.2857142857142857,0.8500000000000014,24.90061199313175,-858898.2,-1556915.95,44.08666666666666,44.81333333333333,45.30666666666666,46.03333333333333,43.59333333333333,42.86666666666667,42.373333333333335,-0.01401557285873198,-0.1004668155063934,0.3999133450511834,0.3068675176822636,0.5840119861785927,2.0264676942379407,0.4369618941328522,0.46291192873787895,0.7868852459016408,-0.0062735200844611675,-0.0015087997572439365,-0.33766510765837765,0.14441416893732972
262,262,2013-08-29,44.21,45.19,44.11,44.61,5705619,M,-0.0,0.35812332917159057,0.9473984949491158,0.04608529634086471,0.6666506494961304,0.17027931581052624,0.2724111328204958,-0.13260187676297475,498070.3813138736,44.441205120983284,45.904193624734894,428989.9800000002,-8.684936550784348,44.27000000000002,46.40850000000004,-1.1516173916334438,-0.9636783238781704,-0.18793906775527347,0.2857142857142857,0.28999999999999915,24.99689624679516,-300472.8,-1478137.1,44.63666666666666,45.16333333333333,45.71666666666666,46.24333333333333,44.08333333333333,43.55666666666666,43.00333333333333,-0.004018754186202271,-0.0980590376061464,0.5963839839036145,0.4409983080738128,0.5100490172525204,1.9756019069482036,0.44562891707622265,0.46291678914026796,0.4629629629629637,-0.005142771387089825,-0.0016745112934003494,-0.3267876409879025,0.14305177111716622
263,263,2013-08-30,44.68,44.86,44.25,44.43,3341296,M,-0.0,0.3524159953571329,0.9024120289559004,0.039704423717349516,0.6322045707493363,0.16333559493182245,0.2709269886688318,-0.12601330576323685,-39756.88170396152,44.43747008065553,45.76379423190253,-413954.9699999979,-9.09601780470434,44.19800000000002,46.15700000000003,-1.1239829206992766,-0.9957392432423916,-0.12824367745688506,0.2857142857142857,-0.17999999999999972,25.03363612424216,-225977.8,-1752731.65,44.51333333333333,44.776666666666664,45.12333333333334,45.38666666666666,44.16666666666666,43.90333333333333,43.55666666666666,0.00611413043478268,-0.10549627541775723,0.5963839839036146,0.4409983080738129,0.43871402986485375,1.8847702638170327,0.39544660045518665,0.44693252038524733,0.2950819672131146,-0.0040813261157771055,-0.001822562559291328,-0.3208492000690095,0.1416893732970027
264,264,2013-09-03,44.76,45.0,44.09,44.28,5274122,M,-0.0,0.3469324976730299,0.9034237584284464,0.03974468043163037,0.5329997465189384,0.15127897157560327,0.2684322794560049,-0.11385692982649845,-797822.156711178,44.38498005377036,45.62248049553043,142394.00999999925,-9.652880660025913,44.22200000000002,45.88750000000003,-1.1014888717080211,-1.0168891689355175,-0.08459970277250363,0.21428571428571427,-0.14999999999999858,25.126692084648727,-226917.6,-2121452.45,44.45666666666667,44.82333333333334,45.36666666666667,45.73333333333333,43.91333333333334,43.54666666666667,43.00333333333335,0.01863354037267086,-0.08587943848059447,0.5104638577885158,0.4118042455546849,0.43939731451188974,1.735453452043875,0.3332281365671935,0.4242523954714605,0.20879120879120708,-0.0032868297098278885,-0.001955109446389317,-0.31834176628190514,0.14032697547683926
265,265,2013-09-04,44.15,45.0,44.12,44.8,4903362,M,0.0,0.34044114815649523,0.9003005906379872,0.019444679723843408,0.8606707456748339,0.1437053935714993,0.3621372548840964,-0.10227506468109708,792958.4872446712,44.5233200358469,45.54414901976543,577964.419999996,-9.803469282000098,44.48800000000002,45.70550000000003,-1.0298312678823789,-1.0194775887248901,-0.010353679157489193,0.2857142857142857,0.519999999999996,25.196867546621718,1819617.2,-1635808.6,44.64000000000001,45.16000000000002,45.52000000000002,46.04000000000002,44.28000000000002,43.76000000000001,43.40000000000001,0.010830324909747224,-0.06334936232490071,0.5104638577885159,0.411804245554685,0.21626372788858647,1.6420317164705414,0.4797278486205523,0.4574404790197238,0.7727272727272702,-0.0022266562980553907,-0.0020619680552393343,-0.30102162450578673,0.13896457765667575
266,266,2013-09-05,44.83,46.03,44.8,46.02,6995138,M,0.0,0.3358664220319721,0.944260511886256,0.061947050263435686,0.9292460039130428,0.13740565099391353,0.5646163987568932,-0.07510615539782674,2710183.6061375933,45.02221335723127,45.58946816074025,2994567.8400000036,-9.471592957213991,44.82800000000002,45.615000000000016,-0.8646313645027064,-0.9885083438804532,0.12387697937774678,0.35714285714285715,1.2200000000000057,25.30402596361173,1797740.2,-1043407.95,45.61666666666667,46.43333333333334,46.84666666666668,47.66333333333334,45.20333333333333,44.38666666666666,43.97333333333333,0.031607262945527986,-0.04582210242587589,0.8262690953804117,0.6312756698688434,0.694240592302324,1.5669396925218422,0.6504418719800977,0.5083385208940849,0.9918699186991886,-0.00026734356232477774,-0.0021234131109063546,-0.252277429015261,0.13760217983651224
267,267,2013-09-06,46.1,46.18,44.95,45.08,6742446,M,-0.0,0.33147111052291045,0.9823591103014216,0.0613636433872751,0.5573174506946071,0.1270396697228697,0.43463096819912506,-0.06039881720333869,-633253.0828851112,45.0414755714875,45.54094738352679,514943.5200000021,-9.131148084089542,44.92200000000001,45.45750000000002,-0.8003336467980375,-0.9508734044639702,0.15053975766593264,0.35714285714285715,-0.9400000000000048,25.414800241469177,-691872.8,-1692946.6,45.40333333333333,45.85666666666666,46.63333333333333,47.08666666666665,44.62666666666666,44.17333333333333,43.39666666666666,0.014629754670267803,-0.07089859851607594,0.8464633857597879,0.6535257587662696,0.6891443970607931,1.443726446606838,0.4688582669569204,0.4699911433717589,0.10569105691056567,0.0006834056358656593,-0.0021647544464673003,-0.2300184181260615,0.1362397820163488
268,268,2013-09-09,45.18,45.65,45.18,45.4,3125608,M,-0.0,0.32162667757058344,0.9273778955945654,0.0577641011312216,0.608975716318224,0.1104696434878326,0.5196825197398157,-0.04777814899262138,-315092.9785845273,45.160983714325,45.52752382319087,2399108.6000000183,-8.513613007018572,45.11600000000001,45.30150000000002,-0.7153102651804986,-0.903760776607276,0.18845051142677735,0.42857142857142855,0.3200000000000003,25.462503701756567,601508.0,-1773345.45,45.41,45.63999999999999,45.88,46.10999999999999,45.17,44.94,44.7,0.025293586269195967,-0.05632924547911039,0.846463385759788,0.6535257587662696,0.6515212966590486,1.2511101386160126,0.4686005467656061,0.4698096160394937,0.4680851063829775,0.0013260911259147512,-0.00218253602045875,-0.2044149204010433,0.13487738419618528
269,269,2013-09-10,45.65,45.69,44.46,44.58,6148424,M,-0.0,0.31893720222521915,0.9677275095152896,0.049858205278220616,0.2353926864155888,0.0948411049191209,0.3726547699210165,-0.038778308417165834,-1667408.6801378224,44.96732247621666,45.43728345907729,297011.0,-8.04727409030645,45.176,45.12500000000003,-0.7059579260755271,-0.8642002065009261,0.158242280425399,0.35714285714285715,-0.8200000000000003,25.61479295393628,426647.6,-1832077.95,44.91,45.36000000000001,46.13999999999999,46.59,44.13000000000001,43.68000000000001,42.90000000000001,-0.004910714285714261,-0.08082474226804127,0.4043146914085397,0.4652918155176831,0.5630985704122236,1.069926214868833,0.3449206897136555,0.4343573645699295,0.09756097560975427,0.0009824339421358485,-0.002195415139630668,-0.19846491213886625,0.13351498637602177
270,270,2013-09-11,44.4,44.46,43.88,44.14,6769350,M,-0.0,0.3201599557771005,0.9320305082465836,0.06454388847403163,0.1890601715910445,0.06583419150589763,0.24056425409920296,-0.032201723939596465,-717265.3379462988,44.69154831747777,45.31373265345067,-4591114.9199999925,-7.891421003374986,45.044,44.90700000000002,-0.7256852053674763,-0.8364972062742362,0.11081200090675992,0.35714285714285715,-0.4399999999999977,25.483317331081558,-1907894.8,-2489767.4,44.16,44.44000000000001,44.74,45.02,43.86000000000001,43.58000000000001,43.28000000000001,-0.04085180356366802,-0.04726958774012514,0.2544311418642666,0.3651613566520096,0.7268287281060702,0.7391040094888366,0.37937241383209147,0.435682935760316,0.4482758620689634,3.744782155662759e-05,-0.0022105525783777066,-0.20127404334996185,0.13215258855585832
271,271,2013-09-12,44.09,44.37,43.48,43.53,6442744,M,-0.0,0.3153492593924009,0.9264264404803728,0.06678585859190336,0.1584923146011769,0.0643619001752143,0.07067828998973663,-0.03470253577798044,-1860179.7651900141,44.30436554498518,45.14385335312178,-309035.99999999924,-7.695746296492153,44.54600000000001,44.76700000000002,-0.7815321027194742,-0.8255041855632839,0.04397208284380971,0.35714285714285715,-0.6099999999999994,25.411562255491408,-4595471.2,-1959342.5,43.79333333333333,44.10666666666666,44.68333333333333,44.99666666666666,43.21666666666666,42.90333333333333,42.326666666666654,-0.034383318544809166,-0.059827213822894076,0.18736731705339615,0.3106705172045741,0.7437607142087318,0.720322296285955,0.27164153431502885,0.3995397776193652,0.05617977528090363,-0.0013453783117841026,-0.002236352194865209,-0.21359532391461425,0.1307901907356948
272,272,2013-09-13,43.82,44.71,43.5,44.7,5980632,M,0.0,0.30317251922827265,0.9642362484163232,0.0623569328084268,0.5829422784614915,0.055804850376337735,0.5052130297619297,-0.025802848229542368,1532477.5526827138,44.43624369665679,45.101581605205354,-441682.0800000018,-7.307102182258756,44.47000000000001,44.68700000000002,-0.7230471123583726,-0.8050127709223017,0.08196565856392912,0.42857142857142855,1.1700000000000017,25.374719354423732,-2050855.6,-1163850.15,44.30333333333334,45.106666666666676,45.51333333333335,46.31666666666669,43.89666666666668,43.09333333333334,42.68666666666668,-0.015418502202643078,-0.006445876861524764,0.3814000135599357,0.4005321266613602,0.6932532004976851,0.6234378371918514,0.511672868606714,0.4559393737690342,0.9917355371900844,-0.001485796016267348,-0.0022462991269500193,-0.19410653276910025,0.12942779291553136
273,273,2013-09-16,45.07,45.24,44.83,44.97,3413853,M,-0.0,0.29245305192984306,0.9076714152941466,0.05079188248197503,0.7599422461822066,0.055761722747652016,0.6139752821853645,-0.01262769286427145,565178.568139463,44.614162464437854,45.08905002375722,-4361603.0399999935,-6.647451983620032,44.38400000000001,44.68600000000003,-0.6474472240563003,-0.7734996615491015,0.12605243749280126,0.5,0.269999999999996,25.24113217415251,-1993206.6,-605673.7,45.01333333333333,45.19666666666666,45.42333333333333,45.60666666666666,44.78666666666666,44.60333333333333,44.37666666666665,0.008748317631224778,0.000444938820912036,0.5933156755959399,0.5166193061319437,0.563586728019995,0.6229420856753951,0.4549363839491909,0.4450369014704599,0.34146341463414465,-0.000942382720317265,-0.0022373955621099997,-0.17264867665751826,0.12806539509536785
274,274,2013-09-17,44.99,45.31,44.98,45.05,3020058,M,-0.0,0.28650652429798024,0.8319818932549276,0.057434867336884125,0.7239108589779586,0.0559905460285788,0.643469529236882,-0.004175301490104616,-90762.72915169434,44.75944164295858,45.08533097387557,-1036200.8999999831,-6.037877029368535,44.47800000000001,44.69100000000002,-0.5744564600162789,-0.7336910212425372,0.15923456122625826,0.5714285714285714,0.0799999999999983,25.104875445957838,-159510.2,-226947.95,45.11333333333332,45.24666666666665,45.44333333333332,45.57666666666666,44.91666666666664,44.78333333333332,44.586666666666645,0.020616221114635173,-0.012278009208506956,0.6175419777818958,0.5308016388629809,0.6386470073524833,0.6255683731408042,0.3739979933398638,0.4228544548657447,0.21212121212120952,-0.00023449377036357665,-0.002211336747851868,-0.1539322496168908,0.12670299727520434
275,275,2013-09-18,45.17,45.78,44.5,45.58,4266163,M,0.0,0.27749189380356243,0.8917176408209374,0.0680044330898462,0.767386138891569,0.0557876532295758,0.8571826338565743,0.0037028838485242384,1135633.2767243902,45.03296109530572,45.13244230969699,519909.0999999995,-5.627898860033864,44.76600000000001,44.68950000000002,-0.4684442493526859,-0.680641666864567,0.21219741751188104,0.5714285714285714,0.5300000000000011,25.11229263603837,2047592.4,-424997.15,45.28666666666667,46.07333333333334,46.56666666666666,47.35333333333334,44.79333333333334,44.00666666666667,43.51333333333334,0.047093958189754134,0.014466948586690375,0.39286970752710976,0.428837967823086,0.7610716129250139,0.6232805822507823,0.5305819955599085,0.4629397448785712,0.8437499999999979,0.000786873267348922,-0.002161535247768783,-0.1267176562516992,0.1253405994550409
276,276,2013-09-19,45.66,45.98,45.34,45.45,3435700,M,-0.0,0.27787437987973074,0.8581552887114782,0.03193672499259483,0.7080525875450864,0.05763830034489336,0.7849853551921324,0.004951730786847418,-116519.39659669367,45.17197406353714,45.16268589924969,166256.80000000235,-5.1241699545302435,45.15000000000001,44.71550000000003,-0.390418223906174,-0.6225969782728884,0.2321787543667144,0.5714285714285714,-0.12999999999999545,25.0645618377015,2649001.2,-251907.0,45.59,45.83999999999999,46.22999999999999,46.47999999999998,45.2,44.95,44.56,0.016778523489932886,0.011123470522803113,0.4991610474706184,0.478196228497998,0.36048578335391424,0.6443313547680203,0.4110129970399393,0.4352192929853487,0.17187500000000086,0.0014979710119087148,-0.0020958353683295837,-0.1072745048920417,0.12397820163487738
277,277,2013-09-20,45.39,45.57,44.58,44.62,5410871,M,-0.0,0.28185500050243434,0.875734583549948,0.03423609606000085,0.16735955102085354,0.057471722163210864,0.4692478791355699,0.003592203095562676,-1483291.700443319,44.987982709024756,45.11100152789253,-1098919.6800000009,-4.913730230748965,45.13399999999999,44.69900000000003,-0.3910483381385816,-0.5762872502460271,0.18523891210744547,0.5714285714285714,-0.8300000000000054,25.000514135465703,370700.6,-668125.15,44.92333333333334,45.26666666666668,45.91333333333334,46.25666666666668,44.27666666666668,43.93333333333334,43.286666666666676,-0.0077829664220591815,-0.003795490064746633,0.2584476681153988,0.3444989241645468,0.3863029898930197,0.6422321272433409,0.28747667816130607,0.3976178403585264,0.04040404040403946,0.0011888192150286807,-0.0020334838078117754,-0.10687439656665593,0.12261580381471388
278,278,2013-09-23,44.62,44.78,44.18,44.69,4426172,M,0.0,0.2911632980734247,0.8389699724099551,0.03846130977666422,0.2762087940535279,0.05744623809064652,0.4984420655786729,-0.00035076540593616533,660766.3795201362,44.88865513934983,45.07090614428368,-752758.7200000052,-4.627910355606152,45.078,44.69400000000003,-0.3815015804807516,-0.537330116292972,0.15582853581222045,0.5714285714285714,0.07000000000000027,24.856493629015652,573164.4,-261128.0,44.55,44.92000000000001,45.15000000000001,45.52000000000001,44.32000000000001,43.95,43.72000000000001,-0.007991120976692552,0.012001811594202926,0.1906896034628601,0.2934639069436605,0.4334397305281175,0.6418755413058395,0.4749844521075355,0.4407018555625079,0.8499999999999946,0.0006730472607792737,-0.0019721885767768465,-0.10495240078715648,0.12125340599455042
279,279,2013-09-24,44.49,44.62,43.4,43.58,7738418,M,-0.0,0.3036734092673285,0.8991073094219609,0.07148925090643367,0.12393504893999695,0.06083364410041001,0.10068229428909498,-0.014005537072418512,-1243683.8747283728,44.452436759566545,44.92891508292324,-2420648.879999998,-4.455971929556724,44.784000000000006,44.665000000000035,-0.458221339197145,-0.5215083608738066,0.06328702167666156,0.5,-1.1099999999999994,24.8920098857302,-1578530.8,-384577.75,43.86666666666667,44.33333333333334,45.08666666666666,45.55333333333334,43.11333333333334,42.64666666666667,41.893333333333345,-0.043878894251864864,0.002530480791350344,0.11114177267100214,0.21877406882072284,0.8003936531484315,0.6792836784362039,0.3658366292738761,0.4127817725190652,0.1475409836065573,-0.0007110279932109915,-0.0019321597295989988,-0.1238868285093612,0.11989100817438691
280,280,2013-09-25,43.61,43.74,42.7,42.8,6925637,M,-0.0,0.3157876588358036,0.9178930014990327,0.09398281056163676,0.15645591294547992,0.06755385142055223,-0.10745669870100652,-0.02617447658854387,-1953889.233822309,43.90162450637771,44.72616126550186,-4723988.8500000015,-4.657992321578373,44.22800000000001,44.63150000000003,-0.5753297388603258,-0.5322726364711104,-0.04305710238921534,0.42857142857142855,-0.7800000000000011,24.970371105246958,-3816890.8,-464394.0,43.08000000000001,43.46000000000001,44.12000000000001,44.50000000000001,42.42000000000001,42.040000000000006,41.38000000000001,-0.05830583058305841,-0.0342960288808665,0.07292181116235302,0.17227171765108254,1.039167936380018,0.7537574299190946,0.2759423682338644,0.3826267319128349,0.09615384615384076,-0.002613094830368229,-0.0019219029453145017,-0.15267242655599894,0.11852861035422341
281,281,2013-09-26,42.89,43.35,42.68,43.32,5070822,M,0.0,0.3186615477269961,0.8848406012991621,0.07562599879597151,0.35449364085664165,0.07238952160744021,0.10910791964805636,-0.030622614864299826,1181994.6803767008,43.707749670918474,44.5922411449778,693574.9599999947,-4.755332267702628,43.80200000000001,44.58150000000003,-0.6190433883097199,-0.5496267868388324,-0.06941660147088757,0.5,0.5200000000000031,24.94518474548477,-2115586.4,-566079.05,43.11666666666667,43.55333333333334,43.78666666666667,44.223333333333336,42.88333333333333,42.446666666666665,42.21333333333333,-0.029134917077543638,-0.028917283120376582,0.07193235356476349,0.171044081296307,0.8281424998152861,0.8068083643855244,0.5023695390215807,0.4371597936923106,0.9552238805970134,-0.003657984591371762,-0.001922857072873986,-0.16296135367924072,0.11716621253405995
282,282,2013-09-27,43.29,43.8,43.22,43.52,5432068,M,0.0,0.3237310387170184,0.8441951877926068,0.06344982631284624,0.4775790455930621,0.07553864948070509,0.2006103249185079,-0.03417771924912225,948045.8137144585,43.645166447278996,44.49012294069414,-1075369.680000009,-4.952837300881979,43.58200000000001,44.52700000000003,-0.6302829326030803,-0.5657580159916821,-0.06452491661139836,0.5,0.20000000000000284,24.93369665812821,53001.4,-579756.6,43.51333333333333,43.80666666666666,44.09333333333333,44.38666666666666,43.22666666666666,42.93333333333333,42.646666666666654,-0.026180353546654614,-0.02048165653837489,0.3498265718063534,0.3031003926332028,0.6913175825916162,0.8408773613568394,0.5073268191178384,0.44478661137022335,0.5172413793103537,-0.003882621877015527,-0.0019268505388675766,-0.16633630893697088,0.11580381471389645
283,283,2013-09-30,43.08,43.37,42.92,43.27,3835262,M,0.0,0.3207974215623544,0.8116358294202595,0.028402332787728125,0.4772314075453038,0.0797570086420271,0.16194064169620756,-0.038420496359718205,1384504.3374782016,43.520110964852655,44.37392075586608,61777.999999996486,-5.072681136310097,43.298,44.46900000000003,-0.6518491518282516,-0.5829762431589959,-0.06887290866925577,0.5,-0.25,24.89032134630399,-1599285.4,-604454.9,43.18666666666667,43.45333333333333,43.63666666666667,43.90333333333333,43.00333333333334,42.73666666666667,42.55333333333334,-0.007113354749885158,-0.022809394760614228,0.27341501945782754,0.26929987955763185,0.3074410512607631,0.8866786043255763,0.597477138671155,0.4765000557900058,0.7777777777777883,-0.003872037706740415,-0.0019361173981375266,-0.1733142209351006,0.114441416893733
284,284,2013-10-01,43.23,43.8,43.2,43.44,4646009,M,-0.0,0.31797885263258063,0.7834177188308907,0.02593345992906753,0.6514961387320812,0.08242982492452197,0.2304832336276228,-0.03830869855618282,463586.0493481399,43.49340730990176,44.28497592197403,62884.720000004236,-5.1203761130084375,43.27,44.427000000000035,-0.6477560284116777,-0.5959322002095323,-0.051823828202145365,0.5714285714285714,0.1699999999999946,24.830707223544067,877600.0,-108448.35,43.48,43.75999999999999,44.08,44.35999999999999,43.16,42.88,42.56,0.014953271028037398,-0.03035714285714285,0.4948342591622154,0.3853987739662013,0.2805352027826881,0.9155274579804352,0.5316514257807684,0.4692143361909542,0.3999999999999953,-0.003510839460058885,-0.0019443291322627137,-0.1748029913615193,0.11307901907356949
285,285,2013-10-02,43.18,43.98,43.02,43.97,5560082,M,0.0,0.3066779183803792,0.8069620229867711,0.025601516597953157,0.9183993810314742,0.08259822119015862,0.3866662609615265,-0.04073504537680762,2072618.077369365,43.65227153993451,44.254978215119344,1207373.9999999923,-5.023059915784606,43.50400000000001,44.385500000000036,-0.5948881279857403,-0.5957233857647739,0.0008352577790335937,0.6428571428571429,0.5300000000000011,24.87821137882959,3374743.8,-75612.35,43.65666666666666,44.29333333333333,44.61666666666665,45.25333333333332,43.33333333333334,42.69666666666667,42.37333333333334,0.015004616805170791,-0.04454584963059549,0.4948342591622154,0.3853987739662013,0.2784420945193385,0.9165408366589471,0.6842953949649574,0.5187732882997708,0.9895833333333354,-0.002563191779962577,-0.0019400157411944266,-0.16290206668270818,0.11171662125340598
286,286,2013-10-03,43.96,44.48,43.58,44.21,5835269,M,0.0,0.2958201737198299,0.8193670865885349,0.03594318167969817,0.8362907253214124,0.07514418332438694,0.4744630603086967,-0.04136192511414364,1552848.8314202344,43.83818102662301,44.250694575584156,915730.2000000036,-4.800896467292509,43.681999999999995,44.29500000000004,-0.5275427572520428,-0.5820872600622277,0.054544502810184865,0.6428571428571429,0.24000000000000196,24.85082408757575,3527633.2,-133605.8,44.09,44.60000000000001,44.99,45.50000000000001,43.70000000000001,43.19000000000001,42.80000000000001,0.015854779411764653,-0.019299023957408998,0.7018831990851658,0.5114623972100121,0.3925175155331439,0.8321279000884305,0.6895302633099729,0.5360329751283701,0.7000000000000041,-0.001386311145427222,-0.0019203577113048671,-0.14727579545230826,0.11035422343324253
287,287,2013-10-04,44.28,44.28,43.73,44.07,4433027,M,0.0,0.2951621921223213,0.7834514750433975,0.03766302661777012,0.6685523448478784,0.07344587107477206,0.4463006840143756,-0.040037923852387886,789770.2221631616,43.91545401774866,44.23348556838567,-112705.5000000016,-4.61384806334314,43.792,44.24450000000004,-0.4799354980450374,-0.5616569076587896,0.08172140961375217,0.5714285714285714,-0.14000000000000054,24.73387066342922,1554614.2,-18134.85,44.026666666666664,44.32333333333333,44.57666666666668,44.87333333333334,43.77333333333333,43.47666666666666,43.22333333333332,0.018488560203374096,-0.029295154185021988,0.7018831990851658,0.5114623972100121,0.4123348154113472,0.8123939606919388,0.6657474482672551,0.5438566744667963,0.6181818181818196,-0.0005115765521860144,-0.0018907910492584079,-0.13707630923919936,0.10899182561307902
288,288,2013-10-07,43.62,43.64,42.99,42.99,4641631,M,-0.0,0.30000839745690683,0.8229912783709443,0.046524989598614015,0.1333822549483245,0.07349413340270768,0.15030815431078556,-0.05000611915118075,-1404471.1233080805,43.60696934516578,44.11505837139653,1456238.3599999987,-4.602864022942329,43.736000000000004,44.12400000000004,-0.5233208590698553,-0.5539896979410027,0.030668838871147464,0.5,-1.0799999999999983,24.673948717131925,1393340.4,-406496.8,43.20666666666667,43.42333333333334,43.85666666666666,44.07333333333334,42.77333333333335,42.55666666666667,42.12333333333334,-0.01035911602209935,-0.03566621803499319,0.32065102711241983,0.35917461856927985,0.5087042362712455,0.8107137855652691,0.4438316321781701,0.4920608007080397,0.0,-0.0008467835674570536,-0.0018733941772965809,-0.14920087846156616,0.10762942779291551
289,289,2013-10-08,43.12,43.2,42.39,42.45,5168891,M,-0.0,0.3063188319803345,0.8212591079214854,0.07124335132175602,0.14923513931108534,0.08035254332085792,0.056817555147170073,-0.057629720403453336,-2098549.2349088723,43.22131289677719,43.95648138364444,-1192099.679999998,-4.648262765468666,43.538000000000004,44.01750000000004,-0.5944253913849806,-0.5620768366297983,-0.03234855475518228,0.42857142857142855,-0.5399999999999991,24.628873212665507,-569639.6,-357520.15,42.68000000000001,42.97000000000001,43.49000000000001,43.78000000000002,42.16000000000001,41.87000000000001,41.35000000000001,-0.034569024334773615,-0.038287267784322565,0.1983544658533052,0.2794452575590853,0.7754482574616534,0.8842295189064667,0.32057911281013896,0.4522525410286048,0.07407407407407668,-0.001880333746797637,-0.0018741843609820386,-0.16891442570404744,0.10626702997275206
290,290,2013-10-09,42.57,42.75,42.18,42.36,5081913,M,-0.0,0.30177162738590324,0.7877578935319541,0.08132394706587205,0.25643731734338515,0.08721199654026766,0.09058672508943147,-0.05822982698416211,-1386444.0121766794,42.93420859785146,43.804435537583025,-277377.66000000114,-4.6404729565957235,43.216,43.928500000000035,-0.6505394791928651,-0.5797693651424117,-0.07077011405045341,0.35714285714285715,-0.09000000000000341,24.550004984713674,-2698038.6,-273148.3,42.43,42.68,43.00000000000001,43.25,42.11,41.86,41.54,-0.04184573625876502,-0.02687801516195731,0.16712169456548742,0.2559447331897899,0.8786239240996816,0.957773047504788,0.31898256643482925,0.4392560584243737,0.31578947368420984,-0.002863914081406825,-0.001888699156124985,-0.1863647569083512,0.10490463215258855
291,291,2013-10-10,43.02,43.32,42.86,43.21,3452940,M,0.0,0.3035465837608136,0.8107235077276936,0.06408665872484752,0.5703726778062999,0.08812114692563358,0.31845761996725946,-0.05412554412557672,199854.10501160653,43.02613906523431,43.747822629241774,-1304122.7599999965,-4.39824647351665,43.01600000000001,43.91250000000005,-0.619283684988126,-0.5876722291115546,-0.03161145587657144,0.42857142857142855,0.8500000000000014,24.361897442919695,-3174504.4,221635.9,43.13,43.40000000000001,43.59,43.86000000000001,42.94000000000001,42.67,42.48,-0.019514408894939852,-0.033333333333333375,0.4789122691834105,0.41402169332251226,0.6891879279270103,0.967404966092972,0.4662782326956839,0.4698859162141913,0.7608695652173929,-0.002755594627075127,-0.0018954169540771769,-0.17797798611817398,0.10354223433242504
292,292,2013-10-11,43.02,43.04,42.22,42.64,5182840,M,0.0,0.30525193206378226,0.8346270400306681,0.03379734743469877,0.43768006375656987,0.09026164554245387,0.2042473240606234,-0.051882738928453284,297631.9493442562,42.89742604348953,43.6423157121711,28259.560000000118,-4.298375829990276,42.73,43.809500000000035,-0.6332082486670814,-0.59677943302266,-0.03642881564442135,0.42857142857142855,-0.5700000000000003,24.193934946269003,-3324467.0,-336537.7,42.63333333333333,43.04666666666667,43.45333333333333,43.86666666666667,42.22666666666667,41.81333333333333,41.406666666666666,-0.008141428239125411,-0.05181231932399374,0.30149530593114104,0.3229710920742453,0.3610401639711696,0.9885793900980344,0.4815838624475297,0.4739153643796235,0.5121951219512214,-0.0027331160508300483,-0.0019054495763200896,-0.18171819736996567,0.10217983651226159
293,293,2013-10-14,42.45,42.72,42.23,42.58,4611874,M,0.0,0.3003670590561364,0.7886767680265794,0.03120155774303077,0.4488984625721617,0.09021389562066727,0.21837740424347546,-0.04628343550351599,899244.8392694369,42.79161736232635,43.5411427872024,-730128.420000003,-4.21515134938619,42.648,43.69000000000004,-0.6416880834726442,-0.6057611631126569,-0.035926920359987236,0.42857142857142855,-0.060000000000002274,24.107825990501176,-3318515.6,-737824.05,42.51,42.79,42.99999999999999,43.28,42.3,42.02,41.81,0.003062426383981047,-0.0548279689234184,0.30149530593114104,0.3229710920742453,0.3326710086561941,0.9853612749167392,0.5591511463935913,0.4968077786563978,0.7142857142857143,-0.0026937732656355557,-0.0019172995819154144,-0.1857963813098628,0.10081743869209808
294,294,2013-10-15,42.68,43.07,42.27,42.48,5411918,M,-0.0,0.2927694351884184,0.7901865322897017,0.030801416943266362,0.3675601171074536,0.08870741011035557,0.22012519881475026,-0.04541190709037922,-383219.84342205216,42.68774490821756,43.440081569373596,-36652.48000000085,-4.044753944063784,42.654,43.561500000000045,-0.6489963519547572,-0.6144082008810771,-0.034588151073680184,0.5,-0.10000000000000142,24.01119026860294,-3367121.0,-1159422.85,42.606666666666655,42.94333333333332,43.40666666666666,43.74333333333332,42.14333333333333,41.806666666666665,41.34333333333333,0.00283286118980164,-0.06801228609039056,0.5000270075833373,0.4203404143995731,0.32845090957452083,0.9660569613805646,0.4602674309290586,0.4744927521176893,0.2624999999999931,-0.002646909696958755,-0.0019305628776893798,-0.19095069445741444,0.09945504087193463
295,295,2013-10-16,42.66,43.86,42.6,43.79,8337964,M,0.0,0.2924497116324131,0.8688283279844085,0.05158452498916928,0.8837403345788537,0.07770316881934647,0.5941409916587934,-0.03677149782531455,2303123.3284647684,43.055163272145045,43.473407134195156,4508568.900000003,-3.8314742949575815,42.94,43.47200000000005,-0.5428248090175956,-0.6000915225083808,0.05726671349078528,0.5,1.3100000000000025,24.130052730927893,-683145.6,-955832.8,43.41666666666666,44.23333333333333,44.67666666666667,45.49333333333333,42.97333333333333,42.156666666666666,41.71333333333333,0.013422818791946269,-0.0365236523652366,0.7365994908885699,0.5810620523092849,0.5537598757587322,0.8444780387286585,0.6216597687675204,0.5192500561488148,0.944444444444444,-0.0013885253886801508,-0.001917913353821452,-0.1598874250040077,0.09809264305177112
296,296,2013-10-17,43.62,44.56,43.51,44.46,5708273,M,0.0,0.2929479083220167,0.8929845509198212,0.0822076696755118,0.8576911371740212,0.0686894867645505,0.8478427934356143,-0.02405730503404346,2304807.7527600527,43.523442181430035,43.56736835950993,586782.9000000012,-3.621479047782092,43.18999999999999,43.422500000000035,-0.4000086450810656,-0.5600749470229178,0.16006630194185226,0.5,0.6700000000000017,24.27503775769567,-232079.0,-498634.15,44.17666666666667,44.84333333333334,45.22666666666668,45.89333333333335,43.79333333333334,43.12666666666666,42.74333333333333,0.042682926829268296,-0.003585835948005302,0.8340231144960899,0.6753301770264695,0.8876373133213384,0.7456673097584242,0.7160271474323148,0.5559654703024469,0.9047619047619038,0.0005351018130245244,-0.0018718145195426891,-0.11830516132781765,0.09673024523160761
297,297,2013-10-18,44.51,44.65,43.7,44.39,5299274,M,0.0,0.2934265674408281,0.9005866107971777,0.0880774560533443,0.7216489807891183,0.06706006465122884,0.8362938566741527,-0.014386809511797069,1388852.99299039,43.81229478762001,43.645714230032794,-1823214.0000000044,-3.2006479750456887,43.54,43.41100000000005,-0.2891411816535907,-0.5058881939490524,0.21674701229546167,0.5714285714285714,-0.07000000000000027,24.350804970900345,-255365.8,-493054.3,44.24666666666667,44.79333333333334,45.19666666666667,45.74333333333333,43.84333333333334,43.29666666666667,42.89333333333335,0.0425082198215125,-0.006712911165808843,0.8443834977996502,0.6860639281956573,0.9587231091406526,0.7277861166436245,0.7194566947794382,0.572189310223519,0.726315789473685,0.0020754042698473392,-0.001801682392921905,-0.08699879140853388,0.09536784741144416
298,298,2013-10-21,44.47,44.55,43.89,44.24,2858564,M,0.0,0.2956201589250022,0.8685083960242203,0.07482240879576448,0.6121059594782012,0.06381897745434231,0.8075106594939052,-0.0053679205458878314,179811.81081045163,43.95486319174668,43.70231287479157,626935.9799999967,-2.8288649051572614,43.872,43.388500000000036,-0.21094996464633908,-0.4469005480885097,0.23595058344217065,0.5,-0.14999999999999858,24.463614916325216,95296.2,-857291.1,44.22666666666667,44.56333333333333,44.88666666666667,45.22333333333333,43.90333333333334,43.56666666666667,43.24333333333334,0.041431261770244934,0.015144561725562269,0.8443834977996502,0.6860639281956572,0.8206521796719447,0.6922524258194336,0.6564054732873038,0.568200140707282,0.5303030303030352,0.0028910534523397275,-0.001716733920664959,-0.06502684983871612,0.09400544959128065
299,299,2013-10-22,44.22,44.71,44.02,44.6,4379815,M,0.0,0.2985217273601047,0.844707276554324,0.02809961999401467,0.7442354082181952,0.06840121984851115,0.89056784022285,0.006420674927096825,562982.1445461346,44.169908794497786,43.787806886716204,-193086.39000000077,-2.223802460952391,44.29600000000001,43.439500000000045,-0.11856710272415685,-0.3812338590156391,0.2626667562914823,0.5,0.35999999999999943,24.622489453129052,2053642.8,-251379.45,44.44333333333334,44.86666666666667,45.13333333333333,45.55666666666666,44.17666666666667,43.75333333333334,43.48666666666667,0.018497373829641527,0.042056074766355235,0.8721837023011864,0.7098797944640102,0.3111751918137185,0.7428286974023508,0.7177968855731786,0.5941410520822983,0.8405797101449278,0.003477435890482316,-0.001614457857833202,-0.0385234913895184,0.09264305177111715
300,300,2013-10-23,44.55,44.78,44.08,44.54,2840648,M,0.0,0.30569137456142825,0.8254129730137478,0.01259312902837363,0.6679428498529113,0.07035123523421133,0.8309773536445632,0.016549369725966528,3369.807723003905,44.29327252966518,43.85944432607658,-5374.799999999948,-1.8013365549137939,44.44600000000001,43.52650000000004,-0.04962250033209159,-0.31491158727892965,0.2652890869468381,0.5,-0.060000000000002274,24.628579813705443,-182079.6,-47130.0,44.46666666666667,44.85333333333334,45.16666666666667,45.55333333333334,44.15333333333334,43.76666666666666,43.45333333333333,0.0017993702204228137,0.0281625115420129,0.8847900275265386,0.7208300088145022,0.13992855319877362,0.7655357601054755,0.6975788760964043,0.6001412239928281,0.6571428571428557,0.0036591084312607093,-0.0015015983390362858,-0.01828627631348757,0.0912806539509537
301,301,2013-10-24,44.57,45.2,44.13,45.1,3894213,M,0.0,0.31296845827193154,0.8580245766119148,0.029213953938858388,0.90393714839358,0.07704629963891375,0.9417611919045356,0.03041694917562432,497532.66183795757,44.56218168644346,43.97759248549786,-242801.0,-1.1172144296475992,44.57400000000001,43.61550000000004,0.04963178929170908,-0.2420029119648019,0.291634701256511,0.5714285714285714,0.5600000000000023,24.73125170777577,-544891.6,-105960.45,44.81,45.49,45.88,46.56,44.42,43.74,43.35,0.015994593376886704,0.03630514705882349,0.9369913650242444,0.7797713890143035,0.3255456957176685,0.8401032204752614,0.7672332694225247,0.6293222556196815,0.906542056074765,0.004011393538410015,-0.0013715603854717868,0.01166746742801233,0.08991825613079019
302,302,2013-10-25,45.24,45.24,44.68,44.89,3588961,M,-0.0,0.30712902647677576,0.8182879663969931,0.02969354224210081,0.6628309295564548,0.08117202932938783,0.8401092986250398,0.04493145698211919,-638491.902890426,44.671454457628975,44.064488439259975,261909.5500000011,-0.4678490957273293,44.67400000000002,43.68400000000004,0.11007738043063142,-0.17158685348571526,0.28166423391634665,0.6428571428571429,-0.21000000000000085,24.722569285654085,-202829.0,-557011.9,44.93666666666667,45.19333333333334,45.49666666666668,45.75333333333334,44.63333333333333,44.37666666666666,44.07333333333333,0.014692585895117509,0.03743933441183261,0.9405810416601232,0.784883343468152,0.331632326530903,0.8864797323062453,0.6364888462816831,0.6051010884178054,0.375,0.0039904992011812225,-0.0012348723036180026,0.030966817116620162,0.08855585831062668
303,303,2013-10-28,44.4,45.65,44.17,45.44,5151103,M,0.0,0.30913790133320923,0.9065162375440604,0.0330336002713869,0.85452600781371,0.08792972040189179,0.9278484790155443,0.06219442629999405,414170.32316527097,44.92763630508599,44.19548954028284,427342.5999999954,0.3240126859729921,44.91400000000001,43.79250000000004,0.20005523809579276,-0.09725843516941364,0.2973136732652064,0.7142857142857143,0.5499999999999972,24.89897733182267,1399104.4,-107693.65,45.08666666666666,46.00333333333333,46.56666666666666,47.48333333333333,44.52333333333333,43.60666666666667,43.04333333333334,0.01883408071748871,0.046040515653775316,0.4663416187048556,0.5814970770355512,0.3709177806472679,0.9626655701749623,0.7103619335571579,0.6291969950549784,0.8581081081081072,0.004178175429106021,-0.0010849406152584696,0.059559497074876185,0.08719346049046323
304,304,2013-10-29,45.65,46.26,45.65,46.13,5080174,M,0.0,0.3153770184419248,0.8949807392048523,0.053481407392714106,0.8762772894422597,0.09928134572152954,1.0051441150886165,0.07879539187710738,560737.2517632216,45.328424203390654,44.37972863168449,1849104.1200000031,1.046335563251846,45.22000000000001,43.927000000000035,0.3233136138917061,-0.013144025357189663,0.33645763924889577,0.7857142857142857,0.6900000000000048,24.897524108013247,1539176.2,-85985.4,46.01333333333333,46.37666666666666,46.62333333333333,46.98666666666666,45.76666666666666,45.40333333333333,45.15666666666666,0.035698248765155,0.049124403002046936,0.7106421453150003,0.6936942637539191,0.6046073105746331,1.0902829183774079,0.7358697043386542,0.6442149237070428,0.7868852459016465,0.004797059210621329,-0.0009146011500103317,0.0982504052454978,0.08583106267029972
305,305,2013-10-30,46.2,46.73,45.93,46.4,3703339,M,0.0,0.3201860608161233,0.8823166406442049,0.05720073046668014,0.8098283412696076,0.1110308765639809,0.9808062349024836,0.09133855000435674,-151524.53969718632,45.685616135593776,44.572135428666925,-1389853.4400000013,1.6412387439072147,45.59200000000001,44.04850000000004,0.4377375423471364,0.07703228818367558,0.3607052541634608,0.7857142857142857,0.269999999999996,24.85526103155464,2847973.6,-178822.55,46.35333333333333,46.776666666666664,47.15333333333333,47.57666666666666,45.97666666666667,45.55333333333334,45.17666666666667,0.02882483370288242,0.04953630400361904,0.8062950033173579,0.7537971399546444,0.6519739258592204,1.2226858915821293,0.6864131362257697,0.6388135024016101,0.5875000000000007,0.005419634538884422,-0.0007273538411547186,0.1351087456768418,0.08446866485013627
306,306,2013-10-31,46.5,46.59,45.88,46.11,3724458,M,-0.0,0.31736444217938603,0.8593410885583112,0.05388934674010277,0.6280488209183022,0.11841500733256195,0.8762014286623123,0.09655241037635212,-1052610.8774892604,45.82707742372918,44.71859872117484,27114.320000004238,2.156882930000217,45.79400000000001,44.14350000000004,0.4992635541882606,0.1614785413845926,0.337785012803668,0.7857142857142857,-0.28999999999999915,24.839974730110825,1324239.4,-656808.9,46.19333333333333,46.50666666666665,46.90333333333333,47.21666666666666,45.79666666666665,45.48333333333333,45.08666666666665,0.027177545110269524,0.04628999319264804,0.7684608014776413,0.7356489401240578,0.6169521861540667,1.3068132190462385,0.5655899781411219,0.608825898551153,0.32394366197182617,0.0054291641915307646,-0.0005373052283540976,0.15661769424209698,0.08310626702997276
307,307,2013-11-01,46.18,46.3,45.56,45.96,3165069,M,0.0,0.3208565095779211,0.8434289434172023,0.030857461898625992,0.4661898045480044,0.12370510839588995,0.8146661515762467,0.10032274124508753,-826618.2710783627,45.871384949152784,44.83682741439629,236838.7999999988,2.7287442077668107,46.00800000000002,44.238000000000035,0.5298122694011624,0.23514528698790665,0.29466698241325584,0.7857142857142857,-0.14999999999999858,24.865509156646233,1409017.8,-593411.0,45.94,46.31999999999999,46.67999999999999,47.05999999999999,45.58,45.2,44.84,0.011443661971831056,0.06908583391486389,0.5410039387878739,0.6223238322082147,0.3549225267579963,1.3681166463043462,0.5572401656075954,0.6023225311215707,0.5405405405405423,0.004926754699331333,-0.0003524798982939864,0.16970469992047707,0.08174386920980925
308,308,2013-11-04,46.26,46.86,46.26,46.49,3296977,M,-0.0,0.31588774578441103,0.8509717509615752,0.01901461307665657,0.8095068485999678,0.1281456310832939,0.8649409367858858,0.10253985446250403,-985449.3141234468,46.077589966101854,44.99427242254903,-162442.7800000011,3.3615992631352234,46.21800000000002,44.41300000000004,0.589987903604225,0.30611381031117035,0.2838740932930547,0.7857142857142857,0.5300000000000011,24.915595530154746,1038192.6,-196480.6,46.53666666666667,46.81333333333334,47.13666666666668,47.41333333333334,46.21333333333334,45.93666666666667,45.61333333333334,0.007804032083242996,0.09517078916372199,0.7339424690852915,0.7135776665839387,0.2197043467942284,1.4228329783255844,0.4992712215161766,0.5814664170465003,0.3833333333333391,0.00465696537033296,-0.00016564979447065154,0.1914394271758744,0.0803814713896458
309,309,2013-11-05,46.62,46.92,45.85,46.14,4399612,M,-0.0,0.3112474943942253,0.8801755175000319,0.018930889532056287,0.40856993582375295,0.12501502180275945,0.7766638763568092,0.09704459412585653,-1357128.743547137,46.098393310734565,45.10338933468722,222217.73999999964,3.9401514290184,46.22000000000001,44.59750000000004,0.6024903189654722,0.3653891120420308,0.23710120692344144,0.7142857142857143,-0.3500000000000014,25.04566123478211,-857764.6,-158016.65,46.30333333333334,46.75666666666668,47.37333333333334,47.82666666666668,45.68666666666668,45.23333333333334,44.61666666666668,-0.0056034482758620255,0.08923512747875358,0.5129388212619305,0.5901904385774948,0.2187464285429105,1.3938393587121425,0.42319016013851,0.5519008570785637,0.2710280373831767,0.004062717346773518,1.118921343958214e-05,0.19832470715358605,0.07901907356948229
310,310,2013-11-06,46.18,46.93,46.0,46.4,3815512,M,-0.0,0.3035859484675158,0.8868187818333609,0.018930889532056287,0.7057176443965071,0.12003474548906234,0.7976291990203477,0.09522570139580976,-914441.7542161479,46.19892887382304,45.226876064717004,-46668.15000000177,4.622219964988939,46.22000000000001,44.79950000000004,0.6261604128349632,0.4175433722006174,0.20861704063434575,0.7142857142857143,0.259999999999998,25.120424428273157,-835330.0,286854.6,46.44333333333334,46.88666666666667,47.37333333333334,47.81666666666667,45.95666666666667,45.51333333333334,45.02666666666667,0.00628930817610061,0.07382550335570465,0.5178958617011729,0.5922228827269336,0.2187464285429105,1.3443741451343134,0.42549594905291305,0.5403014922979115,0.4301075268817191,0.003588896081294301,0.00018110267238994265,0.20927992543835525,0.07765667574931878
311,311,2013-11-07,46.43,46.73,45.85,45.96,4776280,M,-0.0,0.2923891976311829,0.8859096109222456,0.02131809244445896,0.26642221668608984,0.1169214846195502,0.6947050595010474,0.0884478609271567,-1620302.9182658796,46.119285915882024,45.296697391886816,-67800.23999999989,5.0088544088705005,46.19000000000001,44.937000000000026,0.6024699118753603,0.454528680135566,0.1479412317397943,0.6428571428571429,-0.4399999999999977,25.158160303114,-1045694.4,-124606.4,46.18,46.51,47.06,47.38999999999999,45.63,45.3,44.75000000000001,0.0,0.07786116322701689,0.4266990047217535,0.5443634630937323,0.2461706725023899,1.3135251885871828,0.325330632701942,0.5007489692219188,0.125,0.002782230954772807,0.00033275819533541484,0.20425645758694586,0.07629427792915533
312,312,2013-11-08,45.9,46.31,45.59,46.18,5591290,M,0.0,0.2940906413469656,0.8637883294659461,0.018348824559030127,0.4363462428419816,0.10844599957938136,0.7178875087558696,0.08403241738063218,514643.29759651783,46.139523943921354,45.38082144980236,-390671.159999998,5.371908290190678,46.23400000000001,45.114000000000026,0.5945930816428913,0.4825415604370311,0.1120515212058602,0.6428571428571429,0.21999999999999886,25.211256771349177,705577.4,414100.1,46.02666666666667,46.46333333333334,46.74666666666667,47.18333333333334,45.74333333333334,45.30666666666667,45.02333333333334,-0.0066681006668101155,0.08454673555659938,0.29895235199114445,0.4670464488876209,0.21208488866554975,1.2231082062560534,0.4900352366161082,0.5311009192431121,0.8194444444444406,0.0021635420682226234,0.0004709423038556131,0.2048183667060027,0.07493188010899182
313,313,2013-11-11,46.18,47.31,46.12,47.07,6287061,M,0.0,0.2957253609772101,0.9072832188704872,0.03726916570736618,0.9168051601824247,0.1008376375234857,0.8787325971266567,0.08560367834679428,1398164.3572156564,46.44968262928089,45.541695597440224,1676966.909999999,5.738615526264606,46.35000000000001,45.33850000000003,0.6526429373658118,0.5165618358227873,0.13608110154302455,0.6428571428571429,0.8900000000000006,25.342260954904972,1303594.2,959046.85,46.83333333333334,47.54666666666667,48.02333333333335,48.73666666666668,46.35666666666667,45.64333333333333,45.16666666666666,0.02015604681404421,0.1080508474576272,0.7316117286878153,0.6761341774532287,0.4318564576341057,1.14295680721464,0.5927966003211027,0.5565502914800631,0.7983193277310916,0.00239957948314841,0.0006124477922311287,0.22392259008664994,0.07356948228882831
314,314,2013-11-12,47.04,47.09,46.3,46.33,7973330,M,-0.0,0.3139950003617275,0.8916454563544232,0.03594526944288047,0.4652159135577861,0.08283447788794951,0.7118499916734284,0.07578633694779653,-1905321.5046561502,46.409788419520595,45.61677220720783,357305.99999999657,5.896215920783588,46.38800000000001,45.53100000000003,0.631654728177466,0.5395804142937229,0.092074313883743,0.5714285714285714,-0.7400000000000021,25.40792768098721,588850.6,830976.25,46.57333333333333,46.84666666666666,47.36333333333333,47.63666666666667,46.05666666666666,45.78333333333333,45.26666666666665,-0.0015086206896551787,0.05800411052751767,0.7316117286878153,0.6761341774532287,0.4168572897290849,0.9428841531790579,0.40785596139550345,0.5071621383433232,0.03797468354430494,0.0021381435560917685,0.0007377848974394084,0.2152188693969312,0.07220708446866486
315,315,2013-11-13,49.65,50.95,49.19,50.68,21966741,M,0.0,0.3318766240975453,1.388759395507167,0.16641136847442878,0.9370423294455767,0.12330736205309925,1.3493337463896633,0.1022294275395655,4105688.1746260687,47.8331922796804,46.098984377949954,56603644.79999999,6.868654975472298,47.24400000000002,45.87550000000003,0.95502117705891,0.6226685668467605,0.3323526102121496,0.5714285714285714,4.350000000000001,25.654476438091784,4219096.4,1512415.1,50.27333333333333,51.35666666666667,52.03333333333333,53.11666666666667,49.59666666666666,48.51333333333333,47.83666666666666,0.10269799825935594,0.1399010346378767,0.9526584818800294,0.8960330701966324,1.9654846730514788,1.4141967219667395,0.5541009439606382,0.5394886879383318,0.8465909090909077,0.005216539405957589,0.0009316968222004804,0.28927310960986224,0.07084468664850135
316,316,2013-11-14,50.69,51.14,50.06,50.68,7274188,M,0.0,0.3490570002060654,1.347591476106211,0.1908930944984919,0.7709061835563601,0.1501946370126572,1.1477617023524949,0.12262911768800225,1689447.0325031069,48.7821281864536,46.535271580049965,-3041267.700000001,7.863937909721113,48.188,46.18650000000003,1.1974875267287717,0.7376323588231628,0.4598551679056087,0.5714285714285714,0.0,25.905725608992753,5174352.4,1227001.45,50.62666666666666,51.19333333333333,51.70666666666666,52.27333333333333,50.11333333333333,49.54666666666667,49.03333333333333,0.097444781290602,0.14169858076143274,0.9552011063814928,0.8999835191649651,2.299689109423332,1.7342411505962745,0.5607586539984497,0.5427825342369739,0.5740740740740726,0.00825302227217173,0.0011702847408529378,0.338678753199685,0.0694822888283379
317,317,2013-11-15,50.41,51.09,50.27,51.09,7081247,M,0.0,0.3658848630616542,1.2772459459587164,0.18516023267881232,0.7108886965472792,0.17164264221146633,1.0721300102356128,0.14017673606639894,2457631.681844785,49.551418790969066,46.96905523909282,-6103052.540000055,8.789948867420787,49.17,46.52150000000003,1.4065140112074346,0.8714086893000172,0.5351053219074173,0.5714285714285714,0.4100000000000037,26.028724765638643,5472343.8,1846027.5,50.81666666666667,51.36333333333334,51.63666666666666,52.18333333333334,50.54333333333334,49.99666666666667,49.723333333333336,0.08540471637985984,0.15483725135623871,0.9552011063814928,0.8999835191649651,2.2760821602043007,1.996268294910184,0.7071724359989665,0.5863270547858342,1.0,0.010457286545308695,0.0014423544256621582,0.37929014739693867,0.0681198910081744
318,318,2013-11-18,51.0,51.24,50.25,50.47,4476675,M,-0.0,0.3800130731743549,1.2389464864975546,0.15892018895694873,0.5782613714307656,0.1797577980855131,0.932019731822015,0.14620375238202826,-495987.50844072533,49.85761252731271,47.30247854965542,587477.7300000024,9.604015290497133,49.85000000000001,46.83300000000003,1.5047938607433764,0.9980857235886892,0.5067081371546873,0.5,-0.6200000000000045,26.168483364888196,3319596.6,1765121.95,50.65333333333334,51.05666666666667,51.64333333333335,52.04666666666667,50.06666666666667,49.66333333333333,49.07666666666667,0.08935894668681202,0.13161434977578468,0.95863850577709,0.9040054696297359,1.9805428548759736,2.10464923943471,0.5455223647400512,0.5516504040654896,0.22222222222222066,0.010919602741738149,0.0017184621138778985,0.39152599461253546,0.06675749318801089
319,319,2013-11-19,50.44,50.69,50.14,50.41,4136387,M,-0.0,0.3945199819649639,1.1470869549645473,0.02104089842826071,0.2598630077967305,0.18503200317234614,0.8769200558166915,0.15340301361412068,-891794.5667846847,50.04174168487514,47.59843297349777,2002504.80000002,10.44148459830281,50.66600000000002,47.12350000000003,1.5598587700864428,1.11044033288824,0.4494184371982029,0.42857142857142855,-0.060000000000002274,26.169658426359696,4086985.2,1339311.85,50.41333333333333,50.68666666666667,50.96333333333333,51.23666666666666,50.13666666666667,49.86333333333334,49.58666666666667,-0.005327545382794063,0.13179164795689266,0.8886356284562462,0.8735608600927283,0.2665145399415644,2.1798389003730145,0.5273179401297295,0.545865517098213,0.4909090909090862,0.010281303753025654,0.0019873054551664136,0.3990150886123082,0.06539509536784743
320,320,2013-11-20,50.84,51.0,50.47,50.96,5262711,M,0.0,0.4086445820576812,1.0728086943026078,0.023482913363588792,0.6998152411515962,0.18977241835048966,0.890452435474277,0.16315994104107168,473030.50417589716,50.34782778991676,47.91858221411702,385157.6400000016,11.578472311528582,50.72200000000002,47.444500000000026,1.6290992686297798,1.2141721200365478,0.41492714859323176,0.5,0.5500000000000043,25.973851957222944,746179.2,1744479.8,50.81,51.15000000000001,51.34,51.68000000000001,50.62000000000001,50.28,50.09,0.005524861878453061,0.12993348115299333,0.9135443503898364,0.886312650544875,0.2977750829069878,2.250914375607453,0.6597213940487511,0.5819286394590306,0.9245283018867942,0.009522908932672823,0.0022522194623833085,0.41119511953940857,0.06403269754768393
321,321,2013-11-21,50.89,51.06,50.54,50.81,4171689,M,0.0,0.4231953247167089,0.999100868395594,0.023556752408034263,0.55186296491152,0.19270812033482074,0.8348569111300398,0.16957627069067774,-382326.9971585656,50.50188519327784,48.19395533658207,14120.8000000002,12.454130426452718,50.74800000000001,47.730000000000025,1.6528164766780618,1.301900991364851,0.35091548531321104,0.5,-0.14999999999999858,25.705960773396725,-88158.6,1341184.7,50.80333333333334,51.06666666666667,51.32333333333335,51.58666666666667,50.54666666666667,50.28333333333333,50.026666666666664,-0.005480524564494053,0.13187792381376706,0.9184847451966591,0.8888761725493775,0.2988645178007308,2.29948964589525,0.6128911857760914,0.5759574137230059,0.5192307692307722,0.008449069642755852,0.002501976544335252,0.4165359537205842,0.06267029972752042
322,322,2013-11-22,50.96,51.37,50.63,51.26,4121714,M,0.0,0.4396525445067527,0.9645540859428472,0.027756105575788757,0.8391248109948658,0.19367215800178472,0.8451126673960017,0.1789207586013723,173021.47633317063,50.7545901288519,48.485959590240924,-342299.0999999968,13.325330295148204,50.78200000000001,48.048500000000026,1.6884602553286643,1.3792128441576137,0.3092474111710504,0.5,0.4499999999999957,25.46396391279356,-680065.2,1726718.45,51.08666666666666,51.54333333333333,51.82666666666666,52.28333333333333,50.80333333333334,50.34666666666667,50.06333333333334,0.015652863086982348,0.12808098591549294,0.9423243578963508,0.9023245921854968,0.3523776383374262,2.32641417093719,0.6923779076345112,0.6021854077828485,0.8513513513513511,0.007586136160464206,0.0027399903515576765,0.4258479798394531,0.061307901907356965
323,323,2013-11-25,51.54,52.43,51.4,52.28,5529824,M,0.0,0.4565822353339154,0.9919468744838013,0.05513871000238976,0.9028348532072747,0.20032875842561335,0.9012271998536884,0.18955522975670075,709934.4712961026,51.26306008590126,48.847296772122746,1996458.4499999983,14.405797465855711,51.14400000000001,48.39050000000003,1.7785121017878964,1.4590726956836704,0.31943940610422605,0.5714285714285714,1.0200000000000031,25.36191762116875,1321234.6,1745654.5,52.03666666666667,52.67333333333334,53.06666666666667,53.70333333333334,51.64333333333334,51.00666666666667,50.61333333333334,0.03709581432255514,0.13331888142206802,0.9759686269531715,0.9344044917867108,0.7050035460905557,2.4235021961486627,0.7463749157692864,0.6262028862834189,0.8543689320388365,0.007486205330082429,0.002979711528552321,0.4444225878166736,0.05994550408719346
324,324,2013-11-26,52.3,53.14,52.3,52.94,6409965,M,0.0,0.4734960632602618,0.9743539578859609,0.07134552967800034,0.8500681648513299,0.2104238987339404,0.9104672760081008,0.20864397471495785,686351.9012359111,51.8220400572675,49.237078031920575,3844261.6799999992,15.036410794867173,51.65000000000002,48.73100000000004,1.8814471712149088,1.5435475907899183,0.3378995804249905,0.5714285714285714,0.6599999999999966,25.311539867308287,3430505.0,1812144.05,52.79333333333333,53.28666666666666,53.63333333333334,54.12666666666666,52.44666666666666,51.95333333333333,51.60666666666666,0.03885400313971736,0.14094827586206896,0.9844659721036764,0.9479395180332958,0.9212491519671796,2.5635417523009143,0.7515515311477774,0.6391268744378323,0.7619047619047595,0.007833448040303477,0.003223747258759633,0.4658509687839191,0.05858310626702995
325,325,2013-11-27,53.07,53.64,52.91,53.54,5095418,M,0.0,0.4902436925739321,0.9417734301678334,0.08708575247304279,0.8024489540431914,0.22119887505826752,0.9100123173766758,0.20994668315918816,723067.33516494,52.39469337151167,49.64688012411862,-547351.559999999,15.703647350436801,52.166000000000025,49.08800000000004,1.9885165598398515,1.632541384599905,0.3559751752399465,0.6428571428571429,0.6000000000000014,25.273163885699358,3397046.4,1881748.0,53.36333333333334,53.81666666666668,54.09333333333333,54.54666666666668,53.08666666666667,52.63333333333333,52.35666666666667,0.05372958079118277,0.16113641292561265,0.9884814838504944,0.955569575163616,1.1357288408771882,2.714552594715061,0.7887055869752301,0.6604494291228137,0.8630136986301358,0.008354562130987883,0.0034724081633165024,0.488598171294144,0.0572207084468665
326,326,2013-11-29,54.07,54.07,53.08,53.26,3532085,M,-0.0,0.4907705476042802,0.9482036394787892,0.06917715898252329,0.6658159683673676,0.22424106052079865,0.8440295185222509,0.20494072679234607,-1219906.320573187,52.68312891434112,49.99098677896447,-920921.6000000008,16.21873469159759,52.65600000000003,49.445500000000045,2.027405493265966,1.7115142063331177,0.31589128693284896,0.7142857142857143,-0.28000000000000114,25.21880464061702,3524967.2,1891366.65,53.47,53.86,54.46,54.85,52.87,52.48,51.88,0.03901677721420211,0.15883376849434286,0.9912154965360706,0.9613298658763024,0.9106481208459369,2.77192783949529,0.5864097852562138,0.6148655008080864,0.1818181818181812,0.008254628100672266,0.003708768905010651,0.4985616920498987,0.05585831062670299
327,327,2013-12-02,52.99,53.46,52.21,52.44,6346033,M,-0.0,0.4912767415111023,0.9884431542149508,0.040310752467848224,0.28800406157024644,0.21871451345206247,0.7453305891076559,0.1964613126642746,-2464813.914694949,52.6020859428941,50.224226133348814,-1375676.500000002,16.557585946647915,52.89200000000003,49.769500000000036,1.969356589332449,1.7630826829329842,0.20627390639946494,0.6428571428571429,-0.8200000000000003,25.307109981324725,1431417.8,1732318.45,52.70333333333334,53.19666666666668,53.95333333333334,54.44666666666668,51.94666666666668,51.45333333333334,50.69666666666668,0.003060443764345765,0.1279845127984512,0.5927150692364155,0.7338381101633623,0.5330290798823574,2.721327994313108,0.4522731901708084,0.5738306912073158,0.1839999999999975,0.007087336522288903,0.003910352569900452,0.4832420564339298,0.05449591280653954
328,328,2013-12-03,52.29,52.88,52.21,52.81,4483609,M,0.0,0.4792839821097347,0.9459840669862908,0.031853477631101634,0.3886368479787732,0.21460859783727354,0.7534706517371602,0.1768124540551395,-345384.01389595703,52.671390628596065,50.47049031112513,-428185.79999999603,17.067314184186966,52.99800000000002,50.08550000000004,1.930949538223736,1.7966560539911345,0.13429348423260135,0.6428571428571429,0.37000000000000455,25.19348083293816,1222174.8,1791650.05,52.63333333333333,53.05666666666666,53.30333333333334,53.72666666666667,52.38666666666666,51.96333333333333,51.71666666666666,-0.0024556101246693512,0.14456003467706982,0.5927150692364155,0.7338381101633624,0.4220426518732813,2.6871947317446936,0.6000229228004393,0.604467995669448,0.8955223880597013,0.0059200725105778345,0.0040839647637200705,0.4747801885404751,0.05313351498637603
329,329,2013-12-04,52.6,52.78,51.37,52.04,5641036,M,-0.0,0.4663210485470318,1.0118528580547859,0.045829916737974256,0.17859799883231695,0.2025939384356028,0.6625879428586163,0.15542289833697326,-664559.979199117,52.46092708573072,50.61996742435131,281998.799999999,17.053327639480322,52.81800000000002,50.380500000000026,1.8174289193986368,1.800810627072635,0.016618292326001868,0.5714285714285714,-0.7700000000000031,25.2606256396927,-1188025.4,1729578.85,52.06333333333333,52.75666666666667,53.473333333333336,54.16666666666667,51.34666666666666,50.65333333333333,49.93666666666666,-0.028016436309301455,0.12155172413793106,0.33661480508824965,0.5563086575299545,0.6051611355665814,2.5516959788387235,0.5584077168551392,0.5921545965546947,0.475177304964539,0.0042851680806994035,0.0042138143555241064,0.4467642930468,0.05177111716621252
330,330,2013-12-05,52.13,52.15,51.26,51.54,4089648,M,-0.0,0.4521754137282123,0.995605810314148,0.05086026266366992,0.1706668328742037,0.18823635021674487,0.5946828802825235,0.13083500074378035,-1128096.7092223857,52.15395139048714,50.70758957441309,500330.4700000013,16.784064121533802,52.41800000000003,50.63750000000004,1.6678907830613383,1.7742266582703756,-0.10633587520903733,0.5,-0.5,25.308363782292627,-3025038.6,1334320.85,51.65,52.04,52.54,52.93,51.15,50.76,50.26,-0.03229440480660907,0.12140992167101824,0.31190718729093564,0.5362321989751332,0.6664983120760628,2.3829545460251067,0.4771407250944377,0.5657214675088222,0.3146067415730348,0.0024275594403421947,0.004294620013695078,0.4111128556566804,0.05040871934604907
331,331,2013-12-06,51.92,52.2,51.14,51.83,4607674,M,0.0,0.44281505272275457,1.0041917022722615,0.03845381986450799,0.3493521045938072,0.1668090943812668,0.605817565043499,0.1155961805063614,-290094.95106403396,52.045967593658105,50.814485805421384,217006.0200000009,16.438068170971274,52.13200000000002,50.93100000000004,1.554857875297607,1.730352901675822,-0.1754950263782149,0.5,0.28999999999999915,25.389100891604127,-1397086.8,1803518.55,51.723333333333336,52.30666666666667,52.78333333333335,53.36666666666667,51.24666666666667,50.66333333333333,50.18666666666667,-0.011632341723874895,0.12234733650931134,0.28046629028048103,0.5123918436553099,0.5011686342941328,2.1239384964830768,0.5350749488050957,0.5738378416724021,0.6509433962264115,0.001106513725342485,0.004338588461935247,0.3860211498126339,0.04904632152588556
332,332,2013-12-09,51.9,52.58,51.86,52.19,3852727,M,-0.0,0.42774105834518417,0.9702994753026268,0.03644413124874555,0.5568995065725366,0.14208049246738386,0.6316802346450644,0.10429746690148647,-465649.0342221281,52.09397839577207,50.945487157286,-153998.64999999967,16.051508467264984,52.08200000000003,51.23150000000004,1.4772980999805512,1.6797419413367676,-0.2024438413562164,0.5714285714285714,0.35999999999999943,25.423529603990296,642665.2,1716590.4,52.21,52.56,52.92999999999999,53.28,51.84,51.49,51.12000000000001,-0.011740200719560777,0.10877416613554276,0.5027029903181378,0.5819490413477143,0.4745208109242917,1.8197491874606952,0.5094944103145077,0.5628374123067764,0.4583333333333317,0.0005010191774521945,0.004356903160747103,0.3701165836891298,0.04768392370572205
333,333,2013-12-10,52.15,52.23,51.46,51.78,3150299,M,-0.0,0.42166678118747264,0.9435928785956094,0.019265938837114027,0.4039461947995707,0.1193311130299606,0.5509637987513172,0.08652104838153563,-562210.1811770686,51.989318930514706,51.02496457087782,72868.74999999585,15.369756510909749,51.876000000000026,51.46700000000004,1.3669900355587714,1.6171915601811682,-0.25020152462239675,0.5714285714285714,-0.4099999999999966,25.463711035860506,-884116.4,1244722.4,51.82333333333333,52.18666666666666,52.59333333333333,52.95666666666666,51.41666666666666,51.05333333333334,50.64666666666667,-0.004996156802459608,0.11763436218432988,0.34546110988570083,0.4942414229265073,0.249859960778532,1.5354035985782468,0.4781910787378112,0.5488133173808375,0.4155844155844181,-4.643902464236392e-05,0.00434422226543034,0.34652502188054457,0.0463215258855586
334,334,2013-12-11,51.79,53.03,51.7,52.08,5502550,M,-0.0,0.4130443931649652,0.9951138281161944,0.019810579936872484,0.6906889078547325,0.0733768689670433,0.585712408619187,0.07238090763372873,-1131719.2413532974,52.01954595367647,51.12544413555614,-181480.52999999907,14.725143894387585,51.88400000000003,51.754500000000036,1.2889197282702227,1.5515371937989793,-0.2626174655287565,0.5714285714285714,0.2999999999999972,25.510065659855343,1344600.8,1918516.4,52.27,52.84,53.60000000000001,54.17,51.51000000000001,50.94000000000001,50.18000000000001,0.010477299185098935,0.02762430939226516,0.6510651676843449,0.6270855222412676,0.2569630323611731,0.9493957912387117,0.4140321477299684,0.5237562667459275,0.28571428571428265,-0.000220048074368425,0.004310607132829778,0.3312465041007609,0.04495912806539509
335,335,2013-12-12,52.14,52.24,51.52,51.65,3293779,M,-0.0,0.4013208065269456,0.9584319843673684,0.017150492381429534,0.2124285216891316,0.07071386679300999,0.4582331297145727,0.05418575384705978,-1181037.6367064065,51.89636396911765,51.17540183693174,-18652.400000000365,13.743250717610922,51.90600000000002,51.80300000000004,1.1787629948874212,1.4769823540166678,-0.2982193591292466,0.5714285714285714,-0.4299999999999997,25.481156973645692,1503774.6,655490.4,51.80333333333334,52.08666666666666,52.52333333333333,52.80666666666666,51.36666666666667,51.08333333333334,50.64666666666667,-0.0034728921474049728,0.019139700078926576,0.567588047894359,0.5861464200598555,0.22255336438762044,0.9157976103695749,0.3362066170051621,0.4910704847277961,0.18055555555554956,-0.0005355130199124395,0.0042506658330773005,0.3075616014656863,0.043596730245231585
336,336,2013-12-13,51.89,52.42,51.3,51.41,4020848,M,-0.0,0.3900569705880605,0.97997438645172,0.0245025593958706,0.17553220650987325,0.06810486122284731,0.3783465998303528,0.034992630610779195,-1452335.3024280446,51.734242646078435,51.19774451912871,992740.3400000023,12.760503067403185,51.82200000000002,51.83950000000005,1.059879366227051,1.3935617564587446,-0.3336823902316937,0.5,-0.24000000000000196,25.48376013251949,-221929.8,454448.0,51.71,52.12000000000001,52.83,53.24000000000001,51.0,50.59,49.88,-0.014945391837516787,0.0062634566451359,0.4654679949395788,0.5356358766362481,0.31744290825320165,0.882630488340449,0.256875839908203,0.4536556086312711,0.0982142857142848,-0.0009624496321025931,0.00416476754141856,0.2819679248342837,0.04223433242506813
337,337,2013-12-16,51.55,51.97,51.46,51.61,2743942,M,-0.0,0.37618381781110816,0.9239778015914908,0.019158236574637333,0.4030886241326288,0.06685824361447441,0.4263186843299386,0.02118480813322513,-762732.9242806048,51.69282843071897,51.23700694587836,21993.47999999953,11.741479021241714,51.70600000000002,51.86550000000004,0.9706129407383416,1.308971993314664,-0.3383590525763225,0.42857142857142855,0.20000000000000284,25.432460411943172,-443686.8,237582.75,51.68000000000001,51.90000000000001,52.19000000000001,52.41000000000001,51.39000000000002,51.17000000000001,50.88000000000002,-0.003283120896098913,0.022587675847037855,0.4654679949395788,0.5356358766362481,0.2476489450820495,0.8669090585466314,0.26928977562507606,0.4384615170529426,0.2941176470588219,-0.0011345915182741696,0.004061979290914883,0.26388479665400755,0.040871934604904625
338,338,2013-12-17,51.81,51.87,51.29,51.67,3392681,M,0.0,0.3676963579031897,0.8781140947126252,0.01890681090892001,0.485673053566747,0.061975193881028075,0.4206051516944803,0.007057756119275518,283230.87326513056,51.68521895381264,51.278244379604246,-163323.4200000032,10.639275314118851,51.68400000000001,51.925500000000035,0.8944000667430245,1.2260576080003365,-0.3316575412573117,0.35714285714285715,0.060000000000002274,25.268547053789412,864909.2,631050.55,51.60999999999999,51.92999999999999,52.18999999999999,52.509999999999984,51.34999999999999,51.03,50.76999999999999,-0.007872503840245711,0.024995040666534518,0.3657913280839076,0.490058298260908,0.2442949037541555,0.8045232324673315,0.3979173216810872,0.4591006500758156,0.6551724137931098,-0.0011021238645252745,0.003946938390758808,0.2498145660798413,0.03950953678474112
339,339,2013-12-18,51.67,52.18,51.0,52.14,3471379,M,0.0,0.3636655209004269,0.9183655487509418,0.020802336755104702,0.91287055097738,0.05550637059633855,0.5443367224125496,0.00230047028165904,1380009.251887229,51.83681263587509,51.36031634345146,385541.6100000008,10.020221008279467,51.69600000000001,52.012000000000036,0.8619894097181273,1.1532439683438944,-0.2912545586257671,0.35714285714285715,0.4699999999999989,25.22249000168351,458675.0,1011438.85,51.77333333333333,52.54666666666667,52.95333333333333,53.72666666666667,51.36666666666667,50.59333333333333,50.18666666666667,0.009486931268151056,0.023155416012558862,0.5899585971443686,0.5690792775184719,0.2688494002229732,0.7217493368641907,0.5873121127591432,0.507386463870048,0.966101694915255,-0.0006412304805668902,0.003830832513300917,0.2456954439039889,0.038147138964577665
340,340,2013-12-19,52.06,52.48,51.85,52.23,2954573,M,0.0,0.3627780635685497,0.8799168089174823,0.02742797357587393,0.7941387229482703,0.05214883976253643,0.5568918930349995,0.003588218123322797,867576.7319360814,51.96787509058339,51.44314335836084,-245340.4799999979,9.361027917290283,51.81200000000002,52.07550000000005,0.8339526908556465,1.089385712846245,-0.2554330219905985,0.35714285714285715,0.0899999999999963,24.98103675353346,1708345.4,896031.95,52.18666666666667,52.52333333333333,52.81666666666666,53.15333333333333,51.89333333333334,51.55666666666667,51.26333333333334,0.01595020424042016,0.027947254477464958,0.7227353666431636,0.6339530177208479,0.3552745417282952,0.6789192262634921,0.5925996095642956,0.5165091438038151,0.6031746031746004,-8.410644858656049e-05,0.0037151275651297225,0.24376772784615114,0.03678474114441416
341,341,2013-12-20,52.39,52.72,52.14,52.27,5741004,M,-0.0,0.3672398826158372,0.8399279010618177,0.024487933863884686,0.7246695396656717,0.04684751157675995,0.5497333747227894,0.002620170429135711,-622737.6352592758,52.06858339372226,51.52189160994553,295051.25000000576,8.818937105583359,51.984000000000016,52.14850000000005,0.805673749400917,1.0326433201571794,-0.22696957075626245,0.42857142857142855,0.04000000000000625,24.740085569296827,3660715.8,1391666.6,52.37666666666666,52.61333333333333,52.95666666666666,53.19333333333333,52.03333333333333,51.79666666666667,51.45333333333333,0.012788219337337795,0.01970347249317217,0.7965285056320821,0.6795625371754697,0.31824518849504546,0.6107568643651672,0.4697790500543597,0.4886642663972123,0.22413793103448784,0.00038877630726744415,0.0036000969481150657,0.2428379512143485,0.035422343324250705
342,342,2013-12-23,52.43,53.24,52.41,52.85,2823231,M,0.0,0.36899968418904106,0.8572708475869085,0.03221156318550257,0.8673161455782094,0.04535635706434026,0.762572248781129,0.007273057773660711,-113859.52428400738,52.32905559581485,51.64837812328405,-81432.04000000059,8.427152304054761,52.232000000000006,52.228000000000044,0.8206042226268195,0.9902355006511074,-0.1696312780242879,0.5,0.5799999999999983,24.5970139681029,3676573.6,1326742.45,52.83333333333334,53.25666666666668,53.66333333333334,54.08666666666668,52.42666666666667,52.00333333333333,51.59666666666666,0.022837236307335,0.010902830910482024,0.8874176431108783,0.7570698733910786,0.4206185920762927,0.5922179541890913,0.4898928606788108,0.4926124774001172,0.5301204819277132,0.0011132826803675435,0.0034956190093982354,0.2523278719685028,0.0340599455040872
343,343,2013-12-24,52.64,53.0,52.31,52.71,1788958,M,0.0,0.37298978197821614,0.8349680679086537,0.0242414166012046,0.7123944117402875,0.046081274216994664,0.6912595000567693,0.013343668623957779,141298.4925909765,52.456037063876565,51.74948496868557,-1738900.239999991,7.871120011564015,52.44000000000001,52.24950000000005,0.8117821805944132,0.9545448366397684,-0.14276265604535532,0.5,-0.14000000000000054,24.46579127779123,2640245.8,960803.35,52.67333333333334,53.036666666666676,53.36333333333334,53.72666666666667,52.34666666666668,51.98333333333334,51.65666666666668,0.010932105868814736,-0.004344540989799714,0.7921509585194265,0.7176203641665061,0.3178049716417924,0.6019308843002161,0.5198319554283859,0.5009074933551095,0.579710144927536,0.0015817977182656347,0.0033959389150759467,0.2560227806656445,0.03269754768392369
344,344,2013-12-26,52.84,53.22,52.75,52.83,2280636,M,-0.0,0.3739564234302244,0.7916389921874997,0.02316555133257898,0.7068968306502156,0.04561369424377439,0.7459042009478539,0.017043868314574034,-336533.01603480807,52.5806913759177,51.8523911621441,10851.900000001695,7.798661086235862,52.57800000000001,52.244000000000035,0.8051918948927009,0.9246742482903549,-0.11948235339765402,0.5714285714285714,0.11999999999999746,24.37596951580448,2402097.2,754336.9,52.93333333333334,53.11666666666667,53.40333333333334,53.58666666666667,52.64666666666668,52.46333333333334,52.17666666666668,0.011487650775416457,-0.013261113186402705,0.8437984335126419,0.7513128007496489,0.3044995894910845,0.5957604605179377,0.4032922256047384,0.4694127574124746,0.17021276595744358,0.0018784743618518304,0.003301414935945678,0.26133499439465835,0.03133514986376024
345,345,2013-12-27,53.01,53.14,52.65,52.7,1421862,M,-0.0,0.3817890581082747,0.7514204598958333,0.017829320280511318,0.5298155919116337,0.040227748401951535,0.7371463666743275,0.019417915057821738,-382872.79698119615,52.62046091727847,51.933115813368474,3670.9599999992693,7.353654823483976,52.672,52.20200000000004,0.7804822192587082,0.8958358424840257,-0.1153536232253175,0.5,-0.12999999999999545,24.32224096867191,1526810.2,428472.9,52.83000000000001,53.01000000000001,53.32,53.50000000000002,52.52000000000001,52.34,52.03000000000001,0.008226516166060831,-0.010514457378895892,0.7285887728256766,0.7060577303895264,0.23477648945377305,0.5249922305196689,0.30287508917867195,0.43442495349952825,0.1020408163265389,0.0018841113724217926,0.0032078586304459754,0.2616136289587561,0.02997275204359673
346,346,2013-12-30,52.78,53.86,52.78,53.67,3055569,M,0.0,0.38931452965529906,0.8058977319097218,0.03075141367601864,0.9409374544806758,0.04397952557714529,1.1302464000418306,0.03051663929791974,623205.3784322402,52.97030727818564,52.09853335495242,650943.7200000025,7.060626898942131,52.95200000000001,52.222500000000046,0.8296073198956151,0.8825901379663437,-0.052982818070728584,0.5,0.9699999999999988,24.422360784968372,989723.2,757855.6,53.43666666666667,54.09333333333333,54.51666666666666,55.17333333333333,53.01333333333334,52.35666666666667,51.93333333333334,0.015515610217596978,0.023455377574370787,0.8857837419262454,0.8056634243474899,0.4070872142431348,0.5741801936131179,0.4766080841438066,0.4715343935542472,0.8240740740740758,0.002419983651364664,0.003131553632845324,0.28043035618054274,0.02861035422343322
347,347,2013-12-31,53.63,53.73,53.04,53.4,2546845,M,0.0,0.3980270068642677,0.7904447009884253,0.03355794289966345,0.6898181578175514,0.04826185131179827,0.9477396995790159,0.03588249088918305,383214.0074669954,53.1135381854571,52.22248255924267,787488.0999999952,6.7983695542039815,53.062,52.27050000000005,0.8371029705952681,0.8734927044921285,-0.03638973389686051,0.5,-0.2700000000000031,24.49903960581461,-84292.0,947815.0,53.38999999999999,53.73999999999999,54.07999999999999,54.42999999999999,53.04999999999999,52.7,52.35999999999999,0.013090495162208268,0.01117212649119478,0.8857837419262454,0.8056634243474899,0.44516289153548544,0.6306677747483385,0.4916517662407989,0.4763157970666792,0.5217391304347835,0.002689055666556832,0.0030622959686956858,0.286626080056086,0.02724795640326977
348,348,2014-01-02,53.17,53.91,52.95,53.39,2972778,M,-0.0,0.4071391658560245,0.8130520741899677,0.03109028062403745,0.6160863834802806,0.05116333512328606,0.9075391041518416,0.041535940091240835,136141.38961464845,53.205692123638066,52.333674696457656,23181.480000000094,6.57460403016639,53.198,52.299500000000066,0.8326382756095825,0.8653218187156193,-0.032683543106036834,0.5,-0.009999999999998009,24.558584628931985,-321056.0,574995.65,53.41666666666666,53.88333333333333,54.37666666666665,54.84333333333332,52.92333333333333,52.45666666666667,51.96333333333334,0.010600037857278106,0.02594158339738665,0.911032422106863,0.8262247616765913,0.4134851871593861,0.6689542113200756,0.4805456219383106,0.4746031814730273,0.4583333333333339,0.00270077910177526,0.002997042495475524,0.29136450195097297,0.02588555858310626
349,349,2014-01-03,53.36,54.0,53.32,53.54,2492194,M,-0.0,0.4063868328533391,0.7953117976313053,0.028173929350107874,0.6330851391721779,0.05502178560873012,0.9044433579966108,0.046398935425993035,-178358.65658403735,53.317128082425384,52.44856282060454,-7651.14000000003,6.505090338138664,53.34000000000001,52.37450000000005,0.8316173518958863,0.8585809253516729,-0.026963573455786597,0.5714285714285714,0.14999999999999858,24.581446836144487,-278744.4,981657.15,53.62,53.92,54.3,54.6,53.24,52.94,52.56,0.01593927893738133,0.03880481179666279,0.9229545978599472,0.8364498801902989,0.3756993478836886,0.7204346275911097,0.4282068852137752,0.460215203405568,0.32352941176470434,0.002637859229474087,0.002936300269170709,0.29822966959649005,0.024523160762942753
350,350,2014-01-06,53.77,53.86,53.04,53.15,2891514,M,-0.0,0.399977192972793,0.7986035579471312,0.014526376875905682,0.13924234958003062,0.05430814585351405,0.7439680402070549,0.04659068831389005,-684121.9104334039,53.261418721616906,52.515366361499346,19503.360000000157,6.330392335930477,53.43000000000001,52.45500000000007,0.7902292509590367,0.8449105904731457,-0.05468133951410892,0.5714285714285714,-0.39000000000000057,24.62986741914768,-572674.8,1041563.85,53.35,53.66,54.17000000000001,54.48,52.84,52.53,52.02,-0.009688839202534062,0.02546787574763651,0.5827948032281653,0.6876749229556851,0.19403607911991014,0.7121834476865208,0.33018670396365474,0.4291610260777438,0.1341463414634139,0.002196636259167788,0.0028710218626217397,0.2896502641351321,0.0231607629427793
351,351,2014-01-07,53.54,53.54,51.68,52.18,6339823,M,-0.0,0.3970802371985347,0.9401230835541804,0.04143162394372005,0.06753712787375629,0.05337783193913015,0.3955680988579058,0.03960119988980112,-1088332.9959111165,52.90094581441128,52.48342670802322,-5232775.439999999,5.8807900934741735,53.13200000000001,52.47250000000007,0.6714182972227859,0.8102121318230737,-0.1387938346002877,0.5714285714285714,-0.9699999999999988,24.84659658541069,-2451753.2,494189.0,52.46666666666667,53.25333333333334,54.32666666666666,55.11333333333334,51.39333333333334,50.60666666666667,49.53333333333334,-0.022846441947565518,-0.00019160758766043325,0.16621949776872924,0.3402663792122391,0.5503362608444334,0.7002170716065026,0.3097302040761283,0.4138901859085373,0.26881720430107536,0.0009984055337998114,0.0027847812403135,0.2474712077253053,0.021798365122615793
352,352,2014-01-08,51.79,52.0,51.36,51.84,6120794,M,0.0,0.4013443230311233,0.9241066724136232,0.0577007434845591,0.17845166163162898,0.05428841823985378,0.2840361623245153,0.027880176170778277,751701.4267157966,52.54729720960753,52.42214797392576,-4230356.799999984,5.414453339985059,52.82000000000001,52.45500000000007,0.5435587944696394,0.7568814643523869,-0.2133226698827475,0.5714285714285714,-0.3399999999999963,24.872472202413356,-3166543.0,-4487.05,51.73333333333333,52.10666666666666,52.37333333333332,52.74666666666666,51.46666666666666,51.09333333333333,50.82666666666666,-0.02903165386776545,0.0011587485515643545,0.13454058498602184,0.298353272748184,0.7619383177136031,0.7119247446928834,0.4564868027174207,0.445900644393439,0.7500000000000056,-0.00038550279781748734,0.0026770938498290216,0.20207643886559468,0.02043596730245234
353,353,2014-01-09,55.15,56.25,54.79,55.8,14735922,M,0.0,0.405441189405456,1.3888924494251396,0.11695856515454454,0.9006977440693059,0.07706680334720814,1.2747602438102017,0.045897266750978216,2260750.0271923305,53.63153147307168,52.743848166885215,30393878.37999998,5.568109025718072,53.30200000000001,52.65600000000007,0.7530870040561409,0.7561225722931378,-0.0030355682369968,0.5714285714285714,3.9599999999999937,25.035529946003237,375197.0,889824.0,55.61333333333332,56.43666666666665,57.07333333333332,57.896666666666654,54.97666666666665,54.15333333333332,53.516666666666644,0.042211430706014165,0.07142857142857141,0.8095248381295758,0.7608072219391292,1.5585313599668835,1.0145073992626492,0.5349181424508825,0.4693178041576645,0.6917808219178064,0.001318720756596459,0.002622110503944868,0.25045643173328075,0.019073569482288832
354,354,2014-01-10,55.98,56.09,55.26,55.84,6051098,M,0.0,0.4112987388591947,1.314373456168455,0.14428463151698126,0.7678860212818459,0.09295735819416827,1.1099052228024269,0.060329476267912914,1639659.2897549532,54.36768764871446,53.038719770038995,-278784.0,5.673959667996518,53.762,52.844000000000065,0.9118559773326568,0.7872692533010417,0.12458672403161496,0.5714285714285714,0.04000000000000625,25.030233740124558,1086977.8,917251.4,55.73,56.2,56.56,57.03,55.36999999999999,54.89999999999999,54.53999999999999,0.05061147695202267,0.08112294288480164,0.8095248381295759,0.7608072219391292,1.9392575899039868,1.2280596591031585,0.5895438218748862,0.491172792401972,0.6987951807228935,0.0034707031458554184,0.0026054864009513678,0.28397042773828285,0.017711171662125325
355,355,2014-01-13,56.11,56.65,55.25,55.26,7293203,M,-0.0,0.41655519884498016,1.3257903286793271,0.14774616352400682,0.6344079620581916,0.0985314556824175,0.9278811882667924,0.0664836818471854,-1816397.2376629368,54.66512509914296,53.25027026813053,4019068.2599999937,5.4709801743040245,54.18400000000001,53.02450000000007,0.9795882956851684,0.8257330617778672,0.15385523390730127,0.5,-0.5800000000000054,25.111023962264856,206640.0,717280.2,55.72,56.19,57.12000000000001,57.59,54.79,54.32,53.39,0.05902644691452661,0.07488815405563122,0.8414582761882942,0.7866820685327982,2.0013695310961968,1.306145292958088,0.3954101669642094,0.4450747033296752,0.00714285714285573,0.004649797553397469,0.002605102564215458,0.2906188293257349,0.016348773841961872
356,356,2014-01-14,55.27,56.14,55.22,55.75,3828159,M,0.0,0.4216055227011655,1.2716849515220838,0.1257234314111697,0.6234431075355443,0.1038369328473741,0.953745124331312,0.07192836195721153,-592342.3298427885,55.026750066095296,53.48833976640381,200064.5100000076,5.357205766538971,54.898,53.241500000000045,1.060579846580275,0.8727024187383488,0.18787742784192615,0.42857142857142855,0.490000000000002,25.131514697546965,2240236.4,1109730.55,55.70333333333334,56.18666666666668,56.62333333333334,57.106666666666676,55.26666666666668,54.78333333333334,54.34666666666668,0.07542438271604933,0.08021701220693665,0.8310092825284686,0.7813309001640392,1.7254912344025986,1.3821085150483683,0.45563576348338597,0.4575520607765384,0.5760869565217392,0.005393075316658938,0.0026225572519332297,0.3031753131930198,0.014986376021798364
357,357,2014-01-15,55.7,55.92,55.42,55.8,2516686,M,0.0,0.4272850609721605,1.1687936246524728,0.017416923186213473,0.6134080885906104,0.10762838807962934,0.9083197116803025,0.07724354671887389,193298.3213657715,55.28450004406354,53.70849788388917,-2579319.179999996,5.399550490310812,55.69000000000001,53.451000000000064,1.1159369893433322,0.9213493328593454,0.1945876564839868,0.5,0.049999999999997165,25.102822484297672,3967732.4,1098367.75,55.71333333333333,56.00666666666666,56.21333333333333,56.50666666666666,55.50666666666666,55.21333333333333,55.00666666666666,0.0,0.07993032707567245,0.8310092825284686,0.7813309001640389,0.2424871130600571,1.4382112428110685,0.5570905089889211,0.4863566264168672,0.7599999999999909,0.005639421562684002,0.002651019886901517,0.31333872085098113,0.013623978201634857
358,358,2014-01-16,55.68,56.1,55.27,56.03,3546153,M,0.0,0.4341771876297116,1.1236211413654764,0.02055467193540081,0.7566261941718527,0.11058606411915567,0.897806690020248,0.08367841419890143,1018729.1920043806,55.533000029375685,53.92959332351877,-78961.68000000033,5.3345783474379225,55.736,53.66900000000005,1.1649383178403667,0.97006712985555,0.19487118798481684,0.5,0.230000000000004,25.09015001955823,1729778.6,1106041.35,55.8,56.33000000000001,56.63,57.16,55.50000000000001,54.97000000000001,54.67000000000001,0.0034025787965615635,0.07460682777138475,0.8525428089588739,0.7931235911407334,0.2864087987478749,1.4837608688027433,0.676614556193417,0.527242914434538,0.9156626506024091,0.005617553401031017,0.002688199984738712,0.324583510148654,0.012261580381471404
359,359,2014-01-17,56.07,56.41,55.73,56.23,4108566,M,0.0,0.4321166140462568,1.0644716558500795,0.02610967046109243,0.7854623206881854,0.1145364631685558,0.8818989678734352,0.08627174067257,940977.930210791,55.76533335291714,54.14867967365985,684508.3999999996,5.737167204624174,55.81400000000001,53.87350000000005,1.2060084376845737,1.017255391421355,0.1887530462632188,0.5714285714285714,0.19999999999999574,24.964810246657397,1341272.2,1137900.7,56.12333333333333,56.51666666666666,56.80333333333334,57.19666666666666,55.83666666666666,55.44333333333333,55.15666666666666,0.017553384002895384,0.07658433850277617,0.8871991009121748,0.8135854533548947,0.3643212867788533,1.5426200371277992,0.6961744100112978,0.5470573147404924,0.7352941176470591,0.0054450594109151365,0.002731622929749429,0.3363282862062893,0.010899182561307896
360,360,2014-01-21,56.21,56.47,55.22,55.56,3814820,M,-0.0,0.4284951035236026,1.0892087684034024,0.018617438229496356,0.1981438955526381,0.1136630902623248,0.7474621536022834,0.08618466164649405,-345054.90711964684,55.69688890194476,54.28309113331128,-126273.48999999971,6.108632738913926,55.87400000000001,54.040000000000035,1.170994902660155,1.0480032936691148,0.12299160899104013,0.5,-0.6699999999999946,24.976299133721234,2036948.8,799431.05,55.75,56.28,57.0,57.53,55.03,54.5,53.78,-0.003408071748878883,0.06294241438683755,0.5756105925207421,0.6823628344339864,0.26005768590871986,1.5355883494440092,0.5547829400075327,0.5208613800033028,0.27200000000000274,0.004612212190152212,0.002764587717066464,0.3262901283720487,0.009536784741144388
361,361,2014-01-22,55.56,55.83,55.12,55.38,2999451,M,-0.0,0.4187112435306402,1.0386475992829491,0.02461924696930299,0.19426840188023176,0.11100990538599603,0.6968838553984259,0.08844182792146828,-541689.9154443268,55.591259267963174,54.387558644424495,942747.7499999936,6.536981910233855,55.80000000000001,54.195500000000045,1.1158590002603006,1.061574434987352,0.05428456527294867,0.5,-0.17999999999999972,24.9130574758512,671426.8,362408.3,55.44333333333333,55.76666666666666,56.15333333333333,56.47666666666666,55.05666666666666,54.73333333333333,54.34666666666666,-0.007526881720430011,0.04787133396404922,0.5249961649310387,0.6577781051371733,0.3434384952217768,1.5040593318366884,0.4919210210378879,0.506131456488569,0.3661971830985983,0.003511593915140648,0.0027833780412569284,0.3131720198895344,0.008174386920980936
362,362,2014-01-23,55.08,55.22,54.73,55.05,3864183,M,0.0,0.4039399955996805,0.9868279193785564,0.034505091141645836,0.18753390290231653,0.1090677552036221,0.6256968836944126,0.08874776990804853,58889.48456620622,55.41083951197545,54.450648297336436,-25175.13000000025,6.331934940701474,55.65000000000001,54.305500000000045,1.0336202277218476,1.055983593534251,-0.02236336581240339,0.42857142857142855,-0.3300000000000054,24.8688503268581,-604747.0,28037.6,55.0,55.27,55.49,55.76000000000001,54.78,54.51,54.29,-0.01749063001963241,0.04439385315879333,0.35470145291731797,0.5641030813052379,0.4800520805081479,1.4807447450525764,0.5456344221885233,0.520124767726781,0.6530612244897939,0.0022683164898893732,0.0027831386702224827,0.2932193174191961,0.006811989100817428
363,363,2014-01-24,54.7,54.91,54.08,54.42,3460821,M,-0.0,0.39315842218117175,0.9845841967947488,0.048117402737021406,0.1589337864247959,0.105337112621261,0.5050616200820734,0.07245971265600312,-276160.67725593795,55.080559674650296,54.44772941187583,-442915.2000000004,5.995936578519894,55.32800000000002,54.39100000000007,0.9071525828245584,1.0262173913923125,-0.11906480856775414,0.35714285714285715,-0.6299999999999955,24.888368521399755,-2006141.8,-55555.55,54.47,54.86,55.3,55.69,54.03,53.64,53.2,-0.03218922283478562,0.03009653605905742,0.20189386127917305,0.44053101576115505,0.6655599146584803,1.432347723145753,0.5003024661979729,0.5096022712020277,0.4096385542168724,0.0008008233059466956,0.002755839538960124,0.2594431930848627,0.005449591280653976
364,364,2014-01-27,54.35,54.79,53.78,54.18,4051372,M,-0.0,0.3779781714639138,0.9879729705554487,0.043635917111750085,0.1920377095862212,0.1018002411392676,0.44976450132214746,0.06084904997973607,-457139.5127299197,54.78037311643354,54.42223137264956,-162854.42999999953,5.689993587245463,54.91800000000002,54.458500000000065,0.7785850253372429,0.9766909181812986,-0.19810589284405555,0.35714285714285715,-0.24000000000000196,24.874462473002602,-3638129.4,-372155.95,54.25,54.72,55.25999999999999,55.73,53.71,53.24,52.7,-0.024838012958963332,0.02808349146110051,0.1579310528728274,0.39351153134263983,0.5990993239857729,1.3859721080207028,0.4655481787854471,0.498786779083777,0.3960396039603954,-0.0005420936193539726,0.0027028964633951376,0.22574802403381106,0.004087193460490468
365,365,2014-01-28,54.52,55.14,54.41,54.47,2945805,M,-0.0,0.3744281472771492,0.9842432411480556,0.036317272517277815,0.3842216689794493,0.0970061197199698,0.4854480658060153,0.05641048992500052,-1004817.7282942669,54.67691541095568,54.42678076573054,-25750.799999998537,5.523079216660758,54.70000000000001,54.54700000000007,0.6921165968176766,0.9197760539085742,-0.22765945709089766,0.42857142857142855,0.28999999999999915,24.886859958773165,-2286004.4,-153772.6,54.67333333333333,54.93666666666665,55.40333333333334,55.66666666666666,54.20666666666665,53.94333333333332,53.47666666666665,-0.016431924882629175,0.014905906465436875,0.3788502491393372,0.4713145093754133,0.4966387016737742,1.3228482030912996,0.3377627127976049,0.4591110649636002,0.08219178082192047,-0.001287273953249735,0.0026349155626551987,0.20357402964936133,0.00272479564032696
366,366,2014-01-29,54.12,54.65,53.31,53.39,4437914,M,-0.0,0.3710173399260992,1.0316774756616478,0.04432415214292365,0.12108781105634835,0.09785285194847962,0.2858030154420204,0.030604618534504326,-1597755.1671314014,54.24794360730379,54.32803974042288,-305368.17999999964,5.233436215405061,54.30200000000001,54.533000000000065,0.5303294622588837,0.8418867355786359,-0.3115572733197524,0.42857142857142855,-1.0799999999999983,25.03823887577729,-2573697.0,-528446.75,53.78333333333334,54.25666666666668,55.12333333333334,55.59666666666667,52.91666666666668,52.44333333333334,51.57666666666668,-0.03015440508628513,-0.00018726591760295902,0.1758534105585854,0.31921394249125146,0.6017225274162601,1.3340523938266111,0.2450756393775073,0.4210720580658585,0.05970149253731233,-0.002341841027052641,0.0025374133558604267,0.15703380713065535,0.0013623978201635079
367,367,2014-01-30,54.0,54.34,53.62,53.91,2582749,M,-0.0,0.3718274269583479,1.0207871455734283,0.0327181863832649,0.40730290391304586,0.09648416424396468,0.37680544317969583,0.012597596075281835,-611402.3594093084,54.13529573820252,54.28822643181118,203311.36000000086,4.8096196809436025,54.07400000000001,54.558500000000066,0.4390110011400594,0.7613115886909207,-0.3223005875508613,0.42857142857142855,0.519999999999996,25.113862891095888,-1284310.6,-271967.05,53.95666666666667,54.29333333333334,54.67666666666669,55.01333333333335,53.57333333333334,53.23666666666666,52.85333333333333,-0.009371554575523798,0.009739651620153512,0.17585341055858536,0.31921394249125146,0.4423008026221667,1.3160078187260882,0.29764301884426264,0.41932974565746944,0.4027777777777733,-0.002783166243170714,0.002427163217543851,0.13020527011899338,0.0013623978201635079
368,368,2014-01-31,53.22,53.79,53.12,53.2,3597852,M,-0.0,0.3833068000608223,0.990015526163638,0.03947776766604329,0.2035417211955784,0.09719981831851036,0.2455750469431763,-0.005654144437141103,-863913.9907446195,53.823530492135006,54.18458581925775,159611.77999999808,4.162285515358618,53.83000000000001,54.54900000000006,0.3058240472590583,0.6702140804045483,-0.36439003314549,0.35714285714285715,-0.7099999999999937,25.155328070299834,-1311716.8,-303220.75,53.37000000000001,53.62000000000001,54.04,54.290000000000006,52.95000000000001,52.7,52.28000000000001,-0.01808785529715757,-0.006350392230108261,0.11903139708998657,0.2649343117981109,0.5312720583657776,1.3255382223641066,0.23822967425438665,0.390765292268628,0.11940298507463462,-0.0033066989648263077,0.0022965867397079947,0.09160476529766892,0.00272479564032696
369,369,2014-02-03,53.12,53.19,50.71,50.91,7244640,M,-0.0,0.3943360010928069,1.1900134560084867,0.10227357817703088,0.08334097891158415,0.11345229201903885,-0.06812751043521639,-0.03761294742868068,-1950604.0000018296,52.85235366142334,53.87272050313795,-13985673.0,3.1974868496332127,53.17600000000001,54.41750000000007,0.015312057212668153,0.5392336757661723,-0.5239216185535042,0.35714285714285715,-2.2900000000000063,25.53136344694269,-1950370.4,-790062.45,51.60333333333333,52.49666666666666,54.08333333333332,54.97666666666666,50.01666666666666,49.12333333333334,47.53666666666667,-0.06535707729025156,-0.042144873000940775,0.037426270122022855,0.13457880153438548,1.3596249482854488,1.5434475252365132,0.1857015032663648,0.36123004169926537,0.08064516129032097,-0.005153131317770415,0.002114805391606318,0.010113351650374127,0.004087193460490468
370,370,2014-02-04,51.19,51.74,50.75,50.97,4436456,M,-0.0,0.4068772561309105,1.1633449952073551,0.108713451138221,0.23601395731532615,0.12565839697667908,0.010793681470695449,-0.061532871662315476,-1068733.0357209272,52.224902440948895,53.59627093141052,-1870086.9200000037,2.2795600202289155,52.476000000000006,54.308500000000066,-0.2076852233902073,0.3898498959348963,-0.5975351193251037,0.35714285714285715,0.060000000000002274,25.843020262549327,-1652240.2,-423663.95,51.15333333333334,51.55666666666667,52.14333333333335,52.54666666666667,50.56666666666667,50.16333333333333,49.57666666666667,-0.04532684023225327,-0.02318896128784977,0.03742627012202286,0.13457880153438548,1.4262117654823212,1.7060797630519955,0.19787507625165004,0.3479912017490706,0.22222222222222066,-0.0067062947981572935,0.0018993375780454078,-0.048863910798334825,0.005449591280653976
371,371,2014-02-05,50.69,51.65,50.05,51.35,5773518,M,0.0,0.4037184307551425,1.221565662513041,0.10683924321159613,0.3709307623183171,0.13042889501059998,0.08787704923696997,-0.07876264684847885,1321554.7117524669,51.93326829396594,53.382340366514285,-647293.6800000072,1.4519911984986775,52.06800000000001,54.267000000000046,-0.3497180190375886,0.2419363129403993,-0.5916543319779879,0.2857142857142857,0.38000000000000256,26.074455445398346,390046.2,182003.1,51.01666666666666,51.98333333333332,52.61666666666666,53.58333333333332,50.38333333333332,49.41666666666666,48.78333333333332,-0.04748655166017428,-0.0094521604938272,0.026919661110552773,0.11218583879415092,1.390726428885347,1.769496211385059,0.40275005083443394,0.392230134915826,0.8125000000000019,-0.007284305959316646,0.001669321997179311,-0.08565404021287651,0.006811989100817428
372,372,2014-02-06,51.43,52.85,51.43,52.54,3913404,M,0.0,0.3924862356386321,1.2586902408446359,0.0790506105501528,0.6822024223102601,0.1270919137700124,0.24468745236242784,-0.08466366495881628,1732622.0567054963,52.135512195977284,53.302117474465284,-821191.6400000001,0.9652104954821924,51.794,54.30200000000006,-0.3620831094275943,0.12113242846680057,-0.4832155378943949,0.2857142857142857,1.1899999999999975,26.29388840049107,656177.2,683713.0,52.27333333333333,53.11666666666667,53.69333333333334,54.53666666666667,51.69666666666666,50.85333333333333,50.276666666666664,-0.012406015037594054,-0.058422939068100324,0.418621834912778,0.3360189992191189,1.0235868307086535,1.725336275384805,0.5290634141713123,0.4293215640519445,0.7816901408450692,-0.006341886438585053,0.0014526065773328154,-0.08817617630758805,0.008174386920980936
373,373,2014-02-07,52.87,53.71,52.59,53.09,2933068,M,-0.0,0.3834325177205477,1.2468648753986848,0.07620461865578614,0.8340713050376348,0.12611669189547728,0.34241651913291404,-0.08179681456079704,941777.4410670929,52.45367479731819,53.2819158102305,-4942383.0000000065,0.3333956482088831,51.77200000000001,54.16650000000007,-0.3237699111926844,0.032151960534903566,-0.35592187172758794,0.2857142857142857,0.5500000000000043,26.397977263069485,1962361.2,93570.3,53.13,53.67,54.25,54.79,52.55,52.01000000000001,51.43000000000001,0.04282066391671591,-0.04924785100286533,0.5858776413898904,0.45285410949323,0.98631637926184,1.7078249478890943,0.501518466590399,0.4309508028497185,0.4464285714285725,-0.004564302292595626,0.001259006355628037,-0.0785310446718819,0.009536784741144388
374,374,2014-02-10,52.91,53.13,52.34,52.91,2275188,M,0.0,0.3695842832649529,1.18594955867886,0.07317096537770054,0.693321471105372,0.12456064813183793,0.3350366226118848,-0.07929581607204057,953350.5029730028,52.605783198212116,53.24649525687522,-606139.919999996,-0.40444526717278895,52.17200000000002,54.02000000000007,-0.3044217369494504,-0.03516277896196725,-0.2692589579874832,0.2857142857142857,-0.18000000000000682,26.43768435112593,2956251.6,-322744.0,52.79333333333333,53.24666666666666,53.58333333333333,54.03666666666666,52.45666666666666,52.00333333333333,51.66666666666666,0.038061604865607175,-0.04252623959464353,0.5244712259496345,0.4270388030956168,0.9543689014213488,1.6821915530204732,0.5748519735075207,0.4586239632775324,0.7215189873417643,-0.0029453775874576475,0.0010833902449751405,-0.0742790462548173,0.010899182561307896
375,375,2014-02-11,53.0,53.68,52.71,53.57,2322128,M,0.0,0.35546825014430405,1.1571562841883452,0.06352322867628146,0.7623114626143913,0.12302920858936525,0.4449186670081226,-0.07277066895643589,1121973.790386564,52.92718879880808,53.27730523241091,-293251.1999999981,-0.7775608364902655,52.69200000000003,53.93550000000007,-0.2331441447423899,-0.07475905211805177,-0.1583850926243381,0.35714285714285715,0.6600000000000037,26.43191968648682,2533386.0,158022.55,53.32,53.93,54.29,54.9,52.96,52.35,51.99,0.04323271665043815,-0.039103139013452914,0.6405183263407792,0.5009983586850905,0.8367914913526561,1.6589104699679291,0.6787672950531238,0.4993833894553227,0.8865979381443303,-0.0012195707968668244,0.0009353674390387717,-0.05748151357754669,0.012261580381471404
376,376,2014-02-12,53.62,53.85,52.62,52.82,2523412,M,-0.0,0.3419668210256319,1.1668687796298998,0.028848278282483326,0.3914006929525464,0.12040642114790714,0.3503830977173761,-0.0668263858942993,-24121.12008738366,52.891459199205386,53.23375235313368,-22340.159999999083,-1.3997469242342069,52.98600000000002,53.789000000000065,-0.23447202384233634,-0.10670164646290872,-0.12777037737942765,0.35714285714285715,-0.75,26.231058566662217,874000.0,-159556.0,53.09666666666666,53.57333333333333,54.32666666666666,54.80333333333334,52.34333333333333,51.86666666666666,51.11333333333332,0.005329272934906759,-0.0534050179211469,0.6748543291573466,0.5234680944130466,0.3821387182689155,1.619135246781196,0.5067120720408366,0.4673089357944598,0.16260162601626196,-0.0003887155865978184,0.0007984705109199803,-0.05773175171149296,0.013623978201634857
377,377,2014-02-13,52.56,53.44,52.54,53.14,2269921,M,0.0,0.3303429873553393,1.131286275679246,0.02185998202699237,0.5292877174015702,0.11578632281352133,0.4169434004301232,-0.060763104709111275,291760.78259067924,52.974306132803605,53.22482355759714,22449.009999999984,-1.6964417669806324,53.106000000000016,53.65600000000007,-0.207313273577725,-0.12682397188587194,-0.08048930169185302,0.35714285714285715,0.3200000000000003,26.10805774899105,545303.4,-171894.25,53.04,53.54,53.93999999999999,54.44,52.64,52.14,51.74,0.000941796948577833,-0.051579510976262725,0.6349014223532901,0.5106791169511888,0.2902240513813643,1.553157734220577,0.5600302702494475,0.4862953863537178,0.6666666666666693,0.0001987640380463925,0.0006778124831370478,-0.051563965882134716,0.014986376021798364
378,378,2014-02-14,53.08,53.64,52.82,53.4,2159998,M,0.0,0.32046203076097124,1.0897814389220128,0.02390594112084025,0.6825289751797194,0.10832088799354184,0.4785264167231957,-0.052603347880179535,438678.76956307,53.11620408853573,53.24150702830217,-210780.11999999933,-1.595959413853206,53.168000000000006,53.52450000000007,-0.1629317652669542,-0.13404553056208846,-0.028886234704865763,0.42857142857142855,0.259999999999998,25.875170527033898,390689.4,-241202.0,53.28666666666667,53.75333333333334,54.106666666666676,54.57333333333334,52.93333333333334,52.46666666666667,52.11333333333334,0.0092610092610093,-0.050329005868753315,0.697567779141158,0.5436219559781805,0.31775776937820865,1.4494553423525844,0.609125871223208,0.5073450708124808,0.7073170731707293,0.0007363216617162984,0.0005758765751627522,-0.04151149938990036,0.016348773841961872
379,379,2014-02-18,53.67,53.75,52.9,53.15,2775383,M,-0.0,0.31096856299298303,1.0578105803990785,0.021462311060339842,0.4422136554064791,0.09766500375364698,0.4576972743046971,-0.03585655908831808,-189684.4803060491,53.12746939235715,53.232792073225774,5054.619999998994,-1.6337081093495733,53.21600000000001,53.370500000000064,-0.14624617596059153,-0.13648565964178905,-0.00976051631880248,0.35714285714285715,-0.25,25.699548729791555,290650.4,-585399.45,53.26666666666667,53.63333333333335,54.11666666666668,54.48333333333335,52.78333333333335,52.41666666666667,51.93333333333334,-0.007840209072241958,-0.043376529877609864,0.7328725609452424,0.5627559037518726,0.2855345863467613,1.3031075207085057,0.5041231298350798,0.4870376971216563,0.29411764705882304,0.0009164681374045768,0.00048581693850297073,-0.03801412687835565,0.017711171662125325
380,380,2014-02-19,53.19,53.67,53.06,53.34,2893804,M,-0.0,0.3037024509582259,0.9981025030125344,0.01705590979692054,0.6874594638408676,0.08990098020226947,0.5168125801780149,-0.02280540971833304,-141350.22028473017,53.1983129282381,53.24300235196617,-44028.359999996464,-1.609090852087384,53.170000000000016,53.259500000000074,-0.1163501025614906,-0.13245854822572936,0.016108445664238774,0.42857142857142855,0.19000000000000486,25.430421736400234,404985.6,-249968.25,53.35666666666666,53.65333333333332,53.96666666666667,54.26333333333332,53.04333333333332,52.74666666666666,52.43333333333332,0.009844755774327965,-0.03683640303358612,0.7328725609452423,0.5627559037518725,0.2267156809755664,1.1970203137706945,0.4890875510375949,0.4843690015331771,0.4590163934426253,0.0010429370293602571,0.0004095030588922852,-0.03135894176160526,0.019073569482288832
381,381,2014-02-20,53.27,53.8,53.21,53.46,3208085,M,-0.0,0.2994526549179567,0.943688835944196,0.010958287214402151,0.7773712367947905,0.08202887235088735,0.5679898982935528,-0.010299376485960044,-188963.59133527282,53.28554195215873,53.26366879463606,134137.62000000098,-1.6328640664197795,53.298000000000016,53.16350000000007,-0.08202867636490653,-0.1223725738535648,0.04034389748865827,0.42857142857142855,0.11999999999999746,25.187066556671887,1551285.0,60408.55,53.49,53.77,54.07999999999999,54.36,53.18000000000001,52.90000000000001,52.59000000000001,0.006021829130598425,-0.028882833787465874,0.7897302299948142,0.591056473616119,0.14601369798830152,1.0902354888066013,0.4673013052115049,0.4785937455356674,0.4237288135593247,0.0011656519835827575,0.0003468950336841728,-0.0234520615809997,0.02043596730245234
382,382,2014-02-21,53.56,53.99,53.51,53.71,3103180,M,-0.0,0.288883149795596,0.8885303244849699,0.015213823915690391,0.8667237511633269,0.07579633513872039,0.6524405353758214,0.005621922056131106,-200117.57021324668,53.42702796810582,53.30617652848025,77469.11999999947,-1.3870665004442455,53.412000000000006,53.09650000000007,-0.03426085041185445,-0.10475022916522274,0.07048937875336829,0.5,0.25,25.01514801762848,1717936.8,408776.7,53.73666666666667,53.96333333333335,54.21666666666668,54.44333333333335,53.48333333333334,53.25666666666667,53.00333333333334,0.005805243445692928,-0.013046674016905565,0.8535236969480563,0.6321780525345138,0.20315019074621385,1.0061300271732678,0.4504230923632263,0.4726959285005247,0.4166666666666691,0.0013864343985912106,0.00029977934841883357,-0.011736826466891122,0.021798365122615793
383,383,2014-02-24,53.87,54.1,53.03,53.06,5582042,M,-0.0,0.29762704317018385,0.9127262812203072,0.01932664811418509,0.22452878629015507,0.07216627938848055,0.5082312709165429,0.011952378825773113,-1698435.1200435448,53.30468531207055,53.282731144815465,-949582.7999999969,-1.277734261970958,53.34400000000002,53.028500000000065,-0.04829733035846573,-0.09345964940387133,0.0451623190454056,0.5,-0.6499999999999986,24.940733221012678,169528.8,302715.65,53.39666666666667,53.76333333333334,54.46666666666667,54.83333333333334,52.69333333333334,52.32666666666667,51.62333333333334,-0.0016933207902162992,-0.02067183462532295,0.4117260573879668,0.4862072028833248,0.2577401792507725,0.9567173866380114,0.30962785596800785,0.4303474956126243,0.028037383177571148,0.0010732034997370566,0.00025451747261853047,-0.015306263145647137,0.0231607629427793
384,384,2014-02-25,53.63,56.55,53.33,56.25,10908839,M,0.0,0.3125995975179663,1.2563627770575991,0.09629579939972982,0.9399109270288732,0.08845361267644676,1.163444153901265,0.03860642393091571,2343754.7413332625,54.28645687471371,53.56532817864256,19826373.859999992,-0.5850161813996738,53.96400000000002,53.13200000000007,0.19572875891817887,-0.03562196773946128,0.2313507266576401,0.5714285714285714,3.1899999999999977,25.30447272836321,2906373.2,1050726.2,55.37666666666666,57.42333333333333,58.59666666666666,60.64333333333333,54.20333333333333,52.15666666666666,50.98333333333333,0.054555680539932434,0.03267853864512578,0.8748033303331301,0.7852793731194562,1.2991266297017554,1.1749293371812437,0.5086960033575542,0.4757270006149122,0.9068322981366468,0.0028674104058717684,0.00026331946536586453,0.04590381770448683,0.024523160762942753
385,385,2014-02-26,55.88,58.66,55.72,57.96,8986974,M,0.0,0.3269849924754199,1.4808477401165854,0.15485300528199647,0.8614299742317988,0.11819346323730312,1.2385945375943586,0.0652431376698548,2457913.1369926888,55.51097124980913,53.98386835210517,16684166.799999995,0.5097101651993965,54.88800000000001,53.306500000000064,0.5210970196458007,0.07572182973759115,0.4453751899082096,0.6428571428571429,1.7100000000000009,25.731569658983393,4125007.2,1352784.65,57.44666666666666,59.17333333333333,60.38666666666666,62.11333333333333,56.23333333333333,54.50666666666667,53.29333333333334,0.08417508417508418,0.08559655366173441,0.9357673865167776,0.8651637317980444,2.124892938479556,1.5751199620148266,0.5930989228732905,0.50298202549966,0.7619047619047632,0.005890069706373266,0.00033940195110506485,0.12057292974073312,0.02588555858310626
386,386,2014-02-27,57.51,58.17,57.32,57.86,4064579,M,0.0,0.34080625393146186,1.3967347081010408,0.16427492025601662,0.7283522764320041,0.14018229504442828,1.0770287964819951,0.08706544555074289,1133283.6869342292,56.29398083320609,54.35302374714277,-11019258.599999996,1.5123896935455372,55.76800000000002,53.53000000000005,0.7620995370860301,0.21299737120727896,0.5491021658787509,0.6428571428571429,-0.10000000000000142,25.988756440191413,2670474.4,1371451.4,57.78333333333334,58.24666666666668,58.63333333333335,59.09666666666668,57.39666666666668,56.93333333333334,56.54666666666667,0.07726680320238315,0.07327026525690973,0.9357673865167776,0.8651637317980445,2.2903209382093843,1.8759895634320631,0.6071639877978793,0.5155831771327454,0.6352941176470568,0.008166995828656256,0.0004613765867436966,0.1728563317932797,0.02724795640326977
387,387,2014-02-28,57.7,58.13,57.5,57.86,3235020,M,0.0,0.3431114129791613,1.294503413687569,0.1485786078588726,0.6500727999181183,0.15718357983350145,0.9893381253490412,0.10439483240177516,285465.3580178965,56.815987222137394,54.68702148551013,575195.4000000082,2.3221430799938108,56.59800000000003,53.727500000000035,0.942234278247618,0.3588447526153468,0.583389525632271,0.6428571428571429,0.0,26.153060791760225,2049838.4,1242313.95,57.83000000000001,58.16000000000001,58.46000000000001,58.790000000000006,57.53000000000001,57.2,56.90000000000001,0.0904636260836788,0.08759398496240595,0.9357673865167776,0.8651637317980445,2.1023130118991187,2.111270196376114,0.5952521823414423,0.5209017861133,0.5714285714285682,0.009292870109605805,0.0006137157418786803,0.2124298999048944,0.02861035422343322
388,388,2014-03-03,57.19,57.63,56.7,57.62,3857916,M,0.0,0.3490431674544625,1.276569625195893,0.04975844095990715,0.5384399268948014,0.16889484986867245,0.9029468377217174,0.11352817801640255,966753.3023510764,57.08399148142493,54.96635277260441,49599.12000000041,3.0935263388170693,57.51000000000002,53.94850000000004,1.0534824739924744,0.4977722968907724,0.555710177101702,0.6428571428571429,-0.24000000000000196,26.233541995678223,2394663.6,1229310.75,57.31666666666667,57.93333333333334,58.24666666666667,58.86333333333334,57.00333333333334,56.38666666666667,56.07333333333334,0.02435555555555551,0.13180121783539586,0.6211084095221973,0.7017678862242128,0.7154019849010653,2.2779059520350207,0.7265838921702787,0.5655061218956478,0.9892473118279514,0.009255084778116077,0.0007800844360236763,0.2380221382344394,0.02997275204359673
389,389,2014-03-04,58.2,58.41,57.6,57.65,3464471,M,-0.0,0.34872505179537217,1.2143603418364397,0.010219638733599028,0.2629500884846024,0.16970645639774612,0.865206354219068,0.12490645017273125,-1009786.4828019084,57.27266098761663,55.22193822283256,-48184.710000000196,3.880646065032544,57.79000000000002,54.28550000000004,1.1310304054279854,0.6244239185982151,0.5066064868297703,0.6428571428571429,0.030000000000001137,26.207371314271676,905790.0,1764766.3,57.88666666666666,58.17333333333333,58.69666666666665,58.98333333333332,57.36333333333333,57.07666666666667,56.55333333333334,-0.005348516218081475,0.13105748479497745,0.7403058705806591,0.7550695502742144,0.14764823060367202,2.3031499596949634,0.5049653931340943,0.5175272907686075,0.06172839506172525,0.008553116272925824,0.0009522308181377666,0.2587617039697396,0.03133514986376024
390,390,2014-03-05,57.55,57.84,57.11,57.32,3566548,M,-0.0,0.3480407241711325,1.1497789629249149,0.015405713730410959,0.11500545079371187,0.16550800976479288,0.8006450915109646,0.13006451669756405,-1242236.7437513592,57.288440658411076,55.42175363018185,87410.39999999916,4.707184777154906,57.66200000000002,54.60300000000003,1.1525733100520696,0.7300537968889861,0.4225195131630836,0.6428571428571429,-0.3299999999999983,26.152111358949586,-1604914.4,1364616.1,57.42333333333334,57.73666666666668,58.15333333333335,58.46666666666668,57.00666666666668,56.69333333333334,56.27666666666667,-0.009332872450743159,0.11626095423563775,0.5798668988458666,0.66661618523061,0.2220810662807393,2.259308464296748,0.4325340063816335,0.495636237636046,0.2876712328767119,0.007297931232277613,0.0011179018247310763,0.26792414000596515,0.03269754768392369
391,391,2014-03-06,57.58,57.7,57.08,57.3,4017682,M,-0.0,0.35204225687241497,1.0791417678682602,0.016535711212386988,0.2372929051826171,0.16024351603037884,0.7727495162051571,0.13275517057580824,-1113628.3414804258,57.292293772274064,55.60063423683119,-193623.8500000008,5.49761009740263,57.55000000000002,54.90050000000004,1.154721473959242,0.8149873323030373,0.33973414165620464,0.6428571428571429,-0.02000000000000313,25.94974570494114,-1595535.0,875056.1,57.35999999999999,57.63999999999999,57.98,58.25999999999999,57.01999999999998,56.73999999999999,56.399999999999984,-0.00967853439336333,0.0905976398934145,0.5692917431073402,0.6610132780491353,0.2379075450682179,2.199362287956455,0.4066355741468939,0.4822269492590335,0.3548387096774149,0.005925891635493236,0.0012730679817967324,0.2749299264268328,0.0340599455040872
392,392,2014-03-07,57.52,58.48,57.27,58.05,3914963,M,0.0,0.3558868666426219,1.0965895321524912,0.021212848179698342,0.8781908313544726,0.16187906344641356,0.8217702350128997,0.14007172668623116,-228324.24389370737,57.54486251484937,55.83390716665679,254342.9499999989,6.380039437873843,57.58800000000002,55.17600000000003,1.2030743491120504,0.8926047356648399,0.3104696134472104,0.6428571428571429,0.75,25.85736734378517,-812542.4,875134.05,57.93333333333334,58.59666666666667,59.14333333333333,59.80666666666666,57.38666666666668,56.723333333333336,56.17666666666669,0.007462686567164175,0.09342625729892624,0.7411351611348412,0.7305914435483171,0.3054013752431172,2.2329598011798297,0.4859664158224466,0.4976937254413685,0.6446280991735521,0.005152384441136697,0.0014273043944042752,0.290877017903601,0.035422343324250705
393,393,2014-03-10,57.7,58.33,57.55,58.12,4128573,M,0.0,0.3666848607759047,1.0543775945321592,0.026968134917279587,0.7776817591842758,0.16371857726048047,0.7967101884740163,0.14823641955026673,400578.5189747213,57.736575009899575,56.051630293641864,90930.62000000002,6.847496304899495,57.68800000000002,55.42750000000003,1.2328314524470088,0.960650079021274,0.2721813734257349,0.7142857142857143,0.07000000000000027,25.78610197389608,784755.4,934909.3,58.0,58.45,58.78,59.23,57.67,57.22,56.89,0.008152645273200327,0.09846909846909847,0.7411351611348411,0.7305914435483171,0.3889344417770064,2.2686278602763217,0.5675673541380412,0.5198913926154506,0.7307692307692301,0.0046065098313724205,0.0015765666931278745,0.30486990517632084,0.03678474114441416
394,394,2014-03-11,59.14,59.95,58.85,58.94,5717399,M,-0.0,0.3637471924578056,1.1577939152612051,0.046796900527845416,0.8665606421618898,0.16627812797680472,0.8465165078664603,0.14861684675443887,-1506342.8953339674,58.13771667326639,56.32671312281882,1604168.040000001,7.241726963623202,57.94600000000002,55.72900000000003,1.307509166427991,1.030021896502617,0.27748726992537365,0.7142857142857143,0.8200000000000003,25.465243173972087,1235341.0,1334538.65,59.24666666666667,59.64333333333334,60.34666666666667,60.74333333333334,58.54333333333334,58.14666666666667,57.44333333333334,0.0282623866015352,0.1002426731379503,0.9013528876729384,0.8311346276471391,0.677923299496633,2.3166284485048387,0.4056509633647536,0.4781701344442818,0.08181818181817835,0.004630624993851329,0.0017299153450694778,0.327352576154038,0.038147138964577665
395,395,2014-03-12,58.58,58.78,57.73,58.76,3696987,M,0.0,0.3649908305192927,1.1647547265597114,0.044704484596818236,0.7020496161971237,0.16806750046394886,0.7945318798964274,0.1412003440385113,503484.88599160436,58.34514444884426,56.55845473016942,-276215.0400000003,7.371134495374314,58.234000000000016,55.98850000000003,1.3367579831774492,1.0913691138375838,0.24538886933986534,0.6428571428571429,-0.17999999999999972,25.2538657648942,1209253.2,1033582.9,58.42333333333333,59.11666666666665,59.47333333333332,60.16666666666666,58.06666666666665,57.37333333333332,57.016666666666644,0.02547993019197209,0.11245740249905334,0.5636775796424177,0.6369207281995269,0.6508302390027786,2.352461812431451,0.5974181025606283,0.5260541579212434,0.9809523809523779,0.004520962161690702,0.0018776713625671996,0.3409361981710106,0.03950953678474112
396,396,2014-03-13,58.98,59.58,58.06,58.21,3843463,M,-0.0,0.3641819010786402,1.212120763018416,0.027749452711051614,0.3729188949604429,0.16196324921444982,0.7142293863896692,0.13427464805844244,-833140.5219294623,58.300096299229494,56.71574475586757,1367973.2799999942,7.5597770901073815,58.41600000000002,56.25800000000004,1.3005653697113218,1.1332083650123317,0.16735700469899029,0.6428571428571429,-0.5499999999999972,25.095658895518174,1244097.0,967580.35,58.61666666666667,59.17333333333333,60.13666666666666,60.69333333333333,57.65333333333334,57.09666666666667,56.13333333333334,0.002756244616709797,0.0954083552879187,0.6825895690594289,0.6967406409915,0.4052530073921979,2.277932118576631,0.4311734718825239,0.4853522581693455,0.09868421052631512,0.0038741676297050476,0.00200678503903156,0.3372685486975422,0.040871934604904625
397,397,2014-03-14,58.2,59.0,57.88,58.58,3542004,M,0.0,0.3645023851577029,1.1998379946159603,0.02401229126136311,0.5412738737305309,0.15636256776715826,0.731922071721726,0.1196549033490068,-40897.21253038208,58.39339753281967,56.89329287435638,27896.939999999955,8.107865225960914,58.52200000000001,56.53000000000003,1.2869037452610923,1.1639474410620838,0.12295630419900873,0.6428571428571429,0.36999999999999744,24.94870492196234,1169505.2,1031184.5,58.48666666666666,59.09333333333331,59.60666666666665,60.21333333333331,57.97333333333332,57.36666666666666,56.85333333333332,0.007914659325533395,0.09700374531835207,0.6286236720435052,0.6674972980618752,0.35131182729937305,2.2097939889693654,0.4957823145883485,0.49865204310559796,0.6249999999999977,0.003333187018702777,0.0021227693184411246,0.3392583732725735,0.04223433242506813
398,398,2014-03-17,58.92,59.19,58.5,58.9,2724678,M,0.0,0.3659658693555116,1.1318595953338315,0.020258823404808,0.6867512222759606,0.1507564959374418,0.7446365979769293,0.10488721006492664,143378.2377107439,58.562265021879774,57.084407838703385,-771961.6499999975,8.379015693947599,58.67800000000001,56.80500000000003,1.2870616891218845,1.1885702906740439,0.09849139844784037,0.6428571428571429,0.3200000000000003,24.793488770116877,888726.2,1059418.5,58.86333333333334,59.22666666666667,59.55333333333334,59.91666666666667,58.536666666666676,58.17333333333334,57.84666666666668,-0.0006786562606039897,0.10818438381937913,0.6674739842483473,0.6840404812941222,0.2971868099368309,2.140930687931597,0.5237582580347443,0.5063718623267349,0.579710144927536,0.003044893409252516,0.00222910969222051,0.3452410723495329,0.043596730245231585
399,399,2014-03-18,58.84,59.38,58.82,58.88,2923753,M,-0.0,0.35900117813094146,1.0556116492893208,0.01942665541845465,0.687771319667265,0.1404878209004237,0.7229866251404288,0.09290124554659984,-663417.2904212275,58.668176681253186,57.25541661596972,-185475.30000000267,8.611507510179818,58.66600000000001,57.09150000000003,1.2709226230399295,1.2050407571472213,0.06588186589270828,0.6428571428571429,-0.019999999999996017,24.66149168380586,-839504.2,1052000.0,59.02666666666667,59.23333333333334,59.58666666666666,59.79333333333334,58.67333333333334,58.46666666666667,58.11333333333334,0.0020422055820286684,0.103862017247844,0.7099531931119604,0.7015870512628528,0.2849210416947652,2.005165106734136,0.3848864577374498,0.4683500523092232,0.10714285714286076,0.0027786864185518536,0.002323098301994773,0.3495995961835014,0.04495912806539509
400,400,2014-03-19,58.87,59.17,58.19,58.55,3565816,M,-0.0,0.35230961215359463,1.0455300960507454,0.01931443974446284,0.4346457015533815,0.1270903415052784,0.6643598377911689,0.08207989467201339,-503231.5352681025,58.628784454168795,57.37871027159165,-294398.3000000012,8.749970832220018,58.62400000000001,57.352000000000025,1.2174698205764187,1.2075265698330608,0.00994325074335789,0.5714285714285714,-0.3300000000000054,24.586930851992346,-813270.0,729019.0,58.63666666666666,59.08333333333333,59.61666666666667,60.06333333333333,58.10333333333333,57.65666666666666,57.12333333333332,0.005840920803985506,0.0952113729891507,0.44566632103048376,0.5761955020077328,0.28307242889484746,1.8222213165026824,0.3790399514168026,0.458730708163155,0.3673469387755081,0.0022738546375320003,0.002398067041051288,0.34358934679022435,0.0463215258855586
401,401,2014-03-20,58.44,58.82,58.19,58.7,1890545,M,0.0,0.3520019473774885,0.9901260832439795,0.011134670749289621,0.4663531460842763,0.11079355166008842,0.6701325112141959,0.07500651411641716,281437.83963494,58.652522969445855,57.50454738858293,185977.43999999968,8.897206113489611,58.72200000000002,57.614000000000026,1.1736823563035514,1.2007577271271592,-0.02707537082360756,0.5,0.15000000000000568,24.45821160469077,333531.6,663142.0,58.56999999999999,58.94999999999999,59.19999999999999,59.57999999999999,58.31999999999999,57.93999999999999,57.68999999999998,0.002048480710140057,0.0929063489108174,0.44566632103048376,0.576195502007733,0.16346253393494636,1.5958149213360844,0.5225345707858065,0.4921395749594084,0.8095238095238143,0.0018414796584439485,0.002457190210727636,0.340775310591208,0.04768392370572205
402,402,2014-03-21,59.09,59.56,58.72,58.97,8054453,M,-0.0,0.3407969393628633,0.9727759388114491,0.011674151225753594,0.7476545323660727,0.09190665225832728,0.7054788862884619,0.06841354746363823,-832842.3030230637,58.75834864629724,57.64411430395597,1885227.5400000082,9.031704773464764,58.80000000000001,57.87700000000003,1.1475391024566832,1.1901140021930638,-0.042574899736380616,0.5714285714285714,0.269999999999996,24.38003747442091,1236021.4,910705.65,59.08333333333334,59.44666666666667,59.923333333333346,60.286666666666676,58.60666666666667,58.24333333333333,57.76666666666666,0.0011884550084889692,0.11138333961552953,0.7014935717773904,0.6722849321750309,0.17161002301857786,1.3298203281888026,0.44756272973021977,0.4736138104508025,0.2976190476190464,0.001645944948973058,0.002505066332396737,0.3424846684170068,0.04904632152588556
403,403,2014-03-24,59.05,59.25,57.85,58.41,4304380,M,-0.0,0.32968990699544554,1.0297391469699222,0.015682744956299816,0.18281848172333715,0.04799915164663252,0.5951310573002964,0.060339398247623514,-449570.4171689407,58.64223243086482,57.71705579881731,-700012.150000015,9.04389926150367,58.70200000000002,58.144500000000036,1.069306762805084,1.1659525543154678,-0.09664579151038376,0.5,-0.5600000000000023,24.443873203041587,-169790.2,974588.75,58.50333333333333,59.15666666666666,59.90333333333333,60.55666666666666,57.75666666666666,57.10333333333333,56.35666666666666,-0.00798233695652184,0.038399999999999934,0.398664061623448,0.5112326626138045,0.23015212360617804,0.6977216682294066,0.43170848648681215,0.4666029713602496,0.39999999999999697,0.0011545496965019815,0.0025322309220036326,0.3264149242135564,0.05040871934604907
404,404,2014-03-25,58.55,58.63,57.82,58.01,3412513,M,-0.0,0.3210995812803272,1.0004405940405996,0.024347890461759752,0.13649973090159545,0.03703632471840387,0.3968339751498506,0.048752628911205936,-554404.3726296446,58.43148828724321,57.744955246549004,4456262.400000004,8.87765500792664,58.52800000000002,58.23250000000004,0.9639189552398052,1.1255458345003353,-0.1616268792605302,0.5,-0.3999999999999986,24.495411531644454,-267542.2,258521.15,58.15333333333334,58.48666666666667,58.96333333333333,59.29666666666667,57.67666666666667,57.34333333333333,56.86666666666667,-0.009222886421861642,0.000862663906142118,0.3905253847703338,0.5062899490109835,0.3562583332364688,0.5391794447911137,0.36599495806939625,0.4445043932530415,0.23456790123456445,0.00040777231932081365,0.002534824687124059,0.3006496235723322,0.05177111716621252
405,405,2014-03-26,58.26,58.82,58.08,58.09,2959171,M,-0.0,0.3149739694590253,0.9750485148351866,0.02773573227731428,0.2865205959281908,0.03684804983483328,0.43056829163783067,0.03794065031908085,-886585.4573825506,58.31765885816213,57.777816651639576,430466.8799999908,8.599270764005272,58.43600000000002,58.239000000000026,0.8767470951218144,1.0757860866246312,-0.1990389915028168,0.5714285714285714,0.0800000000000054,24.56319238528893,1037455.2,-42869.0,58.33000000000001,58.58000000000001,59.07000000000001,59.32000000000002,57.84000000000001,57.59,57.10000000000001,-0.010391822827938659,0.003975112340131421,0.4839386283539323,0.5396064295128308,0.4051913128392845,0.5364983935827141,0.24850114321743766,0.4034576428016585,0.01351351351352039,-0.0001850192162673637,0.002518236335809414,0.2807601913963663,0.05313351498637603
406,406,2014-03-27,58.14,59.01,57.9,58.4,2780046,M,-0.0,0.3090885777791343,0.9930420461904952,0.02587348701417636,0.5158899285797499,0.03638274222348879,0.5632112188353655,0.032511743478991176,-113431.1568621816,58.345105905441415,57.83707220862628,-246662.13000000035,8.36079019026998,58.37600000000002,58.26600000000004,0.8231879785607532,1.0252664650118557,-0.20207848645110227,0.5714285714285714,0.3099999999999952,24.70812577584208,1215355.4,299362.25,58.43666666666667,58.973333333333336,59.54666666666666,60.08333333333334,57.86333333333334,57.32666666666667,56.75333333333334,-0.009665931829743945,0.009332872450743159,0.575109807685766,0.5736114723698443,0.3775976694848899,0.5299692145984498,0.3158175789617753,0.4079331482920196,0.4504504504504507,-0.00037579828752178735,0.002490552945827235,0.2698089190336389,0.05449591280653954
407,407,2014-03-28,58.35,59.0,58.35,58.92,1849314,M,0.0,0.3113849955179145,0.9473031066984288,0.024541148401972145,0.8867719341535261,0.03704696312306259,0.7781709607343694,0.027594099309797882,744406.9849497747,58.53673727029428,57.940208188757104,-921181.309999998,8.056657463778254,58.36600000000003,58.319000000000045,0.8133261296475567,0.9828783979389956,-0.16955226829143902,0.5714285714285714,0.5200000000000031,24.84174682432333,-25672.4,391827.95,58.75666666666666,59.16333333333332,59.40666666666666,59.81333333333332,58.51333333333332,58.10666666666666,57.86333333333332,0.008731381612737633,0.022561610551891775,0.5751098076857659,0.5736114723698443,0.3580921669073767,0.5401354605934723,0.5028527449488767,0.45259885578069203,0.8769230769230792,-5.486470505028073e-05,0.002461298304251505,0.2703700917535844,0.05585831062670299
408,408,2014-03-31,59.13,59.75,58.84,59.29,3558156,M,-0.0,0.3170230595736936,0.942329359138638,0.037577993686372005,0.8400168607579951,0.03802992857240168,0.8995870582335416,0.025420832800885373,571649.588387894,58.78782484686285,58.06875978982786,692517.9000000005,7.8392998953843405,58.54200000000003,58.402500000000046,0.8258466055173059,0.951472039454658,-0.12562543393735193,0.5714285714285714,0.36999999999999744,24.906753518503532,1546834.8,762631.55,59.29333333333333,59.74666666666666,60.20333333333332,60.65666666666665,58.83666666666666,58.38333333333333,57.92666666666666,0.02206516117910707,0.028447528187337395,0.8204826235064563,0.6969981667701489,0.5499727265968978,0.5552607258624228,0.500070328134415,0.456589964230673,0.4945054945054917,0.0005710441775966017,0.002435170199509782,0.27773318351266124,0.0572207084468665
409,409,2014-04-01,59.19,60.18,59.13,59.51,2802559,M,-0.0,0.3268481220852717,0.9566854445868191,0.040415582782055065,0.7808925308963951,0.03951724342328908,0.938877131421482,0.026804801518305603,215163.58059363364,59.028549897908576,58.20602076222521,562414.5499999964,7.782227326499298,58.84200000000003,58.49550000000005,0.8437945953808637,0.9299365506398992,-0.08614195525903556,0.6428571428571429,0.21999999999999886,24.60339317249105,2789849.2,729535.95,59.60666666666666,60.08333333333332,60.65666666666666,61.13333333333332,59.03333333333333,58.55666666666666,57.98333333333333,0.0244448269925976,0.03820655966503834,0.8773400994628661,0.7466697238416751,0.5945334305154212,0.5778952281667521,0.4540151393911962,0.4475723259139192,0.36190476190475857,0.0012424855829948757,0.0024132098537179908,0.2878838882933599,0.05858310626702995
410,410,2014-04-02,59.5,60.88,59.5,60.64,4943105,M,0.0,0.33628788793211306,1.013127385308577,0.05619143772861824,0.8861983026761366,0.04695941377799851,1.21822451380272,0.034815123398710825,1321796.6903682358,59.56569993193904,58.437828308679954,1869681.1500000018,7.881716253613376,59.35200000000002,58.66150000000007,0.9383829681186242,0.9316258341356444,0.006757133982979946,0.6428571428571429,1.1300000000000026,24.235831331779565,3186636.0,1155018.6,60.34,61.17999999999999,61.72,62.56,59.79999999999999,58.96,58.41999999999999,0.03835616438356168,0.05828970331588139,0.9287621580200092,0.8074099724318438,0.8337685530172377,0.6886774128345157,0.5780390784347101,0.4836213383527591,0.8260869565217379,0.0024200789028832755,0.002410184853264578,0.316862493123708,0.05994550408719346
411,411,2014-04-03,60.54,60.8,60.14,60.6,3093853,M,0.0,0.3453574667946998,0.9660437339340996,0.05250451985629325,0.7573780990760415,0.050236278801582185,1.1001236207444662,0.039617910329917766,1016400.7687543627,59.910466621292706,58.643749422138995,317510.460000001,7.995066580663064,59.79200000000003,58.826500000000046,0.9986059613676446,0.9450218595820444,0.053584101785600136,0.7142857142857143,-0.03999999999999915,24.006554644794974,2011856.2,1201210.05,60.51333333333333,60.88666666666666,61.17333333333333,61.54666666666665,60.22666666666666,59.85333333333333,59.56666666666666,0.028513238289205694,0.043927648578811436,0.9287621580200092,0.8074099724318438,0.7848375628118718,0.7388061137303193,0.617682617946374,0.5039402296496108,0.6969696969697019,0.003321130987673289,0.0024182849544144274,0.3384569832242352,0.061307901907356965
412,412,2014-04-04,60.91,61.26,59.68,59.74,3773150,M,-0.0,0.3359338806347257,1.0479045694095528,0.0418200872458464,0.4138537919291624,0.050378347643333175,0.7793278359258945,0.037444374836949776,-698097.8849421864,59.85364441419514,58.74815423907815,1052959.4999999984,7.82030688701786,59.95600000000003,58.911000000000065,0.9658051046668276,0.9491785085990012,0.016626596067826568,0.6428571428571429,-0.8599999999999994,24.042273248526925,887363.4,816804.4,60.22666666666667,60.77333333333333,61.80666666666666,62.35333333333333,59.19333333333334,58.64666666666667,57.61333333333334,0.007589812784618026,0.027873365450791547,0.9287621580200092,0.8074099724318438,0.6268412877279921,0.741959709504101,0.4244466398123512,0.4595625585919626,0.037974683544305284,0.0032369147232840624,0.002418824773687759,0.3257258241791756,0.06267029972752042
413,413,2014-04-07,59.71,59.75,58.02,58.26,3048096,M,-0.0,0.3321314944823751,1.138850626821612,0.06518522291005817,0.1174403126896973,0.04988149309445944,0.2761080634068965,0.029268836682515863,-927411.1174253064,59.322429609463434,58.701663359165934,107071.38000000015,7.501013105344183,59.75000000000002,58.91800000000006,0.8110374237226949,0.92155029162374,-0.11051286790104498,0.5714285714285714,-1.4800000000000042,24.220521513434385,-433887.0,457970.95,58.67666666666667,59.33333333333334,60.40666666666667,61.06333333333333,57.60333333333334,56.94666666666667,55.87333333333334,-0.02100487313056629,-0.011537156430268064,0.24913289081407425,0.41650474813888894,0.9737042672189942,0.7347294525348411,0.3292072011080405,0.4290069171736252,0.13872832369941926,0.0018369600218701727,0.0023887955799329038,0.2668016679457954,0.06403269754768393
414,414,2014-04-08,58.01,58.82,57.43,58.38,3805724,M,0.0,0.3270967859522958,1.172337209912064,0.07776266666037943,0.25284877275756545,0.05056567652792614,0.3287333512991677,0.024115732306140218,208138.2962830061,59.008286406308954,58.6710287535311,-44300.63999999999,7.012599115689434,59.52400000000002,58.890000000000065,0.6901107514875662,0.8752623835965053,-0.18515163210893915,0.5714285714285714,0.12000000000000455,24.441207555169548,-233254.0,362387.2,58.21,58.99,59.6,60.38,57.6,56.82,56.21,-0.037269129287598915,-0.006466984343090461,0.1826332423495618,0.3461172941958448,1.1571862425731068,0.7444531726823934,0.4472892132087183,0.4532399000532869,0.6834532374100737,0.000423988873571475,0.002336793137919349,0.2245614834305511,0.06539509536784743
415,415,2014-04-09,58.61,58.92,58.06,58.84,2452027,M,0.0,0.3177746740295805,1.1306922485904551,0.06702063240557664,0.4182892944938823,0.05052688906636482,0.481853196013365,0.021677688142107368,844506.7600824495,58.952190937539314,58.687121253194796,-345720.0200000032,6.464213990500166,59.16400000000003,58.89400000000007,0.6241982789217246,0.8250495626615492,-0.20085128373982453,0.6428571428571429,0.4600000000000009,24.61678212735475,-731469.6,669837.9,58.60666666666666,59.15333333333332,59.46666666666667,60.01333333333332,58.29333333333332,57.74666666666666,57.43333333333332,-0.029042904290429012,0.0108228826662086,0.2313198982044682,0.36752725013863335,0.9913021739108846,0.7439326511686233,0.6005183902011617,0.4964529328278357,0.9069767441860483,-0.00035471549592530215,0.0022749664708918106,0.2008154043625688,0.06675749318801089
416,416,2014-04-10,58.82,59.24,57.87,58.07,3036592,M,-0.0,0.3185271398659609,1.1625999487783951,0.04555708359803533,0.27996378762737284,0.051035328558453705,0.2281485137138933,0.015650543751421456,-291062.3047784993,58.658127291692864,58.62834780050958,238430.92000000176,5.874114193703978,58.65800000000003,58.887000000000064,0.5040195807129138,0.7608435662718221,-0.2568239855589084,0.5714285714285714,-0.7700000000000031,24.85101722354346,-720017.4,710181.45,58.39333333333334,58.91666666666668,59.76333333333334,60.286666666666676,57.54666666666667,57.02333333333333,56.17666666666667,-0.027954469367258147,-0.00870604301809488,0.3932362220240095,0.43721537690380413,0.6680718524233894,0.7513293482054165,0.4490073939540597,0.4630750726975517,0.1459854014598556,-0.0012132763387465093,0.002193739104158589,0.16050141477520213,0.0681198910081744
417,417,2014-04-11,56.91,57.79,56.78,56.9,4063816,M,-0.0,0.32144283524398903,1.1795866222746083,0.049797720039308144,0.08862667627548579,0.059298066797477886,-0.04575631531612475,0.003092552783954431,-1030840.6535137444,58.07208486112858,58.46374324808009,-3126870.660000008,5.08988346176125,58.09000000000002,58.80300000000007,0.3107853347577105,0.6708319199689999,-0.3600465852112894,0.5714285714285714,-1.1700000000000017,24.978817075527967,-778150.6,329890.45,57.15666666666666,57.53333333333333,58.16666666666666,58.54333333333333,56.52333333333333,56.14666666666667,55.51333333333334,-0.02334363199450737,-0.03395585738539898,0.1961768016444493,0.3028747806608377,0.7231873892708527,0.8717260554730242,0.33894222303207866,0.4302881020776055,0.11881188118811653,-0.002562648146359755,0.00208060350925508,0.09864078886970347,0.0694822888283379
418,418,2014-04-14,57.45,57.77,56.46,56.98,2937733,M,-0.0,0.32247626699608645,1.1969750726379944,0.059572193613380536,0.2521259585781108,0.0655167339428799,0.05099599976003906,-0.008027787579640231,-446642.25549794134,57.708056574085724,58.322434367310564,107756.31000000033,4.353675062882786,57.83400000000002,58.707000000000065,0.16223103567876507,0.569111743110953,-0.406880707432188,0.5714285714285714,0.0799999999999983,25.138427164180342,419015.2,340543.2,57.07,57.68,58.38,58.99,56.37,55.76,55.06,-0.02398081534772192,-0.03226902173913053,0.16267193877010305,0.27369677092078604,0.8613245613590629,0.9615727248961636,0.35827700364988324,0.4271127175831186,0.3969465648854925,-0.0035699505237334304,0.0019463797607574824,0.05351558794589832,0.07084468664850135
419,419,2014-04-15,57.13,57.88,56.77,57.58,2682735,M,0.0,0.311524500327508,1.1853783962862618,0.055979686512990214,0.4708849648727496,0.06771239368517303,0.23254693674205595,-0.015017757111342981,417800.22556288756,57.66537104939048,58.25172633232861,-939135.0799999995,3.638623002536708,57.67400000000002,58.642000000000046,0.09185680095104942,0.4736607546789723,-0.3818039537279229,0.5714285714285714,0.6000000000000014,25.2366032296694,194417.4,620867.6,57.41,58.05,58.52,59.16,56.94000000000001,56.3,55.83000000000001,-0.021414004078858004,-0.016567036720751476,0.22626681974636464,0.301051420327463,0.8071431099875496,0.9926975476214799,0.4820945790098308,0.455933385406605,0.7297297297297257,-0.003711694353542717,0.001807573145460989,0.031620484083570634,0.07220708446866486
420,420,2014-04-16,58.07,58.74,57.78,58.66,2595658,M,0.0,0.31051403033302444,1.181994610114761,0.05160853221515417,0.8435741538021866,0.0676902303477641,0.5031487234393364,-0.019026251838034355,1029503.1528785308,57.99691403292699,58.290609538773495,-574685.9999999999,3.0292005792156877,57.63800000000001,58.647500000000065,0.1218273372646692,0.4032940711961117,-0.2814667339314425,0.5714285714285714,1.0799999999999983,25.277658461663734,223143.6,928941.3,58.39333333333334,59.00666666666668,59.35333333333334,59.96666666666668,58.04666666666667,57.43333333333334,57.08666666666667,0.010160151541243265,-0.000681431005110839,0.5774962426946493,0.4814891825947173,0.7436531449542642,0.9924656960801248,0.6269519415621075,0.4998127455266103,0.9166666666666612,-0.002740126748030485,0.0016838027304922265,0.037946691895912606,0.07356948228882831
421,421,2014-04-17,58.43,58.58,56.66,56.83,6443543,M,-0.0,0.3095431866191698,1.2910619954327929,0.05365883386767045,0.3181511445111632,0.07324158124334011,0.09800284344089308,-0.0344218783543961,-1189247.337250226,57.607942688617996,58.15150386841412,-2820606.0,2.2268242088755392,57.39000000000001,58.554000000000045,-0.0020627250225686566,0.3222227119523757,-0.32428543697494433,0.5,-1.8299999999999983,25.341302058498375,-458246.6,512236.9,57.35666666666666,58.05333333333333,59.27666666666667,59.97333333333333,56.13333333333333,55.43666666666666,54.21333333333333,-0.0012302284710017624,-0.03628963879938953,0.3159772973503091,0.3445777589318623,0.7698701189164018,1.0721468870306352,0.44748184993029416,0.460644071349473,0.08854166666666748,-0.0027431542885189733,0.001545141460792909,0.002757365200176861,0.07493188010899182
422,422,2014-04-21,56.94,57.55,56.72,57.33,2634293,M,0.0,0.30110882212372075,1.2295870627084202,0.05039364922966327,0.4495930394579897,0.07531695803626537,0.2406863465361889,-0.042158623832737135,92199.70956947187,57.515295125745325,58.07326540475563,-51384.549999999945,1.5831767155781251,57.476000000000006,58.47200000000005,-0.059218041914014925,0.2459345611790976,-0.3051526030931125,0.42857142857142855,0.5,25.32811634593812,881375.2,241228.9,57.2,57.67999999999999,58.03,58.50999999999999,56.85,56.37,56.02,0.006142506142506168,-0.01848998459167948,0.3159772973503091,0.3445777589318621,0.7241063457810316,1.1009832925741279,0.5433011529655779,0.4867674701767751,0.7349397590361454,-0.0026197911917666843,0.0014053338855538429,-0.01278750238014295,0.07629427792915533
423,423,2014-04-22,57.47,58.13,57.11,57.52,3338050,M,-0.0,0.2916519125274216,1.2016421210139647,0.0465318923531006,0.4761148798675482,0.07677327890303437,0.2976891194318146,-0.04615757758128505,5944.458216200466,57.51686341716356,58.02057346144557,-2142790.170000015,0.9957358560205882,57.583999999999996,58.427500000000045,-0.08816630395814684,0.17911438815164868,-0.26728069210979555,0.42857142857142855,0.19000000000000486,25.356345730357212,961438.6,623350.4,57.58666666666667,58.06333333333335,58.60666666666667,59.08333333333335,57.04333333333334,56.56666666666667,56.02333333333334,-0.0010420284821117604,-0.00844681951387683,0.5313765025223776,0.4563820016375661,0.6698731223152362,1.121417688276761,0.4961876967482946,0.4786906429517229,0.4019607843137279,-0.002273486090645023,0.0012699490370251744,-0.02060541165209797,0.07765667574931878
424,424,2014-04-23,57.58,58.24,57.57,58.12,2709301,M,0.0,0.2810377947142476,1.1374231715454362,0.04931815034184649,0.6504254758476812,0.07663686250471731,0.4301046253527584,-0.04601577663966767,731630.2269485028,57.71790894477571,58.030042655593604,59256.319999999934,0.336648610181695,57.69200000000001,58.433000000000035,-0.06197857417554786,0.13089579568620938,-0.19287436986175724,0.42857142857142855,0.5999999999999943,25.38303205240642,966751.8,929441.1,57.97666666666667,58.38333333333333,58.64666666666667,59.05333333333334,57.71333333333333,57.30666666666666,57.04333333333333,-0.009205591544493678,0.0005164400068857638,0.5675355299340279,0.4764013966027749,0.711315682380452,1.1195304466845373,0.6044236386282141,0.511281583850421,0.8208955223880534,-0.001482762144196156,0.0011492599927730824,-0.014610987884112478,0.07901907356948229
425,425,2014-04-24,58.31,58.49,58.0,58.05,2071660,M,-0.0,0.2759895884581309,1.0511000820060448,0.037102267291524,0.7247214653309072,0.07668607255532671,0.4149713741346668,-0.045233907084119736,-115907.50420662569,57.82860596318381,58.03194335506088,-671186.6999999924,-0.2977414170277328,57.57000000000001,58.43100000000004,-0.04633885911309221,0.09544886472634903,-0.14178772383944127,0.42857142857142855,-0.07000000000000027,25.313990328496924,33288.2,677899.55,58.18000000000001,58.36000000000002,58.670000000000016,58.850000000000016,57.87000000000001,57.69000000000001,57.38000000000001,0.021467534752771404,-0.005993150684931532,0.6527810332172383,0.523530602640632,0.5339943819932592,1.1202109763700745,0.43696269786098413,0.4723062726576689,0.1020408163265244,-0.0007531940446343856,0.0010404640138120733,-0.0113036068838509,0.0803814713896458
426,426,2014-04-25,57.83,57.86,57.42,57.57,2034832,M,-0.0,0.26701639387363624,0.9949534044052384,0.024093948545699184,0.3935752930425488,0.07786833174899307,0.3197591067151303,-0.0407284254809093,-133454.98947384712,57.74240397545586,57.98794874981699,370957.94999999815,-0.7391584025871856,57.718,58.38950000000003,-0.07184804122527311,0.06198948353602461,-0.13383752476129773,0.42857142857142855,-0.4799999999999969,25.228207471250077,915030.4,437155.65,57.61666666666667,57.81333333333333,58.05666666666666,58.25333333333333,57.37333333333334,57.17666666666667,56.93333333333334,0.00418628990057565,-0.02291242362525461,0.3979810266900428,0.41990226847091067,0.3476636305401664,1.1366732391644585,0.4049448288770193,0.4597922553482803,0.34090909090908944,-0.000510147374104892,0.0009351212735974143,-0.017925928901033897,0.08174386920980925
427,427,2014-04-28,57.94,58.48,57.44,58.02,2649883,M,0.0,0.2609717881262317,1.0009596171512063,0.019825617911542432,0.6429778333493908,0.07763355928147953,0.4283583992754053,-0.030865591727853105,174790.39894021585,57.834935983637244,57.991001249834426,-17346.68999999655,-1.0685053148834602,57.85600000000001,58.34450000000002,-0.0551176506724147,0.03856805669433674,-0.09368570736675144,0.5,0.4500000000000029,25.19329658041825,918148.4,477184.1,57.98,58.52,59.02,59.56,57.48,56.94,56.44,0.008692628650904033,-0.021420138303255117,0.6199732647940583,0.5359454959178889,0.2867577374725497,1.1323727998745712,0.455860655148784,0.4691160698572359,0.5576923076923134,-0.0001675021997480862,0.0008409872369555025,-0.014248073215867015,0.08310626702997276
428,428,2014-04-29,58.01,58.18,56.88,58.1,3574423,M,0.0,0.2571283129755019,1.0408316681977117,0.015744740119721528,0.6402349259402643,0.07625578684534938,0.4583761621651548,-0.023966476673693667,1185053.8394017462,57.92329065575817,58.00138208318353,815983.2300000017,-1.2089442165577622,57.97200000000002,58.28500000000002,-0.034999907069206415,0.023854463941628108,-0.05885437101083452,0.5,0.0799999999999983,25.142594157852308,965423.0,477997.45,57.72,58.56,59.02,59.85999999999999,57.26,56.42,55.96,-0.00034411562284920893,-0.02369349689127872,0.4228189062407302,0.4416405306210343,0.22818851855512415,1.1111421340702976,0.6167276162530358,0.5138156382957411,0.9384615384615396,0.00017337623568769098,0.0007580166331840508,-0.009705580367711823,0.08446866485013627
429,429,2014-04-30,57.99,58.11,56.69,57.43,4083648,M,0.0,0.253435562357985,1.0913874457713504,0.021455172151827996,0.17441369362821713,0.07476952329939231,0.3273628953473448,-0.02208643592177731,548174.0542632798,57.75886043717211,57.946964741927935,-845921.3500000049,-1.5028106852310474,57.83400000000002,58.18100000000002,-0.07228657624538926,0.004626255904224631,-0.07691283214961389,0.42857142857142855,-0.6700000000000017,25.20077469430691,-393166.8,133687.1,57.41,58.13,58.83,59.55,56.71,55.99,55.28999999999999,-0.010680447889750172,-0.052935356200527715,0.3673325235523156,0.4125340325148537,0.31020960655720514,1.0875414087704864,0.5848606643564843,0.5145119356545639,0.521126760563381,-1.0493095827211481e-05,0.0006747133276987598,-0.019191675569773248,0.08583106267029972
430,430,2014-05-01,57.69,57.76,56.8,56.93,4063930,M,-0.0,0.2474942911148827,1.0738691196685035,0.03301873358634768,0.14252092513365616,0.06581740420958006,0.2208623570234892,-0.02333703792737987,-759966.025997406,57.4825736247814,57.850110956982405,-572723.190000001,-1.7006836494067432,57.61000000000002,57.99550000000003,-0.14056203983076898,-0.0244114032427741,-0.11615063658799488,0.42857142857142855,-0.5,25.26632886913636,-791620.8,-316664.65,57.16333333333333,57.52666666666667,58.12333333333334,58.48666666666667,56.56666666666667,56.20333333333333,55.60666666666667,-0.0111169011638006,-0.060561056105610585,0.3673325235523156,0.4125340325148537,0.4755523104773726,0.9542783164591756,0.4350459984598793,0.4784076243223834,0.1354166666666692,-0.0006221161588143777,0.000585225355393038,-0.03656353994031869,0.08719346049046323
431,431,2014-05-02,57.15,57.9,56.96,57.19,4402959,M,-0.0,0.25249331173154793,1.060019903712703,0.035629324545789515,0.3321867360700758,0.051634461008489424,0.28732402332650925,-0.017272088109389454,-998538.2557345388,57.385049083187596,57.787243246793615,-76634.64000000064,-1.7583799846646138,57.534000000000006,57.82500000000003,-0.17171162480700275,-0.05387144755561985,-0.1178401772513829,0.5,0.259999999999998,25.26868431957785,495937.4,58175.95,57.35,57.74,58.29,58.68,56.8,56.41,55.86000000000001,-0.014305411926921844,-0.04268496819551396,0.4681335816103387,0.44984864937865704,0.5124743896043635,0.7464406769539756,0.3715909493278619,0.4561479316310924,0.24468085106382706,-0.0010129175031179313,0.0004968513261831001,-0.045112847894448416,0.08855585831062668
432,432,2014-05-05,56.94,57.1,55.95,56.67,3314871,M,0.0,0.2630840393623855,1.0840172498843421,0.03820075938692195,0.22846065400458415,0.044387788773930535,0.10877536356696467,-0.0190983258843997,-24009.58262102149,57.146699388791745,57.68083912805136,194755.3399999985,-1.934250895890952,57.26400000000002,57.67150000000004,-0.2356412241495533,-0.09022540287440656,-0.1454158212751468,0.5,-0.519999999999996,25.341245607007266,-697013.4,81089.9,56.57333333333335,57.19666666666669,57.723333333333336,58.34666666666669,56.04666666666669,55.423333333333346,54.89666666666669,-0.024612736660929425,-0.02729145211122548,0.1794162817946725,0.2918153960303705,0.5468820713831749,0.6399775900689342,0.4564229517258209,0.4723326006682969,0.626086956521739,-0.0015338858864879998,0.00040334759167187835,-0.06210501700764773,0.08991825613079019
433,433,2014-05-06,56.53,56.53,55.06,55.1,4625710,M,-0.0,0.2745409147127133,1.1541482832330965,0.0648935711404962,0.07466820827449512,0.05873063423370265,-0.21451740917478104,-0.034309727959424774,-1280849.8316106359,56.464466259194495,57.43504492537981,-465549.5899999992,-2.3842037026982537,56.664000000000016,57.513500000000036,-0.4082853122481325,-0.15383738474915176,-0.2544479274989807,0.42857142857142855,-1.5700000000000005,25.46010186265757,-2337040.0,2209.2,55.56333333333333,56.06666666666666,57.03333333333333,57.53666666666666,54.59666666666666,54.09333333333333,53.12666666666666,-0.04057113007139123,-0.05618362452894829,0.10189179573369074,0.21365135402809693,0.9192823287762696,0.8444510830000149,0.3133522626017943,0.4299400562573867,0.027210884353740937,-0.0029125498429556787,0.0002845971345754981,-0.105013656983004,0.0912806539509537
434,434,2014-05-07,55.29,55.53,54.82,55.23,3835289,M,0.0,0.26767313857747377,1.0949285121353505,0.07008604390441747,0.2477488828926171,0.06696151549493354,-0.05355289948099743,-0.042231386774035096,-97789.3718926037,56.05297750612966,57.2250406467722,-749401.9200000025,-2.859534222031724,56.22400000000002,57.35600000000003,-0.5285245799920588,-0.2287748237977332,-0.29974975619432564,0.35714285714285715,0.12999999999999545,25.463656067371844,-753252.6,3687.45,55.19333333333333,55.56666666666666,55.90333333333333,56.276666666666664,54.85666666666666,54.48333333333333,54.14666666666666,-0.029861233093272488,-0.06135282121006129,0.08760159503715086,0.19684779539956046,0.9851294331204924,0.9601611706818524,0.4013897713119925,0.4439900307788155,0.5774647887323888,-0.004005772805206196,0.00015189896416506704,-0.13555300429653636,0.09264305177111715
435,435,2014-05-08,55.22,56.79,55.22,55.97,4220842,M,-0.0,0.2610746870211518,1.1582713771839703,0.06448335961032389,0.4828403704137258,0.06578793379853125,0.16988958599925202,-0.04538085998854175,146137.54166044795,56.025318337419776,57.10551296612724,-352235.159999999,-3.100199416184012,56.03200000000002,57.21250000000003,-0.5576747233242969,-0.29455480370304604,-0.2631199196212509,0.42857142857142855,0.7400000000000021,25.467390988980604,903701.8,92128.2,55.99333333333333,56.76666666666666,57.56333333333333,58.33666666666666,55.19666666666666,54.42333333333333,53.62666666666666,-0.021332400769365253,-0.03616325124849322,0.5507260366998434,0.4602413721095464,0.9032829014214176,0.9409730406121176,0.42682884966447054,0.44720117131125453,0.4777070063694266,-0.00411274875063862,2.318181402347929e-05,-0.1428089668466229,0.09400544959128065
436,436,2014-05-09,55.96,56.46,55.72,56.35,3143246,M,0.0,0.2597811050676518,1.102501860226108,0.04912367333224631,0.6770978976025304,0.06561358652137841,0.2928380139831627,-0.044681129788190575,995309.00567754,56.13354555827985,57.0335593503056,-775088.1600000032,-3.2364655530711604,55.864000000000026,57.126500000000036,-0.5438444968942875,-0.3444127423412943,-0.1994317545529932,0.5,0.38000000000000256,25.468801345334807,651759.2,401120.1,56.17666666666667,56.63333333333334,56.91666666666667,57.37333333333334,55.89333333333334,55.43666666666667,55.15333333333334,-0.005646726663137467,-0.009666080843585188,0.5507260366998435,0.4602413721095464,0.6860612217581524,0.9370686376033815,0.5683363502267645,0.4856916646484069,0.8513513513513525,-0.0035004098006874694,-9.367573225327596e-05,-0.13988202889605714,0.09536784741144416
437,437,2014-05-12,56.75,57.83,56.63,57.39,5765271,M,0.0,0.25935122504843144,1.1528349455292932,0.06640449053561448,0.8715870150182904,0.06559749651194527,0.5637509707082605,-0.04081520527208573,1038599.5578858362,56.552363705519895,57.06750607884792,2193089.1800000025,-3.239281396965571,56.00800000000002,57.15100000000003,-0.4438482283591583,-0.3642998395448672,-0.0795483888142911,0.5,1.0399999999999991,25.38439635290775,2467787.6,892574.45,57.28333333333334,57.93666666666668,58.48333333333334,59.13666666666667,56.73666666666668,56.08333333333334,55.536666666666676,0.041560798548094365,0.007195507195507261,0.7841825085728037,0.6396885806056162,0.9297956764796742,0.9372406307885468,0.5900020112622877,0.4997527759517332,0.633333333333334,-0.0020222659259793736,-0.0001831700381484643,-0.11427855002209125,0.09673024523160761
438,438,2014-05-13,57.48,57.94,57.37,57.84,5040439,M,0.0,0.2651057356529348,1.0751236194587208,0.07491921467019412,0.8030352302573078,0.06634550011622536,0.6702435139188494,-0.03486564323874128,1513764.2869798625,56.98157580367993,57.14107692848145,2826817.5700000036,-3.0914972649047052,56.55600000000002,57.19400000000003,-0.32454803815803496,-0.3563494792675008,0.03180144110946576,0.5,0.4500000000000029,25.13767449169507,4401017.4,997709.75,57.71666666666667,58.06333333333334,58.28666666666667,58.63333333333334,57.49333333333334,57.14666666666667,56.92333333333334,0.0472569255839219,0.004515456755818081,0.7960929293948439,0.6507077497328156,1.059282776221875,0.9486411334118487,0.6681884753444525,0.5306869309571665,0.8245614035087819,-0.0002959564723464208,-0.00024324945668144268,-0.08455000290211953,0.09809264305177112
439,439,2014-05-14,58.51,58.88,57.37,57.83,11508248,M,-0.0,0.25658825645713784,1.1331071368642252,0.06070411709122828,0.7176204327943727,0.06681873562095128,0.6631145967326223,-0.026438936837439395,-901249.1167257235,57.26438386911994,57.20668864957847,2526909.879999987,-2.8660317575536567,57.07600000000001,57.20650000000003,-0.2281783958277046,-0.3307152625795416,0.102536866751837,0.5,-0.010000000000005116,24.99667625810212,1332310.0,288160.6,58.026666666666664,58.68333333333333,59.53666666666667,60.19333333333334,57.17333333333333,56.51666666666666,55.66333333333332,0.033232088618902984,-0.01414933515172176,0.8771823788216703,0.7331317322331246,0.8661870467747363,0.9556164998249876,0.5470042374261028,0.5091582481602366,0.30463576158940353,0.0010607734287004973,-0.0002799566242311481,-0.06120865067294271,0.09945504087193463
440,440,2014-05-15,57.54,57.65,56.04,57.06,7008269,M,0.0,0.2521867154093401,1.2206928519489952,0.04332659129706529,0.40573462679896827,0.062486872645959424,0.4813707556558762,-0.024225041513213526,219023.38509549934,57.19625591274663,57.19271830199958,-1534907.4000000022,-2.9871184525272185,57.294,57.12650000000002,-0.21149929262499256,-0.3068720685886318,0.09537277596363923,0.5,-0.769999999999996,25.01776038721589,-913512.2,-192035.75,56.91666666666666,57.79333333333333,58.526666666666664,59.40333333333333,56.18333333333333,55.30666666666666,54.57333333333333,0.012599822537710751,0.004047158191096322,0.4906650280431178,0.5256993554417562,0.6205884304435146,0.8924140825523507,0.5758496158410051,0.5210041647802912,0.6335403726708096,0.0014108347024872766,-0.00030969917281690285,-0.056842169944489686,0.10081743869209808
441,441,2014-05-16,57.57,58.16,57.2,58.07,4998664,M,0.0,0.24885584945615435,1.2046004716891279,0.02818730636776205,0.7659017945043518,0.06389777732602665,0.741228079629155,-0.017116678628224868,1354109.352808148,57.48750394183109,57.276268939904384,-1562300.1600000132,-2.8483506662651896,57.638000000000005,57.18850000000002,-0.11545157025678066,-0.2685879689222616,0.15313639866548096,0.5,1.009999999999998,24.970954628250254,-542428.6,380074.6,57.81,58.42,58.77,59.38,57.46000000000001,56.85000000000001,56.50000000000002,0.011848754138351623,0.012907727193441514,0.5881004705755518,0.5796035727935096,0.4061649911062673,0.9135545096523692,0.6859830772273378,0.5576942443250257,0.9062500000000032,0.001977939949561422,-0.00031813863926565634,-0.032583000478529245,0.10217983651226159
442,442,2014-05-19,57.88,58.28,57.7,58.1,2654763,M,0.0,0.24440522797886904,1.1213204087972442,0.029186852175637205,0.6897514845237573,0.06540871881492617,0.7332263532212429,-0.007295430471421684,723496.0340152356,57.69166929455406,57.35471951705634,-4527646.2399999965,-2.5525555341306214,57.78000000000001,57.22700000000002,-0.03649165591977521,-0.22216870632176436,0.18567705040198912,0.5714285714285714,0.030000000000001137,24.878942016974783,-1164530.2,381098.1,58.02666666666667,58.35333333333334,58.60666666666667,58.93333333333334,57.77333333333334,57.44666666666667,57.19333333333334,0.004495159059474377,0.010083449235048648,0.6125181260823139,0.5924824235894809,0.42160407967707947,0.9357861879054452,0.6872071089561561,0.5702619517620512,0.6896551724137927,0.002405749601724837,-0.00030984649622774007,-0.012868400199657366,0.10354223433242504
443,443,2014-05-20,57.84,57.85,56.34,56.51,4317645,M,-0.0,0.2404979888576723,1.2064776876242778,0.04876470557176691,0.14202348700272271,0.06620448434935522,0.3239260206867233,-0.002657651195989459,-985121.4956081081,57.2977795297027,57.27427003924146,1062389.6400000015,-2.357366266552603,57.51400000000001,57.17650000000002,-0.10105022268230356,-0.19794500959387215,0.0968947869115686,0.5714285714285714,-1.5900000000000034,24.854898038139734,-3036147.0,-1686.65,56.9,57.46,58.41,58.96999999999999,55.95,55.39,54.44,-0.02282552308490404,-0.027701307639366814,0.31563570269938745,0.42010390521961977,0.7011633190636506,0.9463351748502278,0.4956656664564208,0.5266734593520416,0.11258278145695022,0.001557523988410643,-0.00031291566015188084,-0.027703944952749783,0.10490463215258855
444,444,2014-05-21,56.57,56.99,56.29,56.8,2700210,M,0.0,0.232502455280396,1.1389473292743746,0.051341844442374496,0.3273458612077339,0.06463311360133395,0.4158816850796838,0.0017541409743616811,-137322.52031746358,57.131853019801795,57.229101464075605,-59081.100000000195,-2.1386849320488617,57.30800000000002,57.110500000000016,-0.12734482373348044,-0.18382497242179385,0.056480148688313414,0.5714285714285714,0.28999999999999915,24.784740401004356,-194455.4,-2141.2,56.69333333333333,57.09666666666666,57.39333333333334,57.79666666666666,56.39666666666666,55.99333333333333,55.69666666666665,-0.004556607080266476,-0.02153316106804479,0.30795308483604084,0.4148595687580297,0.7355746053258996,0.922807358582246,0.5733009204947548,0.545901837372935,0.7285714285714228,0.000685790554810488,-0.0003197177323575839,-0.033458539822732496,0.10626702997275206
445,445,2014-05-22,56.86,57.74,56.72,57.61,2204693,M,0.0,0.2279460020603861,1.1230876853711251,0.05087755385834111,0.5657244476615324,0.06336054589349598,0.6441739410935617,0.009778600986913535,351911.60867611476,57.291235346534535,57.26537751511602,-2324247.200000003,-1.9593814897761013,57.41800000000002,57.08850000000002,-0.08187939921536724,-0.16343585778050854,0.0815564585651413,0.5714285714285714,0.8100000000000023,24.755223723333163,1648137.0,211676.45,57.35666666666666,57.99333333333333,58.37666666666666,59.01333333333333,56.97333333333332,56.33666666666666,55.95333333333332,-0.007921474083003286,0.0006948063227375222,0.5420374364255339,0.5208860943976824,0.7303218468595577,0.9042896310602117,0.6730502868657835,0.5770110928238784,0.8725490196078409,0.0005328204142083726,-0.0003166978263423608,-0.02210089024127118,0.10762942779291551
446,446,2014-05-23,57.7,58.11,57.4,58.05,1837812,M,0.0,0.22695618026706746,1.068009327321642,0.050572992097533,0.7190386033996096,0.06470726010930307,0.7536805054846183,0.023220238832657003,483305.6148238294,57.5441568976897,57.34010346605735,-1077997.5,-1.7335838448276557,57.414000000000016,57.11250000000002,-0.010225526453702116,-0.13279379151514725,0.12256826506144515,0.6428571428571429,0.4399999999999977,24.57368793984572,1015966.6,405308.65,57.85333333333333,58.30666666666666,58.56333333333334,59.01666666666666,57.59666666666666,57.14333333333333,56.88666666666666,-0.0008605851979346687,0.0005170630816958642,0.6287645322193843,0.5666653730130987,0.7258994420719402,0.9238983482481432,0.753864510492681,0.6092474609117448,0.9154929577464758,0.0008968882097901627,-0.00029960013443735287,-0.004805490348753168,0.10899182561307902
447,447,2014-05-27,58.21,58.53,57.73,58.41,2569729,M,0.0,0.2273704317166961,1.0322747503454237,0.05621562678588052,0.7890701733237007,0.0663631724002311,0.8370732493410984,0.03269847446172583,579543.6018426507,57.83277126512646,57.441998374051884,292028.7999999989,-1.3437386896647676,57.47600000000002,57.13200000000002,0.07474802658126123,-0.09128542789586556,0.16603345447712678,0.7142857142857143,0.35999999999999943,24.46327178108829,998959.8,401300.95,58.22333333333333,58.71666666666666,59.02333333333333,59.51666666666666,57.91666666666666,57.42333333333333,57.11666666666665,0.03362236772252696,0.005335628227194409,0.7146437099915509,0.6159002067713089,0.8077623412863174,0.9478651913925012,0.7859096736617857,0.6321762741582448,0.8499999999999951,0.0015183983885061587,-0.00026683782341298197,0.01559608875441225,0.11035422343324253
448,448,2014-05-28,58.36,58.7,57.83,58.6,3419232,M,0.0,0.2321543773091246,1.0106381169660346,0.04966108973895116,0.7455584588241798,0.06863641275633299,0.8678259183265786,0.0376858708052059,831716.0639195194,58.08851417675098,57.552284243189796,869781.0000000069,-0.8790658179743547,57.89400000000003,57.15700000000002,0.15562761341398354,-0.04190281963389572,0.1975304330478793,0.7857142857142857,0.19000000000000486,24.386857698227363,2546335.2,393541.4,58.37666666666666,58.92333333333333,59.24666666666667,59.79333333333334,58.05333333333333,57.50666666666666,57.18333333333332,0.0316901408450705,0.020372627546578474,0.7477154292844409,0.6356999090315235,0.71876978233671,0.9807628609784316,0.8189589395293128,0.6562601976921612,0.8850574712643667,0.002119352376348275,-0.00022021052810075684,0.03539159597761978,0.11171662125340598
449,449,2014-05-29,58.76,59.28,58.47,59.16,3148304,M,0.0,0.24081870235063374,0.9838863680372304,0.039939542249842835,0.8406100739083116,0.07530047374856658,0.9446158445522496,0.04408213920378435,726353.3703259742,58.445676117833976,57.70540002955267,433931.25,-0.2508948234354141,58.36600000000002,57.24350000000002,0.26189364169133,0.01885647263114944,0.2430371690601805,0.7857142857142857,0.5599999999999952,24.374245660292075,2635954.0,755139.0,58.97,59.47,59.78,60.28,58.66,58.16,57.85,0.026905051206387733,0.03917091164588085,0.8376102997713513,0.6983889438017311,0.582777830738582,1.0776156672565185,0.829923243636824,0.6748879742787979,0.8518518518518466,0.002838031428172557,-0.00015589373591237273,0.061554259358635725,0.11307901907356949
450,450,2014-05-30,59.14,59.93,59.14,59.89,3628926,M,0.0,0.25137317940755954,0.9580348522989328,0.0489173354699642,0.8711664156242069,0.08540780783199248,1.0097229678362376,0.0530051160075319,950025.8921534192,58.92711741188933,57.91345716959527,270505.25999999983,0.2232111939785909,58.82200000000002,57.39150000000003,0.40039957676113147,0.09516509345714587,0.3052344833039856,0.7857142857142857,0.730000000000004,24.42893031941369,2920800.6,1139781.8,59.65333333333333,60.16666666666666,60.44333333333333,60.95666666666666,59.37666666666666,58.86333333333333,58.58666666666666,0.03169681309216199,0.04721105088302156,0.8958412071197216,0.7543709084395946,0.7193538767535588,1.2254205507974496,0.8697378586270813,0.7010288423101121,0.949367088607596,0.0037643200157499532,-6.901043561339639e-05,0.09549778400362977,0.114441416893733
451,451,2014-06-02,60.09,60.34,59.61,60.05,2677653,M,0.0,0.261513755383501,0.9276302053257424,0.04988412472249327,0.7802753544204412,0.0945615086755547,0.9623614168539592,0.05651430068872821,92495.93084779847,59.301411607926205,58.11693743915762,-418879.39000000025,0.7920615227073051,59.22200000000002,57.53450000000002,0.5171161973798135,0.17955531424167945,0.33756088313813404,0.7857142857142857,0.1599999999999966,24.528319593123406,3088768.8,1053516.5,60.0,60.39,60.73,61.12000000000001,59.66,59.27,58.92999999999999,0.02807738400958741,0.059643550379389364,0.9208916732567048,0.7842261660959948,0.7385594085788743,1.360137280223426,0.7807384810938512,0.69166797409271,0.6027397260273909,0.0044661819349281675,3.4834632056067965e-05,0.1254534369608936,0.11580381471389645
452,452,2014-06-03,59.95,60.26,59.73,59.84,2846349,M,-0.0,0.2666476902329025,0.8746128446156436,0.041100295654644,0.6357431063515125,0.09960618089650727,0.8736135625427854,0.05800359354600915,-971508.6010904578,59.48094107195082,58.281038635428324,39128.84999999779,1.4304978194491558,59.50800000000002,57.69300000000002,0.5859156443331202,0.2608273802599676,0.32508826407315256,0.7142857142857143,-0.20999999999999372,24.524339657442827,2005553.2,1076942.6,59.94333333333333,60.15666666666666,60.47333333333332,60.68666666666666,59.62666666666666,59.41333333333333,59.09666666666666,0.021160409556314028,0.08602540834845739,0.9208916732567048,0.7842261660959947,0.611449098454139,1.4366448486155492,0.589674710666345,0.6455612308278168,0.20754716981133264,0.004612405959511581,0.00014539357846065842,0.1451133375980974,0.11716621253405995
453,453,2014-06-04,59.68,60.3,59.48,60.02,2140649,M,0.0,0.25704250344793833,0.8673311320002245,0.02434869440477435,0.6566087732000125,0.09594479977037024,0.8743515573149281,0.06818259825387367,-572777.1253505485,59.660627381300536,58.44665400348277,16110.119999996798,2.174306483114548,59.79200000000001,57.93900000000002,0.6475002179366243,0.33816194779529896,0.3093382701413253,0.6428571428571429,0.17999999999999972,24.46016059493372,1749836.6,1415260.55,59.93333333333334,60.38666666666668,60.75333333333334,61.20666666666668,59.56666666666668,59.11333333333334,58.74666666666668,0.014536849222447709,0.08672822741263818,0.7152945576512959,0.7106627236964638,0.363964283962567,1.3897364384738708,0.6126286688995171,0.6467969788790592,0.658536585365861,0.004496610567895904,0.0002606477133843081,0.16427293756531725,0.11852861035422341
454,454,2014-06-05,59.65,59.65,58.47,59.21,4243418,M,0.0,0.2505249897351333,0.9583536477335284,0.022895624701578254,0.0676320432638537,0.0867137366981972,0.7126408973792291,0.06706959070116406,-230286.82695941694,59.51041825420036,58.51935362219871,-880153.4700000036,2.757178959446915,59.802,58.13800000000002,0.6237559355127331,0.3952807453387858,0.2284751901739473,0.6428571428571429,-0.8100000000000023,24.40761032836774,271492.2,1011325.2,59.11000000000001,59.75000000000002,60.290000000000006,60.93000000000002,58.57000000000002,57.93000000000001,57.39000000000002,-0.011354149273668387,0.05788815436841169,0.3161171594992982,0.490832969513106,0.3423010371009457,1.2603408060399477,0.6174586606222775,0.6449228517541772,0.6271186440677985,0.0036525790981060974,0.00036401073187231466,0.16089449640949102,0.11989100817438691
455,455,2014-06-06,59.44,59.9,59.34,59.65,2121278,M,0.0,0.24083434698937126,0.9225731613690578,0.02300769494761503,0.4243527323684106,0.08189387800785365,0.7780444491356779,0.06616396696333228,-340191.4066767598,59.55694550280025,58.62703422960835,7167.270000000088,3.2652673934203897,59.754,58.32200000000002,0.6331442505878897,0.4428534463886066,0.19029080419928307,0.6428571428571429,0.4399999999999977,24.32383333013195,-30037.4,906347.0,59.63,59.92,60.19,60.48,59.36000000000001,59.07000000000001,58.80000000000001,-0.006661115736885904,0.058562555456965336,0.4269396816185732,0.5330834371452596,0.3437004509749471,1.1940536882935109,0.5961629166053265,0.6362227162129627,0.5535714285714247,0.0029579246660897604,0.00046217618698313895,0.16567920658452862,0.12125340599455042
456,456,2014-06-09,59.6,60.12,59.05,59.23,2066922,M,-0.0,0.2350670376441251,0.9422300731865167,0.02431847079411037,0.2515763986371117,0.07626621910580987,0.6713396042845361,0.06658149621372339,-862931.3993441184,59.4479636685335,58.68445954107422,-43529.91999999134,3.598033146210523,59.59,58.46600000000003,0.5997801754976351,0.4742387922104124,0.1255413832872227,0.5714285714285714,-0.4200000000000017,24.320491289352766,-978952.4,645838.6,59.46666666666666,59.88333333333333,60.53666666666666,60.95333333333333,58.81333333333333,58.39666666666666,57.74333333333333,-0.010193850267379788,0.032061334727304346,0.33799132941102106,0.47863511971549494,0.3622844186552592,1.1147451915600706,0.453516710758691,0.5916514383893872,0.16822429906542025,0.0021144122416329484,0.0005472425941159339,0.159474453468359,0.12261580381471388
457,457,2014-06-10,59.2,59.39,58.76,58.88,1941099,M,-0.0,0.23887777678245845,0.9005993967616481,0.02978100072577533,0.20716792120051947,0.07437797760432734,0.5779720559543361,0.06259691248003924,-944279.726650408,59.258642445689,58.70308244192429,138737.8299999993,3.728851100708628,59.398,58.54050000000003,0.538884900991043,0.4871680139665385,0.0517168870245045,0.5714285714285714,-0.3499999999999943,24.254391555255808,-797902.4,260520.1,59.01,59.26,59.64000000000001,59.89,58.63,58.38,57.99999999999999,-0.01899366877707432,0.01798063623789763,0.2616689892936783,0.4270823963679513,0.4422329702774008,1.0885309994865318,0.36583653733119303,0.5534442719214643,0.19047619047619693,0.0011496196219787935,0.0006146842169691585,0.1459973832275894,0.12397820163487738
458,458,2014-06-11,58.49,58.51,57.77,57.99,2405502,M,-0.0,0.2473829655793039,0.9285194771934284,0.04225884890104704,0.09806397031612002,0.0740559992386086,0.3713049364954824,0.050522295802933916,-819669.3215163419,58.83576163045933,58.63516982840769,-419839.19999999827,3.6320934256422506,58.992,58.54800000000004,0.4140366386170342,0.4725417388966378,-0.05850510027960354,0.5714285714285714,-0.8900000000000006,24.12242078279011,-1707132.6,-111776.95,58.09,58.41,58.82999999999999,59.15,57.67000000000001,57.35000000000001,56.93000000000002,-0.020604627596689733,0.002766730070897522,0.12584938686758548,0.2977127587237656,0.6232335035926418,1.0839576608555148,0.3429901239865612,0.529049321957258,0.2972972972972978,-0.00019912257408418165,0.0006534730740652904,0.11388148608345912,0.1253405994550409
459,459,2014-06-12,57.96,58.17,57.03,57.29,2922692,M,-0.0,0.255554617548926,0.9567168802343048,0.06533567305651414,0.15580216080508175,0.07581651139387419,0.22255141308492696,0.03320890432391501,-889645.8140374536,58.320507753639546,58.50705841617839,-1560732.8700000034,3.3313619047689613,58.60800000000002,58.521000000000036,0.2556622263454713,0.4291658363864044,-0.17350361004093312,0.5,-0.7000000000000028,24.14529501651469,-1442987.4,317500.85,57.49666666666667,57.96333333333334,58.63666666666667,59.10333333333334,56.82333333333334,56.35666666666667,55.68333333333334,-0.03956412405699916,0.004030844724850979,0.08155257719585028,0.2348654120278568,0.9572982816240456,1.1092145158202285,0.3046834744705724,0.5003846413364329,0.22807017543859465,-0.0017430409131148274,0.0006590300019905669,0.07220609061389738,0.12670299727520434
460,460,2014-06-13,57.31,57.67,57.08,57.4,2359576,M,0.0,0.2636167898877907,0.9078212962030644,0.05982790371394525,0.28215080649926955,0.07434814900121951,0.23852256195066696,0.016467688494097778,-268009.84179838985,58.01367183575971,58.40162428130425,27096.34000000016,3.0310768889096065,58.15800000000002,58.538000000000046,0.13744110873845727,0.37082089085681497,-0.2333797821183577,0.42857142857142855,0.10999999999999943,24.032616224854337,-1395327.8,785893.1,57.38333333333333,57.68666666666667,57.973333333333336,58.27666666666667,57.09666666666666,56.79333333333333,56.50666666666666,-0.030896505149417493,-0.01153779920785262,0.0815525771958503,0.2348654120278568,0.8698678060489071,1.0880479865583481,0.3839132767656914,0.5043835213382897,0.5423728813559295,-0.002816320075938771,0.0006409585723855468,0.04119061535180026,0.12806539509536785
461,461,2014-06-16,57.49,57.53,57.05,57.23,2414074,M,-0.0,0.2616025793859019,0.8507784567093231,0.04821375029270431,0.3103945301951029,0.07677271134525396,0.21809637706903304,0.000684525943263704,-244993.23001784232,57.75244789050647,58.290041016418144,30517.08000000116,2.5375076709929334,57.75800000000002,58.496000000000045,0.029690191995200618,0.3025947510844922,-0.2729045590892916,0.35714285714285715,-0.1700000000000017,23.938765169314767,-1464758.2,415256.2,57.27,57.49000000000001,57.75000000000002,57.97000000000001,57.01000000000001,56.79,56.53,-0.028023097826087053,-0.014974182444062041,0.07933374277337403,0.23209120383077106,0.6961824473515041,1.1227241307129951,0.3809421845104597,0.4920612812108332,0.3749999999999963,-0.0034799807550097354,0.0006027962053195669,0.012372710760050256,0.12942779291553136
462,462,2014-06-17,57.25,58.07,57.05,57.97,2364722,M,0.0,0.2594949573024011,0.8733413291480804,0.025974130590930213,0.7634594084912655,0.07697178424325994,0.3846078967595855,-0.008779013778918007,583603.2519510485,57.82496526033765,58.259560919616405,2933.220000000001,2.0693580404107608,57.57600000000002,58.48950000000006,0.0039629473445543795,0.24286839033650465,-0.23890544299195024,0.35714285714285715,0.7400000000000021,23.89736597081872,-603594.0,400754.15,57.69666666666666,58.34333333333333,58.71666666666667,59.36333333333334,57.32333333333333,56.67666666666666,56.30333333333333,-0.00034488704949134553,0.025836135197310227,0.4538136844385028,0.3862972006398031,0.3738716357258496,1.125510293624039,0.554615051111548,0.5310993291253943,0.9019607843137244,-0.0032593597789655213,0.0005613029978498121,0.004770638805730967,0.1307901907356948
463,463,2014-06-18,57.77,58.08,57.44,57.77,1850591,M,0.0,0.25538570166722746,0.8422291519283364,0.02241300502925943,0.6845726708470166,0.07111330982719488,0.3120735062406059,-0.0204347811379827,283040.5918516514,57.806643506891774,58.21293607012914,-304280.8200000035,1.8488890166323417,57.53200000000002,58.552500000000045,-0.032193303562294766,0.18785605155674476,-0.2200493551190395,0.35714285714285715,-0.19999999999999574,23.911467336373207,-492611.8,524106.85,57.76333333333333,58.08666666666666,58.40333333333334,58.72666666666666,57.44666666666666,57.12333333333333,56.80666666666666,0.008378425554198009,0.0170774647887325,0.4595133007524482,0.3889825582899133,0.3223662513358385,1.040965518414208,0.5416183674077013,0.5296255834944051,0.515625000000008,-0.0028376672004676033,0.0005149404916137007,-0.005699456932586045,0.13215258855585832
464,464,2014-06-19,57.75,58.19,57.73,58.09,2502670,M,0.0,0.2456015118713973,0.7912652650045583,0.025486148822123474,0.7706844218755793,0.06576693415011726,0.3632965639500128,-0.026093037441269968,566036.3352617389,57.901095671261174,58.201227872973966,16553.760000000628,1.6597756833978958,57.69200000000002,58.61700000000005,-0.03462690978776095,0.1433594592878436,-0.17798636907560456,0.35714285714285715,0.3200000000000003,23.780632815886413,592460.6,514229.85,58.00333333333333,58.276666666666664,58.46333333333333,58.73666666666666,57.81666666666666,57.54333333333333,57.35666666666666,0.01202090592334503,0.008331886825204027,0.5343456220494194,0.4218687675168482,0.3675867244614871,0.9637650947693568,0.6219484768225297,0.5537192132237176,0.7826086956521867,-0.0021570497672091424,0.00047049775100716965,-0.007130900189229231,0.13351498637602177
465,465,2014-06-20,58.3,58.54,58.09,58.16,3285990,M,-0.0,0.2419855847430651,0.7457632296706167,0.025844538832582486,0.7113780942762594,0.06419012463395916,0.3712941537100319,-0.030995014403944133,-539997.9029520486,57.987397114174115,58.197301408881216,559805.6099999907,1.328694827032979,57.84400000000003,58.644500000000065,-0.030554927089319506,0.10857658201241098,-0.1391315091017305,0.35714285714285715,0.06999999999999318,23.54403525574911,777743.4,568294.7,58.26333333333333,58.43666666666665,58.71333333333333,58.88666666666665,57.98666666666666,57.81333333333333,57.53666666666666,0.0162502184169142,0.0018949181739879321,0.7119808165813665,0.5191810781200562,0.3737378760579755,0.9410994410240556,0.4664841697335338,0.5157988648743675,0.15555555555554187,-0.0014501390391350505,0.0004292493880719149,-0.006723933594757394,0.13487738419618528
466,466,2014-06-23,58.04,58.92,57.9,58.75,2660980,M,0.0,0.2426949460726254,0.7823281323812016,0.02528628495986052,0.9094271908771284,0.06344881399841246,0.5189356057956435,-0.030680214478289964,341337.02107737213,58.24159807611608,58.24993936994014,104484.59999999944,1.1952975286810847,58.14800000000002,58.67950000000007,0.02004910410848026,0.09087108643162484,-0.07082198232314457,0.42857142857142855,0.5900000000000034,23.466288911842483,1792754.2,609453.1,58.52333333333333,59.14666666666667,59.54333333333333,60.16666666666667,58.12666666666666,57.50333333333333,57.10666666666666,0.013455235466620686,0.005820921075158422,0.8176910301914525,0.6045822342348159,0.3675867244614925,0.930786170254962,0.5887672242668001,0.5460402428228404,0.8333333333333321,-0.0004885303987160867,0.0003998436973780159,0.0070927589474233796,0.1362397820163488
467,467,2014-06-24,58.56,59.24,58.26,58.47,3354218,M,-0.0,0.2374489069489364,0.8086843813970419,0.02575149933213243,0.6480026311810846,0.06338981235219511,0.4428743886603225,-0.02864039440723991,-503455.6331297449,58.31773205074405,58.27089752518393,21150.68000000016,0.9985049780299792,58.24800000000002,58.68250000000007,0.03713147494312352,0.08012316413392458,-0.042991689190801055,0.5,-0.28000000000000114,23.540534148554894,648966.2,313255.75,58.65666666666666,59.05333333333334,59.63666666666668,60.03333333333334,58.07333333333333,57.67666666666666,57.09333333333333,0.0121170157521204,-0.0022184300341297363,0.8727517399796241,0.6639793336463885,0.3749933332745126,0.9299681658394232,0.4639400542731047,0.5144445734383521,0.21428571428571427,0.00013958717309177745,0.00037542728138605964,0.011853154054380984,0.13760217983651224
468,468,2014-06-25,58.35,58.92,57.96,58.0,2762940,M,-0.0,0.233416623222715,0.8288597972107697,0.021285868635340318,0.2630634305115576,0.06426766099878392,0.32689823598109863,-0.028431034405280182,-999283.6159299538,58.211821367162685,58.2450977608807,-76470.0,0.8768429600558583,58.29400000000002,58.65250000000007,0.01259907061193388,0.06661834542952644,-0.05401927481759256,0.5,-0.4699999999999989,23.567886520956378,466496.4,4147.15,58.29333333333333,58.62666666666666,59.25333333333334,59.58666666666666,57.66666666666666,57.33333333333333,56.70666666666666,-0.0015493200206576588,-0.019607843137254846,0.6250014769091661,0.5692407317840195,0.31020960655713226,0.9423647466827944,0.3231822584042917,0.4694181061267629,0.041666666666665735,0.00020088231569421685,0.0003479977978709504,0.0046177977030609895,0.13896457765667575
469,469,2014-06-26,58.04,58.18,57.35,58.07,2227299,M,0.0,0.22750259525496655,0.8290118242493335,0.021520537698532308,0.3246218407870152,0.06437001470198628,0.36001950633771085,-0.02434716058708498,215420.68039678203,58.16454757810846,58.228421783653964,450767.59999999846,0.7335426824736286,58.290000000000035,58.59800000000007,-0.0011810076602216668,0.05305847481157682,-0.05423948247179848,0.42857142857142855,0.07000000000000027,23.655456695425077,411422.2,-41903.1,57.86666666666667,58.38333333333333,58.69666666666666,59.21333333333333,57.55333333333334,57.03666666666667,56.723333333333336,-0.0015474552957358374,-0.03038904658540658,0.3456693493871048,0.4238980734475092,0.3136080356118623,0.9429885303767488,0.5046114654422187,0.5073277988306971,0.8674698795180728,0.00011544377615139463,0.00031978322467959597,0.0003629349673525183,0.14032697547683926
470,470,2014-06-27,57.97,58.75,57.92,58.67,2177066,M,0.0,0.2202364472019218,0.8291435810160889,0.023453491193230657,0.7029943480500394,0.06103188395573057,0.5372275455427664,-0.01654606603432167,731089.6603585614,58.333031718738965,58.27047685187739,-392535.580000001,0.7771094492391313,58.39200000000003,58.53700000000007,0.035899341359169064,0.04962664812109526,-0.013727306761926204,0.5,0.6000000000000014,23.73148634337399,189637.4,-114496.1,58.44666666666666,58.97333333333333,59.276666666666664,59.80333333333333,58.14333333333333,57.61666666666667,57.31333333333333,-0.0013617021276595455,-0.02298084929225638,0.5870878555557864,0.5506097106843516,0.3423740644387813,0.8931558477791509,0.6376124629052549,0.5450693854021857,0.9036144578313272,0.0003865465956723433,0.0003003657054604927,0.011362690772711077,0.1416893732970027
471,471,2014-06-30,58.77,58.77,57.82,58.02,2942487,M,-0.0,0.21609524865332744,0.8452577702139441,0.020957461978719862,0.3148585561364003,0.0564660138924109,0.3740763994413695,-0.010933821382254832,-225624.3679798628,58.228687812492645,58.24662191360336,-35759.399999997964,0.6352639975409251,58.246000000000016,58.43550000000007,0.012689935703576792,0.042239305637591575,-0.02954936993401478,0.5,-0.6499999999999986,23.86823133099833,-931056.0,-395503.1,58.20333333333334,58.58666666666668,59.15333333333334,59.536666666666676,57.63666666666668,57.25333333333334,56.68666666666668,-0.007696254489481713,-0.0304144385026738,0.53830626997861,0.5265954041018003,0.30517208260312945,0.8249049387024953,0.495250413866662,0.5132081406771658,0.2105263157894761,0.0002646397456167433,0.00027801735267862885,0.004270592851446564,0.14305177111716622
472,472,2014-07-01,58.2,58.96,58.16,58.66,2512451,M,0.0,0.21870451444077246,0.8578900675187513,0.023934865711417518,0.7695302413740814,0.05198706935974762,0.5934156573774306,-0.002433829997602116,145395.06237267327,58.37245854166176,58.28599125516494,-3353.8500000017157,0.6217304796301237,58.284000000000006,58.376500000000064,0.04541544482580662,0.04287453347523459,0.0025409113505720296,0.5714285714285714,0.6399999999999935,23.996360262718387,242277.8,-127563.1,58.59333333333333,59.02666666666667,59.39333333333335,59.82666666666668,58.22666666666667,57.79333333333333,57.42666666666666,0.011379310344827528,-0.02265911362879051,0.621879104145075,0.5688220862617474,0.3487549282810648,0.7587057886198275,0.5385002759111068,0.5238549844221974,0.6249999999999967,0.00045557087790292763,0.00026335449311207595,0.014091436682825543,0.14441416893732972
473,473,2014-07-02,58.79,59.47,58.7,58.95,3069166,M,-0.0,0.2282684305190121,0.8515047251829181,0.02797398146590786,0.7909979077854926,0.045893098214381735,0.7342503822328542,0.006632195615440472,-258323.6629054078,58.56497236110785,58.349230183244465,117811.46999999994,0.7843412685039671,58.47400000000001,58.323000000000064,0.093671436932091,0.05303391416660588,0.040637522765485136,0.6428571428571429,0.29000000000000625,24.097981264974713,1408699.0,-81137.25,59.04,59.38,59.80999999999999,60.14999999999999,58.61,58.27,57.84,0.015154124332701956,-0.0043911501435567974,0.7749588438144077,0.6639188753946108,0.4089376480593741,0.6691557917893474,0.4672252921658466,0.5048854930177334,0.32467532467532634,0.0008570127479720517,0.0002588378839803647,0.028851331925647893,0.14577656675749318
474,474,2014-07-03,58.93,60.25,58.93,59.88,2319264,M,0.0,0.2374572910575761,0.9139707618251958,0.04595091462423426,0.8861563663444176,0.0500312290702046,1.0218095821991078,0.019447912695510827,266679.976687108,59.003314907405226,58.49501778484024,-235688.14000000112,1.1733986686884343,58.83600000000001,58.356500000000075,0.20459939158024554,0.08334700964933382,0.12125238193091173,0.7142857142857143,0.9299999999999996,24.294403752751865,1427092.0,246996.85,59.68666666666667,60.44333333333334,61.00666666666667,61.76333333333334,59.12333333333334,58.36666666666667,57.80333333333334,0.02062382819158004,0.0038558256496228666,0.8794535029793665,0.7597091903533967,0.6758920032078619,0.7299118548088497,0.5513825180095551,0.5253437288919467,0.7196969696969717,0.0017753139631719046,0.0002755489873316175,0.062276746687115726,0.14713896457765668
475,475,2014-07-07,59.6,59.73,58.98,59.48,2783591,M,0.0,0.2399505430292881,0.9121079935818369,0.04892902124301412,0.6669718351027485,0.04900879084570303,0.895864415880467,0.024774467995118628,428190.18811634474,59.16220993827016,58.58882561485545,-151354.74999999828,1.3994738881020925,58.99800000000001,58.34800000000007,0.2572683088506764,0.11813126948960236,0.13913703936107408,0.7142857142857143,-0.4000000000000057,24.43778705388678,434960.6,1753.4,59.39666666666667,59.81333333333334,60.14666666666667,60.56333333333334,59.06333333333334,58.64666666666667,58.31333333333334,0.025163736642536943,0.004220834036805673,0.8794535029793665,0.7597091903533968,0.7216785988238369,0.714891232066271,0.5898105675619255,0.5388030562990629,0.6666666666666666,0.002285436078170531,0.00030134920237790216,0.07814991316594838,0.14850136239782014
476,476,2014-07-08,59.36,59.72,58.69,59.16,3765536,M,-0.0,0.2442515081408715,0.9278269277709256,0.0319133577555218,0.4650812223597784,0.04871092994825561,0.7869443132294016,0.02591359284754539,55416.27619059906,59.1614732921801,58.643223175345405,-1041315.8400000086,1.5023092561576077,59.22600000000002,58.344500000000075,0.2700742319673779,0.1485198619851575,0.1215543699822204,0.6428571428571429,-0.3200000000000003,24.605376969852422,270350.8,-83177.3,59.19,59.69,60.22,60.72,58.66,58.16,57.63,0.008523695874531197,0.004755434782608594,0.6571079945078223,0.6617635614894496,0.4725251316071337,0.7105037130915008,0.5453106049118334,0.5309466394716902,0.4563106796116489,0.002253066600464157,0.00032819087288787723,0.08235230098007969,0.14986376021798364
477,477,2014-07-09,59.38,59.89,59.16,59.47,2903088,M,-0.0,0.23524316693860906,0.901450004068136,0.02383882415879588,0.5579202359450227,0.05107094899913689,0.8676352721692688,0.02863094470638328,-136618.59437536402,59.26431552812007,58.72196382531251,-1194.9699999997622,1.5774947965382868,59.38800000000003,58.374000000000066,0.3017589383184429,0.1791676772518146,0.12259126106662832,0.6428571428571429,0.3100000000000023,24.76341802492777,348478.2,159032.05,59.50666666666666,59.85333333333333,60.23666666666666,60.58333333333333,59.12333333333332,58.776666666666664,58.393333333333324,0.00882103477523318,0.02552164166235552,0.7160288065427437,0.6894970792225887,0.35393502228564266,0.7453038942189051,0.505092914690081,0.5208238675454888,0.42465753424657615,0.0021810443377820532,0.00035943115852384467,0.09252530171511698,0.15122615803814715
478,478,2014-07-10,58.67,59.08,58.46,58.8,3082768,M,0.0,0.2324290206567408,0.9159233368590508,0.027174884708280757,0.15407079463124404,0.05103847799308255,0.6293022266703228,0.027933905668082886,31354.6500974896,59.10954368541338,58.729395841949405,245796.4799999996,1.5533183819592502,59.35800000000004,58.41450000000007,0.2696969967038285,0.1972735411422174,0.07242345556161113,0.5714285714285714,-0.6700000000000017,24.838327159774355,-881908.6,125168.75,58.78,59.09999999999999,59.399999999999984,59.71999999999999,58.47999999999999,58.16,57.85999999999999,-0.018036072144288668,0.026357130389247654,0.3597090583604676,0.4928462413782117,0.4032617016285325,0.7453467931817309,0.5195243087181173,0.5234489369958413,0.5483870967741898,0.0016121719063051027,0.0003828541191337333,0.08301824657269934,0.1525885558583106
479,479,2014-07-11,58.62,58.74,57.94,58.11,2813132,M,-0.0,0.23153541657862975,0.9084668919445108,0.03877975787250305,0.10929319875256154,0.04800220398245572,0.3768706763241553,0.020999596785163808,-512378.67306689726,58.77636245694225,58.67040576176375,122340.15999999995,1.435502254849211,59.00400000000004,58.455500000000065,0.1864610367869304,0.19511104027116,-0.008650003484229646,0.5,-0.6899999999999977,24.823186367581183,-1908387.8,130646.75,58.26333333333334,58.58666666666669,59.06333333333335,59.38666666666669,57.786666666666676,57.46333333333334,56.98666666666668,-0.023032952252858063,0.012369337979094092,0.23703453803738206,0.39415358797683975,0.5720402083772929,0.7014982087241108,0.4171828724787452,0.4938347525200469,0.212500000000001,0.0005514976311148797,0.0003893124029089242,0.057795698297525976,0.1539509536784741
480,480,2014-07-14,58.5,58.67,57.79,57.83,3009835,M,-0.0,0.24090285855513235,0.9046713063519096,0.047184097338103664,0.19513954113407936,0.04606773033745296,0.2598279967797784,0.012588187825286128,-1044173.2965619528,58.460908304628155,58.59036711778626,70745.00999999992,1.245287344384414,58.674000000000035,58.47700000000005,0.09678658344135728,0.1754461489051995,-0.07865956546384223,0.42857142857142855,-0.28000000000000114,24.879261083730963,-1953636.6,-137823.8,58.09666666666667,58.40333333333334,58.97666666666668,59.28333333333335,57.52333333333334,57.21666666666667,56.64333333333334,-0.022481406355645682,0.010484011881880159,0.2083404432370904,0.3689653633447013,0.6921199318039739,0.6734756667358098,0.2932734301373449,0.4511318756566657,0.04545454545454435,-0.0005751766828403452,0.0003785630089295728,0.030997707117114817,0.15531335149863762
481,481,2014-07-15,57.58,57.79,56.63,56.7,6005255,M,-0.0,0.2506265636754534,0.944048465504988,0.07182855687114502,0.14538066041986025,0.050157198801097584,-0.09709111768434757,0.0020876866392212307,-1976341.0000882782,57.8739388697521,58.41033215418757,-4500893.4299999885,0.8727263033827708,58.18200000000004,58.45050000000007,-0.06471661030165876,0.12741359706382785,-0.1921302073654866,0.35714285714285715,-1.1299999999999957,24.937068816788774,-2401580.4,-317382.85,57.04,57.45,58.2,58.60999999999999,56.29,55.88,55.13,-0.0465781066083739,-0.02190788338795922,0.09016660032355654,0.2329254366826149,1.0447822739692405,0.7329283371308893,0.21563056262029906,0.4139140615547173,0.06034482758620732,-0.0021204594161326274,0.00033827057687201104,-0.017004279554540366,0.15667574931880107
482,482,2014-07-16,57.03,57.21,56.52,57.08,3900680,M,0.0,0.2597563353578179,0.9101753367709892,0.05778210415684973,0.3128519450910969,0.05400442625476418,0.07960581175591068,-0.006288850720238678,275593.656152854,57.60929257983474,58.28363385378875,-668133.75,0.5511399985864132,57.704000000000036,58.40600000000005,-0.16019955001141994,0.06989096764877828,-0.23009051766019825,0.35714285714285715,0.37999999999999545,24.98740810329208,-2202062.0,-240584.95,56.93666666666667,57.35333333333333,57.62666666666667,58.04333333333333,56.66333333333333,56.24666666666667,55.973333333333336,-0.029251700680272087,-0.011943915527090268,0.08385229659569704,0.223682741501686,0.8335646345667146,0.7885456299589398,0.4142851093797149,0.4517883607303201,0.8115942028985464,-0.003077586652866799,0.00028250465874371755,-0.044997312468425164,0.15803814713896458
483,483,2014-07-17,56.68,57.22,56.55,56.64,2583978,M,-0.0,0.2699524238391009,0.8781519585348575,0.04655229923823497,0.2629534750538495,0.05981370332024195,0.01018590991159889,-0.018561070123264804,-202961.34147326983,57.28619505322315,58.127097296285065,205276.62000000774,0.009880279855554258,57.27200000000003,58.34950000000007,-0.2682822002112317,0.002256334076776246,-0.27053853428800795,0.35714285714285715,-0.4399999999999977,25.007051284064087,-2102304.0,-277254.3,56.80333333333334,57.05666666666667,57.473333333333336,57.72666666666667,56.38666666666667,56.13333333333333,55.71666666666667,-0.025296850800206487,-0.02496126699948361,0.09194562159481634,0.22697831779087066,0.6665358204930486,0.8725249204711152,0.3209661923227965,0.4215540747759049,0.13432835820895994,-0.003781853746978801,0.00020995089983417945,-0.07634473077406763,0.1594005449591281
484,484,2014-07-18,56.66,57.21,56.37,57.11,2933449,M,0.0,0.2797486657081329,0.8730650307302102,0.0332650805077603,0.5200157526634415,0.06273559502074462,0.17450591643759014,-0.026448772255068403,932148.3732636252,57.22746336881544,58.03023088711506,-29016.9300000011,-0.4607286804003914,57.07200000000004,58.30050000000006,-0.3124121147528385,-0.06067735568914673,-0.2517347590636917,0.35714285714285715,0.4699999999999989,24.962127518642816,-952987.8,-255715.35,56.89666666666667,57.42333333333334,57.73666666666667,58.26333333333334,56.58333333333334,56.05666666666666,55.74333333333333,-0.012450285319038542,-0.0180536451169188,0.07520382837405049,0.20817859784609355,0.4746261686847243,0.9143791393767314,0.5076282551993243,0.4653062944117597,0.8809523809523797,-0.0037962337357478953,0.00013361188900163368,-0.08928570117062691,0.16076294277929154
485,485,2014-07-21,57.01,57.11,56.58,56.73,2313831,M,-0.0,0.28794621445415913,0.8273230266328491,0.015790657704284772,0.3641017501000168,0.06728826610263647,0.1174193826673234,-0.03602817626696117,281140.28123694,57.06164224587696,57.90639937405647,-24313.229999999003,-0.9135012802891984,56.85200000000005,58.22900000000007,-0.3737399724164519,-0.12328987903460778,-0.2504500933818441,0.35714285714285715,-0.38000000000000256,24.921657722614345,-813787.0,-535706.4,56.80666666666666,57.03333333333333,57.33666666666666,57.56333333333333,56.50333333333333,56.276666666666664,55.97333333333333,0.0005291005291004239,-0.03438297872340431,0.07520382837405049,0.20817859784609355,0.22443261795099964,0.9795321117226056,0.43275845944105773,0.44794558712726107,0.283018867924525,-0.0037043450870021134,5.066495502308263e-05,-0.10729557298347787,0.16212534059945505
486,486,2014-07-22,56.61,57.15,56.61,56.98,2884985,M,0.0,0.2805992557349797,0.7890132897484691,0.014872371173064475,0.5850704946212553,0.06945133558467069,0.21260065063533745,-0.042253484840786906,648733.22339081,57.03442816391797,57.818170862241594,6300.320000000124,-1.3639780692386738,56.90800000000005,58.140500000000046,-0.39758669882052544,-0.17814924299179136,-0.21943745582873408,0.35714285714285715,0.25,24.908246628833947,964261.0,-524506.15,56.91333333333333,57.21666666666666,57.45333333333333,57.75666666666665,56.67666666666666,56.37333333333333,56.13666666666666,-0.0017519271198318401,-0.025483153754061943,0.1431578697509183,0.22802398761384315,0.21158922467918848,1.0094838441401377,0.5169007013557657,0.4705398345613488,0.6851851851851816,-0.003309775502786834,-3.1408694914187454e-05,-0.11525178487695907,0.16348773841961856
487,487,2014-07-23,56.94,57.75,56.82,57.48,1899508,M,0.0,0.2749802841014728,0.8078115177820065,0.02340293780909042,0.8689022538517681,0.07000897250645254,0.3497623942548533,-0.04794238035964882,653608.4228742971,57.18295210927865,57.78596411345667,-310742.25,-1.847163948020856,56.98800000000006,58.09100000000005,-0.3718530890365912,-0.21689001220075133,-0.15496307683583985,0.35714285714285715,0.5,24.88546775218883,564026.6,-261819.85,57.35,57.87999999999999,58.28,58.80999999999999,56.94999999999999,56.42,56.01999999999999,0.014830508474576206,-0.008965517241379364,0.6630691966884825,0.4655008650203203,0.33342165496611154,1.0167228054680844,0.5811596073554556,0.4933148426369189,0.7096774193548353,-0.002483727711767309,-0.00010332183399490541,-0.10884946549273253,0.164850136239782
488,488,2014-07-24,57.68,58.3,57.5,57.92,2621718,M,0.0,0.2667409516822504,0.8094366487444057,0.032485349608002916,0.8635207267035994,0.07005057168447378,0.4589582528889806,-0.046715272965127765,384439.6116392442,57.4286347395191,57.79872943598461,-247470.9800000013,-2.160872779979069,57.244000000000064,58.08700000000007,-0.31235407180943753,-0.2359828241224886,-0.07637124768694893,0.35714285714285715,0.4400000000000048,24.90665483245943,1605165.8,7413.05,57.90666666666666,58.31333333333333,58.70666666666666,59.11333333333333,57.51333333333334,57.10666666666667,56.71333333333334,0.014183155314305768,-0.002583089374892347,0.8105742611309886,0.5991027781124446,0.4648978382401303,1.0172568893590082,0.5624397382369718,0.4963324766714984,0.5250000000000039,-0.0013660825199488563,-0.00015928144907391485,-0.09258676673708932,0.16621253405994552
489,489,2014-07-25,57.71,57.92,57.35,57.46,1986430,M,-0.0,0.2605792117219244,0.7775117622451516,0.03252439197137687,0.5783218523260643,0.07075124930417133,0.3547803168873868,-0.04548000779156451,-190431.4728826584,57.43908982634607,57.76646948970036,-1738.4399999996542,-2.397506465590165,57.314000000000064,58.056500000000064,-0.2988735988045903,-0.2485609790589089,-0.05031261974568135,0.35714285714285715,-0.4600000000000009,24.945914065153662,621190.0,-203273.4,57.57666666666668,57.80333333333335,58.14666666666667,58.37333333333335,57.23333333333335,57.00666666666668,56.66333333333335,0.01286797109113351,-0.02062382819158004,0.6944864560313817,0.5544348862349809,0.4660257503618739,1.0268924763069067,0.4392873108714311,0.4674419985256748,0.19298245614034976,-0.0006955851045530215,-0.000208690261145972,-0.08923289139951146,0.16757493188010897
490,490,2014-07-28,57.46,57.83,56.95,57.58,2379305,M,0.0,0.2536940760825992,0.7911768606124641,0.023440813210103627,0.5712445385917188,0.0704478671294594,0.39672347109598105,-0.04377523283227972,306712.9513806258,57.486059884230706,57.7487104906813,82420.42000000081,-2.4634859524474626,57.484000000000044,58.002000000000045,-0.27533335814489845,-0.25391545487610684,-0.021417903268791616,0.35714285714285715,0.11999999999999746,25.06488699315506,1559817.2,-193161.45,57.45333333333334,57.95666666666668,58.33333333333333,58.83666666666667,57.07666666666668,56.57333333333335,56.19666666666669,0.010530010530010556,-0.007583591864874264,0.4525297387322341,0.4489458187358705,0.3368679266423995,1.0215292973107268,0.5314945708839839,0.491105531133619,0.7159090909090895,-0.0002288396424066752,-0.00025003894185829227,-0.08351237967629364,0.16893732970027248
491,491,2014-07-29,57.57,58.28,57.39,57.6,2399097,M,-0.0,0.2530064951243416,0.804353279197469,0.01282571852695785,0.4891725675132239,0.07074381772325028,0.4071138887272094,-0.03664067184319072,-247818.3329015447,57.52403992282047,57.734547586806876,57773.38000000024,-2.4465719530991383,57.60800000000005,57.981000000000044,-0.2521570059682787,-0.2535637650945412,0.0014067591262624801,0.35714285714285715,0.02000000000000313,25.110619036366067,1462639.6,73917.75,57.75666666666667,58.12333333333334,58.64666666666666,59.01333333333334,57.23333333333333,56.86666666666667,56.34333333333333,0.0020876826722339,-0.018070235254006056,0.6465025172664273,0.560199790772938,0.18471599822524712,1.0254493238529443,0.4329813993159146,0.4668054858999197,0.2359550561797761,7.772476485794359e-05,-0.00028385919677831697,-0.07833917560467417,0.17029972752043598
492,492,2014-07-30,57.79,58.72,57.7,58.61,3112142,M,0.0,0.25234587812548315,0.8464395086378061,0.03223195700535165,0.9162860096235969,0.07063076105961721,0.6542099845896258,-0.02354075769826418,727622.4383423129,57.88602661521365,57.817924007110996,754822.1100000008,-2.272992886641405,57.834000000000046,57.97850000000004,-0.15055551060518724,-0.2329621141966704,0.08240660359148316,0.42857142857142855,1.009999999999998,25.141419024961372,1705166.4,103902.3,58.34333333333333,58.98666666666666,59.36333333333333,60.00666666666666,57.96666666666667,57.32333333333334,56.94666666666667,0.011912983425414327,-0.005767599660729489,0.7619557588980798,0.6433951806434094,0.4660257503618773,1.0237663950237548,0.5860398871256425,0.5073151408375557,0.8921568627450982,0.0009056205560313787,-0.00029601795823303007,-0.04835147695073256,0.17166212534059944
493,493,2014-07-31,58.27,58.59,57.76,57.79,2387310,M,-0.0,0.2432998827450739,0.8469142408194322,0.032081966081832294,0.4902943732512986,0.0689479451093815,0.4673218936223482,-0.015694803607914358,-420817.62319719896,57.85401774347577,57.81526457786232,-2239.5299999999734,-2.1450442713541324,57.80800000000005,57.92050000000004,-0.13465057252179236,-0.21329980586169486,0.07864923333990248,0.42857142857142855,-0.8200000000000003,25.127683597700567,703360.8,-168921.5,58.04666666666666,58.33333333333332,58.87666666666666,59.16333333333333,57.50333333333332,57.21666666666666,56.67333333333331,0.005743125652627886,-0.034903139612558504,0.7619557588980796,0.6433951806434095,0.4636485738146408,0.9983748636769836,0.4027414508548464,0.4624417539304794,0.03614457831325415,0.0011100250713221474,-0.00030372428673748056,-0.043096772309836384,0.17302452316076294
494,494,2014-08-01,57.65,58.17,57.34,57.89,2588700,M,0.0,0.24346925819338014,0.8446590087101744,0.029078533207263668,0.4976239589545561,0.0612651853529283,0.5194782412505751,-0.006542019754363497,120253.23632126194,57.866011828983844,57.82238223711352,376878.23999999935,-1.9277729825534171,57.89400000000005,57.82100000000004,-0.11267775125963198,-0.19317539494128227,0.0804976436816503,0.42857142857142855,0.10000000000000142,25.11344084469729,1618386.8,-155449.7,57.8,58.26000000000001,58.63,59.09,57.43000000000001,56.97000000000001,56.60000000000001,0.005383813824244569,-0.026731674512441097,0.4729577554739498,0.5138126230576114,0.42086815037533104,0.8856035705729175,0.4893778347064431,0.4815092633094467,0.6626506024096365,0.0010998606220800843,-0.0003061899218377422,-0.03648887992730356,0.17438692098092645
495,495,2014-08-04,58.16,58.8,57.88,58.58,3391313,M,0.0,0.23439788354868785,0.8547044742154837,0.03230489454899192,0.7589623700620064,0.056569052072177314,0.7459969238389189,0.005354623558573152,625709.8513294103,58.10400788598922,57.894536309769386,793162.3699999992,-1.4904219400181642,58.09400000000005,57.77600000000003,-0.03913576592592705,-0.16236746913821126,0.1232317032122842,0.5,0.6899999999999977,25.11706467217993,1820788.4,153295.5,58.42,58.959999999999994,59.34,59.87999999999998,58.03999999999999,57.5,57.12,0.01701388888888884,-0.009803921568627423,0.7066278891387443,0.6417281700075627,0.4691801359822846,0.8170833881305296,0.5798750782100924,0.5081150063482985,0.7608695652173911,0.0014315924452930474,-0.00029419889113124217,-0.014408551859442412,0.1757493188010899
496,496,2014-08-05,58.08,58.18,57.33,57.64,3502987,M,-0.0,0.2378028121712331,0.907410544320086,0.03159127527707132,0.2482996985624693,0.05195632500271812,0.4799858563559704,0.009697124514223502,-88973.99100096391,57.949338590659494,57.87029475645802,-228571.75,-1.2883234932397951,58.10200000000005,57.70000000000003,-0.05605716469950295,-0.14110540825046958,0.08504824355096663,0.5,-0.9399999999999976,25.094314901910373,640371.6,166422.95,57.71666666666666,58.10333333333333,58.56666666666666,58.95333333333333,57.25333333333332,56.86666666666666,56.40333333333332,-0.016550076778706686,-0.030771817723221764,0.4582880154239043,0.5047208661199512,0.4588790690370998,0.7494699881642092,0.5081520129243761,0.4944569945392171,0.3647058823529433,0.0011206138151498156,-0.0002855015609901489,-0.018751479138653757,0.1771117166212534
497,497,2014-08-06,57.9,59.33,57.68,58.81,5322869,M,0.0,0.24357290648839605,1.0117558050774076,0.03570628258045131,0.8217672642266088,0.04707121316541511,0.9210789003549184,0.017553210792063668,554471.5849492105,58.23622572710633,57.95979049393821,444257.88000000775,-0.929721779604704,58.14200000000004,57.66700000000003,0.024657490559953036,-0.10795282848838507,0.1326103190483381,0.5714285714285714,1.1700000000000017,25.233698465621423,1082517.0,287412.0,58.60666666666666,59.53333333333333,60.25666666666667,61.18333333333332,57.88333333333333,56.95666666666666,56.23333333333333,0.01765011247620701,0.00017006802721097138,0.7329851981320323,0.6757727719770091,0.5190086704481504,0.6786139124024986,0.5670508368990798,0.5125895174258143,0.684848484848487,0.001409693333950223,-0.000261838146985446,0.004941725724231489,0.17847411444141692
498,498,2014-08-07,59.38,59.66,58.47,58.77,3075020,M,-0.0,0.2531402707840082,1.035521697733753,0.03685826041721462,0.7009080676120318,0.04689152981982196,0.9084653830713482,0.02356812228244816,-343937.551296177,58.41415048473755,58.036953304039315,-483602.710000001,-0.5211481773587224,58.33800000000004,57.66550000000003,0.0844235880930242,-0.0694775451721032,0.1539011332651274,0.5714285714285714,-0.03999999999999915,25.384881903984233,944975.0,287799.4,58.96666666666667,59.46333333333334,60.15666666666666,60.65333333333334,58.27333333333334,57.77666666666667,57.08333333333334,0.015201243738124072,0.011357769747031557,0.7781749956522078,0.7097660373048802,0.537559299054867,0.6760058782062359,0.4620675047114327,0.4877810719887024,0.2521008403361385,0.0017219270283626359,-0.0002280473625512422,0.02211506040386317,0.17983651226158037
499,499,2014-08-08,58.47,60.27,58.33,60.21,4148814,M,0.0,0.26609485647576203,1.1561188047025868,0.06255960987443908,0.882751168551127,0.060983517906663634,1.1924401193425571,0.03829136134475263,1043318.1496563724,59.01276698982503,58.24391013222605,-1643676.9999999984,0.2189529673908264,58.802000000000035,57.77050000000004,0.2451585808828227,-0.006550319961117992,0.2517089008439407,0.6428571428571429,1.4399999999999975,25.550499348431412,1256997.8,635896.7,59.60333333333333,60.87666666666666,61.54333333333334,62.81666666666667,58.93666666666666,57.66333333333333,56.99666666666666,0.02782519631273476,0.041155109804599736,0.8457378911270169,0.7638529799192517,0.9196575449591924,0.8807620803067285,0.6310690581237726,0.5336183189372501,0.9690721649484524,0.002815285428310245,-0.00016600416074966359,0.0658442682830141,0.18119891008174388
500,500,2014-08-11,60.51,61.0,59.79,60.12,4397866,M,-0.0,0.2760711530003142,1.1633029640755752,0.07254164382838235,0.7355445292368856,0.07088617894481103,1.0446906534399094,0.047700487984836185,-358493.18216263555,59.381844659883356,58.422585357728316,1785842.0999999924,0.8161538785739781,59.110000000000035,57.885000000000026,0.3611172381297294,0.06698319165705151,0.2941340464726779,0.6428571428571429,-0.09000000000000341,25.703373366738628,-300838.0,566495.15,60.30333333333334,60.81666666666667,61.51333333333334,62.02666666666667,59.60666666666667,59.09333333333333,58.39666666666667,0.04302567661346282,0.06031746031746023,0.897859419112048,0.8131105226646004,1.0719841416739209,1.0258116170550973,0.5116217963249388,0.5087715526315377,0.27272727272727115,0.0036870887183772585,-8.579336028241479e-05,0.0969436515712908,0.18256130790190733
501,501,2014-08-12,59.99,60.59,59.65,59.76,5392910,M,-0.0,0.27806504693695056,1.1335292355321658,0.04702378881949447,0.5807282908162573,0.07354725448168427,0.903417044924835,0.051621845769612304,-1577642.3932227436,59.50789643992225,58.54995818080181,-559843.2000000036,1.325837368139533,59.53400000000003,58.038000000000025,0.41913479308808377,0.13741351194325802,0.2817212811448257,0.5714285714285714,-0.35999999999999943,25.752038101800903,-678822.6,597112.4,60.0,60.35,60.94000000000001,61.290000000000006,59.41,59.06,58.46999999999999,0.01615371535453147,0.04695164681149264,0.8231823702728159,0.7764047557144615,0.6998785608949464,1.0671338889019986,0.3800882897485403,0.4714620025328906,0.11702127659574348,0.0038950688602809843,5.518199563469019e-07,0.11262063487886688,0.18392370572207084
502,502,2014-08-13,56.7,57.76,55.81,56.47,18452064,M,-0.0,0.278955645231991,1.5090586707945433,0.10561045025476183,0.08384009770328138,0.07613050473308948,0.15184529661405266,0.03246479790605024,-2515457.553340393,58.49526429328149,58.35186692548736,-51297822.69999998,1.1477187299319251,59.066000000000045,58.007500000000036,0.19736353508578475,0.14940351657176335,0.0479600185140214,0.5,-3.2899999999999987,25.935318760775328,-5433809.2,-520524.8,56.68,57.55,58.63,59.49999999999999,55.6,54.73,53.65000000000001,-0.039135613408201535,-0.003001412429378561,0.1962847617049383,0.3151866310936923,1.5594967136869418,1.1040350633261726,0.36621270598620603,0.4587952916689523,0.3384615384615374,0.0016251582155833895,4.030757688655839e-05,0.05087089471508311,0.18528610354223435
503,503,2014-08-14,56.62,57.88,56.53,57.84,8606774,M,0.0,0.2793327215039722,1.4958508480219381,0.1125064404925057,0.34300415690923913,0.07284138157677683,0.4462138946767335,0.027540408895457297,1802625.7072699943,58.27684286218765,58.30311769448856,-6170618.879999982,1.2100452439104208,58.88000000000004,58.06750000000003,0.1306497171627896,0.1456527566899686,-0.01500303952717899,0.5714285714285714,1.3700000000000043,26.127727262796913,-3097450.4,39012.8,57.41666666666666,58.30333333333333,58.76666666666666,59.65333333333333,56.95333333333333,56.06666666666666,55.60333333333333,-0.039362232187344255,0.012782349851164491,0.2221995000190588,0.32988828112875945,1.656094804049685,1.0574292311773723,0.5675985941142611,0.5075167277357541,0.970370370370371,2.788889157655865e-05,6.487224412261711e-05,0.032241281186877684,0.1866485013623978
504,504,2014-08-15,57.93,57.93,56.9,57.45,4458811,M,0.0,0.27739744912866743,1.4337374016190132,0.10691898812681752,0.3592129883420105,0.07188642169587055,0.34804167247480794,0.02067764572615076,925420.2175406966,58.00122857479178,58.22186839025156,-13713387.940000055,1.0243372407978295,58.328000000000046,58.08450000000003,0.045781059620111364,0.12567841727599716,-0.07989735765588579,0.6428571428571429,-0.39000000000000057,26.243625898603746,-4818975.4,-330600.2,57.42666666666667,57.95333333333334,58.45666666666667,58.98333333333334,56.92333333333334,56.39666666666667,55.89333333333334,-0.04441117764471049,0.012691697514542676,0.2365589215086528,0.3368982078403857,1.5590926848652542,1.0438717152484491,0.5563925902509325,0.5100370948584704,0.5339805825242754,-0.001206111694096943,7.170451560687622e-05,0.01173549866525839,0.1880108991825613
505,505,2014-08-18,57.92,58.15,57.54,58.04,2948708,M,0.0,0.2669370896146304,1.3359057480698109,0.0826644986080559,0.5267375968130399,0.06839768195008494,0.4723432220602029,0.01347380722231007,985865.8999134756,58.01415238319452,58.20454759117998,-1131613.199999976,1.0033749293624905,57.91200000000005,58.15000000000003,0.025832327247712783,0.10570919927034028,-0.0798768720226275,0.6428571428571429,0.5899999999999963,26.235300851253964,-3349660.6,-67473.25,57.91,58.28,58.52,58.88999999999999,57.67,57.3,57.06,-0.02878179384203479,0.018603018603018644,0.31451458245299513,0.37110764459978796,1.1968166108474343,0.9943313013493604,0.6441524372164689,0.5395261459336199,0.8196721311475418,-0.0015979847686742393,7.394121941775326e-05,0.006864963391673693,0.18937329700272482
506,506,2014-08-19,58.37,59.17,58.29,58.95,3585435,M,0.0,0.26606461777731155,1.3084516483271695,0.06253552053732958,0.8322786889863059,0.06658349494047681,0.6808740828603115,0.018805833120253402,891530.6751245158,58.32610158879635,58.27554305868665,-1310064.0,1.0633569410193382,57.750000000000036,58.248500000000035,0.08250118561978326,0.10106759654022887,-0.018566410920445614,0.6428571428571429,0.9100000000000036,26.131493217936697,-1553991.6,-32450.75,58.80333333333334,59.31666666666669,59.68333333333334,60.19666666666669,58.43666666666668,57.92333333333334,57.55666666666668,0.04391712413670983,0.0255741127348644,0.5877505038010242,0.509704104586079,0.9028565777576966,0.9695971762600916,0.6794349581443132,0.5595712748923231,0.7500000000000021,-0.0010038020765188642,8.618150439819134e-05,0.018533723359458392,0.19073569482288827
507,507,2014-08-20,58.84,60.57,58.75,60.09,5385523,M,0.0,0.26628436905291153,1.3766580952168803,0.07236971447636098,0.8818754099811643,0.07086171945057458,0.913601087335402,0.026253520788694418,1011192.1354268051,58.914067725864236,58.44834848166888,4995470.75000001,1.2220272847017355,58.474000000000046,58.379000000000026,0.2168998503201891,0.12423404729622095,0.09266580302396817,0.7142857142857143,1.1400000000000006,26.18904560385848,3213525.8,141850.0,59.80333333333334,60.85666666666667,61.62333333333334,62.67666666666667,59.03666666666667,57.98333333333333,57.21666666666667,0.03890041493775934,0.037465469613259694,0.7665553763559815,0.6388196354430502,1.0579366710726836,1.0342090799512742,0.6983778841841214,0.5763991283562674,0.736263736263738,0.0004905681145443194,0.00012238594390768514,0.04556675581319911,0.19209809264305178
508,508,2014-08-21,60.06,60.76,59.97,60.7,4027859,M,0.0,0.2728906906242595,1.2984370158546297,0.09210490537800793,0.8041321011099722,0.07858423056491186,0.9744930617911488,0.03403100976781324,1245425.8666566715,59.509378483909494,58.66279148341471,774242.0,1.379324890936422,59.04600000000005,58.51800000000003,0.3683871249393533,0.17306466282484745,0.19532246211450588,0.7857142857142857,0.6099999999999994,26.209523101038126,2297742.8,212157.05,60.47666666666667,60.98333333333333,61.26666666666666,61.77333333333333,60.19333333333334,59.68666666666667,59.40333333333334,0.05657093124456049,0.05638705186216503,0.7843285685653715,0.6534566993048765,1.3596065607374652,1.1496480010493786,0.7736021337598804,0.6095087954567561,0.9240506329113984,0.002231795960162469,0.00018436462973970796,0.07515874237692179,0.19346049046321528
509,509,2014-08-22,60.97,62.09,60.89,61.77,5830860,M,0.0,0.28098335783386824,1.3106454137406789,0.09752641536177087,0.8183401106214685,0.0906195256759398,1.0705130973968973,0.045581907664769786,1006903.2135914565,60.262918989273004,58.95871610404188,748166.1599999998,1.6978792596418883,59.910000000000046,58.73350000000003,0.5682317175903862,0.25209807377795523,0.3161336438124309,0.7857142857142857,1.0700000000000005,26.22996897583993,4355677.0,603021.55,61.58333333333334,62.27666666666667,62.78333333333335,63.47666666666667,61.07666666666667,60.38333333333333,59.87666666666666,0.06426602343211585,0.07276832233414389,0.8764852054297025,0.7404670690467179,1.4607018860809244,1.3306004778219531,0.7601792002843649,0.6213016085878588,0.7333333333333337,0.004180924419408596,0.000279568329530506,0.11298498338802973,0.19482288828337874
510,510,2014-08-25,62.0,62.53,61.53,62.35,4492646,M,0.0,0.2902081206500278,1.2692260252419216,0.08877183540124169,0.792501616461842,0.1035131540669921,1.0533733582746232,0.054982711050723394,866860.8397382814,60.958612659515325,59.28169552270456,766898.5499999993,2.2009431651930096,60.77200000000005,58.97200000000002,0.7645973475296373,0.3545979285282917,0.4099994190013456,0.8571428571428571,0.5799999999999983,26.281891611805754,4664464.6,708688.6,62.13666666666666,62.74333333333333,63.13666666666666,63.74333333333333,61.74333333333333,61.13666666666666,60.74333333333333,0.057675996607294285,0.08246527777777778,0.8968912405372383,0.7636671403303146,1.3487104952510658,1.526094430409665,0.7801194668562434,0.6402252649128246,0.8200000000000003,0.005879823596839459,0.0004052727886006986,0.1496443954360814,0.19618528610354224
511,511,2014-08-26,62.26,62.9,62.02,62.59,3291366,M,0.0,0.2950236706179929,1.2173292218763314,0.06983621529044384,0.7537877684530924,0.1140919300768638,0.9985425391884593,0.06541407999724376,125314.75764859187,61.5024084396769,59.59677213958985,-2082385.080000001,3.1768683668938715,61.500000000000064,59.22150000000003,0.9288770023534879,0.4694537432933311,0.459423259060157,0.8571428571428571,0.24000000000000196,26.33509072887271,4605650.8,753302.05,62.50333333333333,62.98666666666666,63.38333333333333,63.86666666666665,62.10666666666666,61.62333333333334,61.22666666666667,0.04160426027625229,0.06790650059716777,0.9136803093011404,0.7829493847613731,1.0737318100905748,1.689173809261748,0.7359887354799212,0.6409397418475342,0.6477272727272764,0.0069754364475010724,0.0005534831798203718,0.18113252916601927,0.1975476839237057
512,512,2014-08-27,62.9,63.1,61.69,62.58,5110833,M,0.0,0.29965037548838275,1.2430186589594878,0.05151244776825373,0.6822355566516056,0.12386786989895493,0.9293344776699458,0.08034993380272366,-72126.3128518567,61.86160562645125,59.88088907867653,142183.00999999806,3.879099922598933,61.99800000000005,59.42000000000003,1.0462029199237008,0.5848035786194051,0.4613993413042957,0.7857142857142857,-0.010000000000005116,26.383603742195753,2506379.6,342153.3,62.45666666666667,63.223333333333336,63.86666666666667,64.63333333333335,61.81333333333334,61.04666666666667,60.40333333333334,0.030971993410214088,0.082886312510815,0.7593021296661524,0.7209481434352782,0.7984171841840494,1.8400572073489765,0.7010610482395688,0.6400126877438513,0.631205673758864,0.007325997285496406,0.0007138250842871347,0.20588012274177347,0.1989100817438692
513,513,2014-08-28,62.06,62.58,61.84,62.36,3100869,M,0.0,0.30500638776773525,1.175949504431555,0.02140488378653892,0.5224859506697946,0.12804576157596434,0.8550135051347739,0.08672365984651235,-173078.02429269673,62.027737084300846,60.11699488070734,43814.310000000754,4.552775111539795,62.33000000000007,59.64850000000003,1.1086525371661935,0.6895733703287629,0.4190791668374306,0.7142857142857143,-0.21999999999999886,26.357715300398308,1080634.0,306475.35,62.26,62.67999999999999,63.0,63.41999999999999,61.94,61.52,61.2,0.00955156224704543,0.07721540853342544,0.7593021296661524,0.7209481434352781,0.33354160160374297,1.9094344023409784,0.7016082663939466,0.64598316535898,0.7027027027027022,0.00694817440454169,0.0008750240143269707,0.22169985676713028,0.2002724795640327
514,514,2014-08-29,62.41,62.73,62.13,62.29,3326048,M,-0.0,0.30800880229909405,1.0991562371740138,0.008999168299115262,0.2437056937564871,0.13023373625003978,0.8105722126615548,0.09397084572222693,-1092499.063660605,62.11515805620056,60.3239477492114,517587.6499999985,5.109458278388332,62.43400000000007,59.86850000000002,1.139362037431212,0.7795311037492528,0.3598309336819593,0.7142857142857143,-0.07000000000000027,26.30945988779164,-750747.6,10737.95,62.38333333333333,62.63666666666666,62.98333333333333,63.23666666666666,62.03666666666667,61.78333333333334,61.43666666666668,-0.0009623095429030038,0.06333219528849439,0.7907940454969803,0.7343057165876661,0.1404635183967407,1.9492246096713772,0.5566277331515189,0.6098577845311403,0.2666666666666635,0.006151010831159165,0.0010307852806455586,0.23327477781030065,0.20163487738419617
515,515,2014-09-02,62.37,62.72,62.0,62.22,5304241,M,-0.0,0.3018899525900414,1.0486020722174785,0.010833651142338413,0.22193729854170194,0.13269155805272864,0.772269963460754,0.10849310547629908,-1531772.8734732775,62.15010537080037,60.504524154048404,-308472.08000000124,5.517196480958789,62.408000000000065,60.05050000000002,1.1448539588647009,0.8525956747723427,0.2922582840923582,0.7142857142857143,-0.07000000000000027,26.199445332456442,-2710125.0,-424039.75,62.31333333333333,62.62666666666666,63.03333333333333,63.34666666666666,61.90666666666666,61.59333333333333,61.18666666666667,-0.0059114874580604646,0.07945870922970158,0.6824558658201509,0.6999866729496861,0.16902662512276406,1.992048601711346,0.4729370072861974,0.5808766198667987,0.3055555555555545,0.005167044903469861,0.0011764492911539126,0.24145928411122045,0.20299727520435967
516,516,2014-09-03,61.79,62.25,61.41,61.69,4801105,M,-0.0,0.30231717190774393,1.0207884625884818,0.021189903641767604,0.0919931534619351,0.1287414679905206,0.685250605381213,0.10932035904078036,-1425098.9713132102,61.996736913866904,60.61742661556762,-885034.200000002,6.1112954362672065,62.228000000000065,60.25300000000002,1.0938307752713925,0.9008426948721528,0.19298808039923976,0.7142857142857143,-0.5300000000000011,26.069070226201635,-4328619.2,-488945.65,61.78333333333333,62.15666666666666,62.62333333333334,62.99666666666667,61.31666666666666,60.94333333333333,60.47666666666666,-0.01422179610099074,0.048971263390579764,0.3648575556771537,0.5596854101150409,0.3296513309549789,1.9392649177082104,0.4264024493019094,0.5573010687683734,0.3333333333333333,0.003872080261398675,0.0013019031852072695,0.237257423675218,0.20435967302452318
517,517,2014-09-04,61.85,62.97,61.82,62.43,5347832,M,0.0,0.29401890705774897,1.0553500009100176,0.01894385539961634,0.6968988568978397,0.1301414750512309,0.7537835522010287,0.11228495934711516,-639122.4778463953,62.141157942577934,60.79005265218022,9154.110000000035,6.676597450330722,62.198000000000064,60.43400000000002,1.1004213775812346,0.9407584314139692,0.1596629461672654,0.7142857142857143,0.7400000000000021,25.954927867141176,-2236886.2,-487697.5,62.40666666666666,62.99333333333333,63.55666666666666,64.14333333333333,61.84333333333333,61.25666666666667,60.69333333333334,0.0011225144323284203,0.062276671771311826,0.646176437823973,0.6584245975934978,0.2945674795363346,1.9662424758115231,0.4610798937375049,0.5547423748484039,0.5304347826086958,0.0031285308534136197,0.0014188733481966948,0.2434065577282078,0.20572207084468663
518,518,2014-09-05,61.91,61.93,61.15,61.83,5161434,M,0.0,0.2874208926668496,1.0853033341220155,0.020373599640087017,0.2928915230715752,0.12866947693145178,0.6594469236703071,0.10712695550606248,858119.2325323371,62.037438628385274,60.88909525673449,50446.060000000194,7.043508706969105,62.09200000000007,60.58700000000002,1.0451812924669426,0.961643003624564,0.08353828884237867,0.6428571428571429,-0.6000000000000014,25.83589761675336,-2648999.2,-592018.2,61.63666666666666,62.12333333333333,62.41666666666666,62.90333333333333,61.34333333333333,60.85666666666666,60.56333333333333,-0.007384812971584538,0.026905829596412512,0.40974274637030944,0.5281699724327594,0.31625938721307106,1.948924399711468,0.5979848864232933,0.5849378507480676,0.8717948717948701,0.0022621952401131943,0.0015163444648508527,0.2355328085220816,0.20708446866485014
519,519,2014-09-08,61.86,61.94,60.3,60.64,4879197,M,-0.0,0.28180498181967784,1.1592628895724133,0.044924981955363034,0.09562565501029544,0.12849137226346494,0.5040448558665742,0.08953563504189342,-737326.0394438311,61.571625752256864,60.865371898950244,838856.6499999996,7.068092388912042,61.762000000000064,60.60850000000003,0.8950623506541221,0.9483268730304756,-0.0532645223763536,0.5714285714285714,-1.1899999999999975,25.85687705747273,-2959629.0,-1043418.75,60.96,61.62000000000001,62.60000000000001,63.26000000000001,59.98,59.32,58.34,-0.025393764063002224,0.008649367930805108,0.2483476222764894,0.4073476645098602,0.6936641838817835,1.9469173339575545,0.4677622820057734,0.5489739671692738,0.20731707317073367,0.0007874928410415128,0.0015779601515499035,0.2037046873221025,0.20844686648501365
520,520,2014-09-09,60.71,60.91,60.22,60.43,3052763,M,-0.0,0.2819514336831841,1.0966945042960912,0.05497025129334781,0.21144103503605755,0.12826969163827687,0.4750521518879092,0.06868629667512648,-794301.6845740109,61.1910838348379,60.82390790857403,2952139.3999999966,6.879814307336683,61.40400000000007,60.62400000000004,0.7504955176024382,0.9087606019448682,-0.15826508434243006,0.5,-0.21000000000000085,25.797329114692282,-2509333.4,-976163.6,60.52,60.82000000000001,61.21000000000001,61.51000000000001,60.13000000000001,59.83000000000001,59.44000000000001,-0.020424704165991216,0.011211512717536842,0.2360940350203091,0.3972400612033463,0.8438483276041832,1.9440554464697253,0.41329079669950186,0.5256762394471486,0.3043478260869588,-0.0006380444922890518,0.0016070196526114912,0.1738009649581274,0.2098092643051771
521,521,2014-09-10,60.12,60.32,59.57,59.91,4010945,M,-0.0,0.2861636710986252,1.0651352370566125,0.0684454698943209,0.2276507948402875,0.12804126226193582,0.4070631227184931,0.046046393896697055,-484426.4782200283,60.76405588989193,60.736869060138396,633823.9600000036,6.565616754492207,61.048000000000066,60.63150000000004,0.587196767859929,0.8444478351278804,-0.2572510672679513,0.42857142857142855,-0.5200000000000031,25.71126926240776,-2351301.4,-907065.35,59.93333333333334,60.29666666666667,60.68333333333333,61.04666666666667,59.54666666666667,59.18333333333334,58.79666666666667,-0.04036520903411826,0.06091730122188769,0.15122137305421296,0.32080421744287,1.0446147615271266,1.9408334482086416,0.4266383089107774,0.51878643886488,0.4533333333333284,-0.0019702109891421076,0.0016022579523230255,0.13891442454441827,0.2111716621253406
522,522,2014-09-11,59.1,60.12,58.99,59.82,6364352,M,0.0,0.29021072273260395,1.07378387211573,0.053286613579409885,0.28110058229747553,0.11127132322062946,0.3552885140789341,0.023915727708176626,755280.9877788073,60.44937059326129,60.649548197268096,-2020069.2899999984,6.2178172620168635,60.526000000000046,60.799000000000035,0.44538496372707215,0.7646352608477187,-0.31925029712064656,0.35714285714285715,-0.0899999999999963,25.52501790539173,-4693738.2,-302679.75,59.64333333333334,60.29666666666667,60.77333333333333,61.42666666666667,59.16666666666668,58.51333333333334,58.036666666666676,-0.03250849102377484,0.034232365145228164,0.10435668307094843,0.2666895155406363,0.8063063933768414,1.6912962951227637,0.5292632973859465,0.5393318517669186,0.7345132743362847,-0.002915625141710504,0.0015699666549169006,0.10873445719425773,0.21253405994550406
523,523,2014-09-12,59.91,60.06,59.27,59.59,3811771,M,-0.0,0.2965382931405135,1.0359460225002992,0.029262697960026438,0.22241883716312416,0.1032186362761442,0.2937027710436533,0.003442733824359409,13698.121204171212,60.162913728840856,60.54863884514732,63735.67999999863,5.739450884265282,60.078000000000046,60.88650000000003,0.31085565890815303,0.6738793404598057,-0.3630236815516527,0.2857142857142857,-0.2299999999999969,25.31881483147891,-4423805.6,-923607.0,59.64000000000001,60.01000000000001,60.43000000000002,60.80000000000001,59.22000000000001,58.85000000000001,58.43000000000002,-0.01731530343007911,0.03724978241949522,0.10435668307094842,0.2666895155406363,0.43951109201061744,1.5711553744068645,0.4878632953037114,0.5265443698023778,0.4050632911392413,-0.0035373090896315173,0.0015134905400568915,0.07926482187290307,0.21389645776566757
524,524,2014-09-15,59.52,59.86,58.93,59.57,3632520,M,0.0,0.2892249584930626,1.021819886166926,0.02328877530488816,0.2891202162983177,0.09102340619910472,0.2437742594965097,-0.01389544313135702,374342.5668994531,59.96527581922724,60.45543514560949,682958.0,5.231161911668219,59.86400000000005,60.99250000000003,0.20031725018782254,0.5791669224054091,-0.3788496722175866,0.21428571428571427,-0.02000000000000313,25.01216364933812,-4174470.2,-882292.45,59.45333333333333,59.97666666666665,60.38333333333333,60.90666666666665,59.04666666666665,58.52333333333333,58.11666666666665,-0.014231342048651325,0.02636113025499657,0.07695503862635766,0.2343265076542405,0.3485398112129565,1.3879362756497242,0.5546328778727254,0.5419374815365089,0.6881720430107535,-0.003787842435056028,0.0014390515855576991,0.054392800817696436,0.21525885558583108
525,525,2014-09-16,59.64,60.75,59.56,60.24,3924466,M,0.0,0.28005243271046704,1.0442439013446687,0.01830197218525644,0.8781050548938779,0.0797645953201883,0.3230339497503266,-0.023953490408362896,231253.42789830614,60.056850546151495,60.4349175126943,73251.74999999984,4.644352923802941,59.826000000000064,61.102500000000035,0.16487755959282424,0.4963090498428922,-0.3314314902500679,0.21428571428571427,0.6700000000000017,24.821753415919762,-2779024.4,-833504.55,60.18333333333334,60.80666666666667,61.37333333333334,61.99666666666667,59.61666666666667,58.99333333333334,58.42666666666668,0.005508262393590476,0.021882951653944004,0.5296027130811232,0.44331214498782734,0.2737334469887881,1.218454046387952,0.560231442391341,0.5447461567643245,0.5714285714285723,-0.0033190043122550863,0.0013618293445475914,0.04593538729852938,0.21662125340599453
526,526,2014-09-17,60.54,60.92,60.27,60.63,3017905,M,0.0,0.2695144800953397,0.9956780478320462,0.03048198059636437,0.8610494638490636,0.07294677284176221,0.3753180821817245,-0.027766461248784284,76719.83563085657,60.24790036410099,60.45349679719961,-651491.9000000014,4.056954916113804,59.97000000000005,61.18650000000004,0.16634358480081346,0.4303159568344764,-0.2639723720336629,0.2857142857142857,0.39000000000000057,24.661237691273946,-1373254.4,-861881.05,60.60666666666666,60.94333333333332,61.25666666666667,61.59333333333332,60.29333333333332,59.95666666666666,59.64333333333333,0.013540621865596828,0.00898652021967048,0.5841375585462996,0.4756214298093773,0.4570010940909932,1.1158394291206215,0.5581030128762787,0.5456128231530701,0.5538461538461542,-0.0023951233726230764,0.0012890462662834311,0.04627079931305713,0.21798365122615804
527,527,2014-09-18,60.68,61.05,60.52,60.56,3442496,M,-0.0,0.2669061960524228,0.9335876414544392,0.03411347644140788,0.7155220778574141,0.07164251586293975,0.3517754472374185,-0.033213807625984484,-1026889.0650255495,60.351933576067324,60.46363995937108,-154230.40000000017,3.4052240004833103,60.118000000000045,61.210000000000036,0.16001248107715327,0.37625526168301177,-0.2162427806058585,0.35714285714285715,-0.07000000000000027,24.355841620577394,-788883.2,-1303282.0,60.71,60.9,61.23999999999999,61.42999999999999,60.37000000000001,60.18000000000001,59.84000000000001,0.01627789897633829,-0.002306425041186171,0.6300541747941454,0.5017552802384442,0.5127084941761402,1.096309598992636,0.3972259079552548,0.5008374779111784,0.0754716981132068,-0.0015268483427144375,0.0012192701730393725,0.045072803820445435,0.21934604904632155
528,528,2014-09-19,60.97,60.99,59.87,60.1,8033298,M,-0.0,0.2727541662116225,0.958442622593848,0.02820050443756269,0.42933837542743775,0.07315953546703102,0.2587077664068385,-0.038457222687102915,-1961249.90548042,60.26795571737821,60.429007582288115,-2658158.2900000056,2.8985774036499787,60.22000000000005,61.18000000000003,0.11653355387397825,0.3243109201212051,-0.20777736624722687,0.2857142857142857,-0.4600000000000009,24.160987202316303,-1633188.6,-1906339.85,60.32,60.77,61.44000000000001,61.89000000000001,59.65,59.2,58.53,0.008897095853617611,-0.027035777885705062,0.35538236458604056,0.3876067205226936,0.42455859430750653,1.11897509496824,0.3332696529225517,0.4726964936203181,0.2053571428571456,-0.0011244275196870008,0.0011457641598970336,0.034165381546912565,0.220708446866485
529,529,2014-09-22,59.72,60.1,58.81,58.94,4086881,M,-0.0,0.2802674453891707,1.0026502729146682,0.04535922569018775,0.07664073951394508,0.07963717735642402,0.06829282917113169,-0.04466718731453262,-1697230.51256436,59.82530381158547,60.2871973363559,-1043903.700000003,2.0930399152723127,60.09400000000005,61.038500000000035,-0.011394762924794577,0.25716978351200515,-0.2685645464367997,0.2857142857142857,-1.1600000000000037,24.115437542352325,-1724060.8,-2402226.9,59.28333333333333,59.75666666666666,60.57333333333332,61.04666666666666,58.46666666666666,57.99333333333333,57.17666666666666,-0.02158034528552464,-0.05469125902165202,0.1781091803966366,0.26946107899446714,0.6814543271565362,1.2152334625175223,0.25577149988118314,0.4372754174468064,0.10077519379844617,-0.0016342516487145946,0.0010535735674913852,0.0004195668251316592,0.2220708446866485
530,530,2014-09-23,58.82,59.25,58.5,58.64,3246801,M,-0.0,0.2817553667324872,0.9689635698593791,0.062042719113424974,0.19421941149670965,0.0845066827628111,0.06966331870817334,-0.05296934273005044,-1044040.4355604205,59.43020254105698,60.130321399560096,6988285.620000004,1.3412066490857917,59.774000000000036,60.853000000000044,-0.13542527024094395,0.1786507727614153,-0.31407604300235925,0.2857142857142857,-0.2999999999999972,24.130580047296313,-3158314.2,-2789199.25,58.79666666666666,59.09333333333332,59.54666666666665,59.84333333333332,58.34333333333332,58.04666666666666,57.59333333333332,-0.03282203529605809,-0.06310912286307721,0.1479022948688584,0.2437790526515079,0.9271353730714668,1.285621291541337,0.23273655547634456,0.4134079173725075,0.18666666666666745,-0.0024089476238143967,0.0009447227751105627,-0.032948265163056836,0.223433242506812
531,531,2014-09-24,58.82,59.61,58.62,59.56,3519862,M,0.0,0.28142793979854913,0.9717684272114622,0.05333131416010097,0.4999999999999866,0.08224777495900303,0.2713599350195688,-0.05107594695053425,972308.1085770831,59.47346836070466,60.07600507579247,-351551.7800000026,0.6368621274207111,59.560000000000045,60.701500000000046,-0.15766654782206047,0.11138730864472014,-0.2690538564667806,0.2857142857142857,0.9200000000000016,24.188718052199693,-3057922.8,-2777774.45,59.26333333333333,59.90666666666666,60.25333333333334,60.89666666666666,58.91666666666666,58.27333333333333,57.92666666666666,-0.01651254953764861,-0.048258229466283095,0.33207198146115513,0.3312543961976693,0.7941032678439041,1.2481408279184816,0.4716560201492139,0.4644638251936928,0.9494949494949524,-0.002410548051439831,0.0008388959902548761,-0.039703416242778386,0.22479564032697547
532,532,2014-09-25,59.46,59.72,58.69,58.81,3087483,M,-0.0,0.2767284577808166,0.9795326369166006,0.04098716112041899,0.33517727452201257,0.08157665838811656,0.1550151269726354,-0.05034615396917405,-51519.54618853133,59.25231224046977,59.955433163812245,-27084.060000000267,0.20096813614656608,59.21000000000005,60.51300000000005,-0.2331243402537524,0.04248497886502562,-0.275609319118778,0.2857142857142857,-0.75,24.148377585317174,-2986920.2,-2676606.95,59.07333333333333,59.45666666666666,60.10333333333333,60.48666666666666,58.42666666666666,58.04333333333333,57.39666666666666,-0.021464226289517455,-0.05692751763951246,0.3886010300536025,0.3580686900196847,0.6067124524850026,1.2341120822600251,0.3532722982224547,0.43132487559133503,0.11650485436893633,-0.002555196030996729,0.0007264412595418094,-0.05998206515935015,0.22615803814713897
533,533,2014-09-26,59.13,59.99,58.72,59.67,3426099,M,0.0,0.272213269175878,1.0182616186610542,0.03127727624614536,0.7952567999644659,0.07731103939923059,0.34821948470232894,-0.04323485828416472,828571.5013734462,59.39154149364651,59.92824905297297,-10313.929999999948,-0.09439094967016293,59.124000000000045,60.378500000000045,-0.2209830170563052,-0.010208620319240556,-0.21077439673706466,0.35714285714285715,0.8599999999999994,24.22830803458036,-695040.8,-2350258.55,59.46,60.2,60.73,61.47000000000001,58.93,58.19,57.66,0.012385476756023145,-0.0420613260555466,0.5263525335342913,0.4249538637907433,0.462309420194275,1.166981148091612,0.4848586975026341,0.46148741087435,0.7480314960629926,-0.0020806962908246408,0.0006237891047063888,-0.05702629523554376,0.22752043596730243
534,534,2014-09-29,59.04,59.31,58.82,58.92,3139727,M,-0.0,0.2775288342829321,0.9958267361729138,0.031419574346444275,0.3923298611547036,0.07432346827224832,0.21173287584046455,-0.0403623967473046,-18732.61008470564,59.23436099576435,59.83222533364221,5746.839999999971,-0.4390181302260423,59.12000000000005,60.210000000000065,-0.2687813192001087,-0.06192316009541421,-0.20685815910469446,0.35714285714285715,-0.75,24.195388929894296,-505610.0,-2340942.5,59.01666666666667,59.21333333333335,59.50666666666668,59.70333333333335,58.723333333333336,58.52666666666667,58.23333333333334,0.0047748976807640035,-0.05303760848601731,0.5263525335342915,0.4249538637907434,0.4643813088404467,1.118754006168019,0.3912663425527772,0.4369725748532751,0.20408163265306328,-0.0019312918726482602,0.0005196274374674919,-0.06908999440438818,0.22888283378746593
535,535,2014-09-30,58.9,59.08,57.86,58.18,4322355,M,-0.0,0.2842383882313889,1.0257165046831918,0.04112861166745707,0.1507039022077453,0.07341172175667714,0.08504440085234592,-0.04422598410566892,-426235.42500075477,58.88290733050957,59.674870539961994,-1335421.4400000018,-0.9014214931294458,59.02800000000007,60.00800000000007,-0.36219843547573305,-0.12197821517147801,-0.24022022030425505,0.35714285714285715,-0.7400000000000021,24.241661596528452,-720720.8,-2291848.2,58.37333333333334,58.88666666666667,59.59333333333333,60.10666666666667,57.66666666666667,57.15333333333334,56.44666666666667,-0.023169912693082648,-0.05689739017668988,0.20479619680196084,0.2800487433137661,0.6069349223766646,1.1013226497936714,0.3482759223575893,0.4203366231498406,0.2622950819672136,-0.00230611955711023,0.00040587678418564904,-0.09215396499675904,0.23024523160762944
536,536,2014-10-01,58.34,58.66,57.65,57.76,4698365,M,-0.0,0.29353194242497016,1.023620970725433,0.049989203857678084,0.19039472956734568,0.07593796960853992,0.04832313530869235,-0.050375105687679715,-1069668.8453237615,58.50860488700638,59.49250191710848,-1808020.0800000057,-1.3055002407315024,58.66800000000005,59.811500000000066,-0.4647651398458024,-0.1905356001063429,-0.27422953973945946,0.35714285714285715,-0.4200000000000017,24.31873005390381,-2364366.2,-2286711.2,58.02333333333333,58.39666666666667,59.03333333333334,59.40666666666666,57.38666666666667,57.01333333333334,56.37666666666667,-0.017854106444482303,-0.07480378023386196,0.1725191518890775,0.2573613785787633,0.7331916529805652,1.1354909673102975,0.2684875786014291,0.3906770296202471,0.10891089108910856,-0.002918654227339167,0.00028152611937759823,-0.1175518476642746,0.2316076294277929
537,537,2014-10-02,57.92,58.62,57.25,58.35,3681769,M,0.0,0.28274152664586777,1.0698048412953745,0.05051556663181166,0.4236228411943609,0.06700770085152563,0.18516546188105765,-0.0515746940926166,643379.9597456725,58.4557365913376,59.3836922107172,-108899.62000000107,-1.7061413988557477,58.576000000000064,59.607500000000044,-0.4927616730149964,-0.25098081468807365,-0.24178085832692275,0.42857142857142855,0.5900000000000034,24.395943724417425,-1010515.8,-2370014.35,58.07333333333333,58.89666666666666,59.44333333333333,60.26666666666666,57.526666666666664,56.70333333333333,56.15666666666666,-0.022121669180492715,-0.05628335759340121,0.1214682527098916,0.2176665846602128,0.7397499577562507,0.9985403821268292,0.4466316217440192,0.4299382370877664,0.8029197080291997,-0.0029715917244523037,0.0001607726794097133,-0.12435124164651735,0.2329700272479564
538,538,2014-10-03,58.91,59.92,58.68,59.6,4151297,M,0.0,0.2758659598920627,1.136497529122658,0.04877475697240501,0.8634011849766553,0.057206988072963386,0.5305559990531137,-0.04564177471955837,1215088.9841274684,58.837157727558406,59.404292952553654,-1006605.120000002,-1.7384190727694755,58.56200000000005,59.496000000000045,-0.4093656614180432,-0.28265778403406755,-0.12670787738397565,0.5,1.25,24.542069297262525,-865476.2,-1904377.8,59.4,60.12,60.63999999999999,61.36,58.88,58.16,57.63999999999999,0.01154107264086897,-0.0171503957783641,0.6255847981674318,0.5087118313837935,0.7140868294544963,0.8508967405972583,0.5450662424530021,0.4596522605909285,0.7419354838709681,-0.0019528541540655886,6.3643415120307e-05,-0.1024558389053208,0.2343324250681199
539,539,2014-10-06,59.73,59.8,58.34,58.51,3695958,M,-0.0,0.27852850062190776,1.1796311919063025,0.046899784545606726,0.5109381290554337,0.05612377394719918,0.23613650650938264,-0.04502722352638278,-202748.72453716156,58.7281051517056,59.3191221951676,2270.239999999952,-1.8923004865610724,58.48000000000005,59.38950000000004,-0.42631333710228597,-0.31138889464771125,-0.11492444245457477,0.42857142857142855,-1.0900000000000034,24.78156558029644,-976722.4,-1845215.85,58.88333333333333,59.42666666666666,60.34333333333333,60.88666666666666,57.96666666666667,57.42333333333334,56.50666666666668,0.005672052251632835,-0.031772298527221604,0.5169672235605683,0.4562484515163098,0.6856748500567711,0.833290718209297,0.4021902803567949,0.4269652220741143,0.11643835616438035,-0.0014868415105522507,-2.932737002706184e-05,-0.10430375152151283,0.23569482288828336
540,540,2014-10-07,57.6,58.7,57.17,57.36,6958712,M,-0.0,0.2863304806648481,1.2263470329854624,0.058509658372131165,0.21981646998027765,0.06149631843300976,-0.014989047388267738,-0.05041650328594376,-1526434.4007023831,58.27207010113707,59.132539128961156,-6288609.600000005,-2.4847782533330425,58.316000000000045,59.236000000000026,-0.5264710506770882,-0.3544053258535867,-0.17206572482350152,0.35714285714285715,-1.1499999999999986,25.06351155064516,-1503993.8,-2040513.3,57.74333333333334,58.31666666666668,59.27333333333334,59.84666666666668,56.786666666666676,56.21333333333334,55.25666666666668,-0.006925207756232663,-0.042563845768652936,0.2815009356551717,0.32143456795833497,0.853012309407301,0.9106989796744419,0.30952118908317866,0.3981288205942887,0.12418300653594612,-0.0019737630173096744,-0.00013344100256726618,-0.12451990055154907,0.23705722070844687
541,541,2014-10-08,57.65,58.11,56.19,57.98,7633302,M,0.0,0.29354981765093124,1.3188340952540676,0.0563593835594381,0.3844680565221801,0.06340156670026444,0.1907618155881368,-0.05248666877644191,1834925.0829125657,58.174713400758044,59.02277349763152,-2086792.3200000045,-2.8069592519476085,58.36000000000006,59.13950000000003,-0.5494838342393678,-0.393421027530743,-0.15606280670862474,0.2857142857142857,0.6199999999999974,25.393638930811502,962339.6,-1458300.95,57.42666666666667,58.66333333333334,59.34666666666666,60.58333333333334,56.74333333333334,55.50666666666667,54.82333333333334,-0.006341045415595622,-0.0307589434971582,0.18349414190878965,0.24869235201429504,0.8222834061322026,0.9373842384675728,0.5171113482776742,0.4490014726011818,0.9322916666666654,-0.0021575845058861656,-0.0002341217256414439,-0.12723778681459644,0.23841961852861038
542,542,2014-10-09,57.77,58.13,56.39,56.4,5392441,M,-0.0,0.3029115966210341,1.3749895492201922,0.0829852482504736,0.17364110461776633,0.07487862881517922,-0.08170340569361205,-0.05822983769275536,-752720.6926588946,57.58314226717203,58.77298554547613,1503620.1600000013,-3.4649763753947527,57.97000000000005,58.96850000000004,-0.6872917548737618,-0.4521951729993468,-0.2350965818744151,0.2857142857142857,-1.5799999999999983,25.659821575230037,-852502.4,-1409705.4,56.973333333333336,57.55666666666667,58.71333333333334,59.29666666666667,55.81666666666667,55.23333333333333,54.07666666666667,-0.05369127516778528,-0.053532471891257,0.1915362305705649,0.2527708694961049,1.2026637102699895,1.1038701058219749,0.346656607664043,0.4067867729664769,0.005747126436780459,-0.003121423578950153,-0.0003523402974006143,-0.1530584846804987,0.23978201634877383
543,543,2014-10-10,56.48,57.34,55.91,56.68,4863559,M,0.0,0.31614348732512204,1.3823242759908339,0.061239118606478786,0.2991046818638382,0.08192758626019662,0.0553228217141872,-0.06283045197174922,72219.36659086763,57.28209484478135,58.57365358876412,3600665.899999992,-3.8431237598617103,57.386000000000045,58.82300000000005,-0.7650923564548506,-0.5147746096904475,-0.2503177467644031,0.2857142857142857,0.28000000000000114,25.89244399061452,-710050.0,-975938.9,56.64333333333334,57.37666666666668,58.07333333333335,58.806666666666686,55.94666666666667,55.21333333333333,54.51666666666666,-0.031276704836780016,-0.048514352862178964,0.1439105279691502,0.21904388178110332,0.8785670150878486,1.2048066016458876,0.4105915845965414,0.4193272268231494,0.5384615384615381,-0.003782303797718658,-0.0004762580075967132,-0.1669304513423139,0.24114441416893734
544,544,2014-10-13,56.58,56.6,54.84,54.99,5520916,M,-0.0,0.3188440256288735,1.4433477058587223,0.07958121698952718,0.1249021138670711,0.09987084482468324,-0.1158754773777007,-0.07748490789580233,-1173133.9547983713,56.51806322985423,58.23235324697706,-181149.74999999962,-4.366459482894239,56.682000000000045,58.59400000000005,-0.9521430573351282,-0.6022482992193837,-0.34989475811574444,0.2857142857142857,-1.6899999999999975,25.996685135609773,-1075041.6,-1070358.7,55.47666666666667,56.11333333333333,57.23666666666666,57.87333333333333,54.35333333333333,53.71666666666667,52.59333333333333,-0.04131799163179912,-0.08715139442231075,0.08103075859767228,0.16207285739756067,1.1277056353500958,1.4629580704143736,0.3021368139734516,0.387508183575923,0.08522727272727201,-0.005120916443681134,-0.0006253300985401495,-0.2003477948698152,0.2425068119891008
545,545,2014-10-14,55.49,57.34,55.37,56.58,5610908,M,0.0,0.3241873211024609,1.5642346784108927,0.07518909565974724,0.5127054673437483,0.10101436431872557,0.1896794275965766,-0.07529121204343041,289084.22124185297,56.53870881990282,58.07498627107449,-74734.90000000107,-4.700508786275237,56.526000000000046,58.41100000000005,-0.9610045117873796,-0.6739995417329829,-0.2870049700543966,0.2857142857142857,1.5899999999999963,26.187959569946603,1438882.4,-986036.6,56.43000000000001,57.490000000000016,58.40000000000001,59.46000000000002,55.52000000000001,54.46,53.55,-0.02414625733011381,-0.0667986145472539,0.3542267853133252,0.308971412690758,1.062534705315719,1.475087508555271,0.4061622753054817,0.4090991373276962,0.6142131979695418,-0.005127405660423826,-0.0007658565718437568,-0.19494318716832665,0.2438692098092643
546,546,2014-10-15,55.6,56.72,54.84,56.0,9802537,M,0.0,0.32393574073869325,1.6063367212894395,0.04904229619552264,0.4527743967603276,0.10119173905030762,0.12979538434507568,-0.07832478403286286,1183153.0487789514,56.359139213268534,57.87736853097215,4324437.209999992,-5.3616070804957845,56.13000000000004,58.17950000000004,-1.003263434656951,-0.7398523203177766,-0.2634111143391743,0.2857142857142857,-0.5799999999999983,26.405167103106994,-2048285.4,-1627058.7,55.85333333333333,56.86666666666666,57.73333333333332,58.74666666666666,54.98666666666666,53.973333333333336,53.10666666666667,-0.0070921985815602575,-0.07529722589167771,0.2728833330925298,0.2690473441540379,0.6881860213636719,1.4718211955193439,0.4764486090689026,0.42890124582941497,0.6170212765957444,-0.004917954378127142,-0.0009043177693710576,-0.19807760660913265,0.2452316076294278
547,547,2014-10-16,55.08,57.14,54.97,56.57,6097326,M,0.0,0.32066673823574354,1.6814918251175148,0.0504773467018159,0.6432093865417566,0.09664544091038876,0.24837167312106434,-0.07688212495612065,1632230.1030733353,56.42942614217903,57.75285724230814,-4864.1799999990335,-6.0749600449569865,56.16400000000005,57.98000000000004,-0.9794689903563878,-0.7877756543254989,-0.1916933360308889,0.2857142857142857,0.5700000000000003,26.59747401568481,249668.0,-1150067.6,56.22666666666667,57.48333333333333,58.39666666666668,59.65333333333334,55.31333333333333,54.05666666666666,53.14333333333333,-0.0019407198306280774,-0.058735440931780375,0.4205164450399245,0.3479548393982175,0.7087524250401976,1.400875665996086,0.5634081356926325,0.4582751451732891,0.7373271889400922,-0.004151806277863061,-0.001028825903553125,-0.19022282486957992,0.24659400544959126
548,548,2014-10-17,57.01,57.38,56.08,56.21,4532964,M,-0.0,0.31752593190950745,1.63062624843518,0.046521273663549134,0.5536717657265915,0.0941762096381217,0.21049349603776726,-0.07940167092217293,-407143.64566920185,56.35628409478603,57.6059184573264,-1106610.3300000043,-6.7875964579192605,56.070000000000036,57.78550000000005,-0.9783825284074509,-0.8258970291418893,-0.15248549926556165,0.35714285714285715,-0.35999999999999943,26.730532102236317,-1629636.6,-975050.9,56.55666666666667,57.03333333333335,57.85666666666667,58.33333333333335,55.73333333333334,55.25666666666667,54.43333333333334,0.022185851973085997,-0.04631828978622322,0.5014900529082734,0.39226048818770703,0.6521119535788005,1.3605048405109217,0.4089387571284222,0.4241537027758331,0.10000000000000164,-0.00349517731830347,-0.0011442677875071793,-0.18850927042415294,0.24795640326975477
549,549,2014-10-20,56.2,57.22,56.12,57.07,3689105,M,0.0,0.31136681173945024,1.559876081977156,0.028967170471617076,0.8569159450238812,0.09298381700125287,0.3840508899098011,-0.07161176001922946,803102.7240796031,56.59418939652401,57.554878604247705,-1204110.5,-6.953421338055004,56.486000000000026,57.692000000000036,-0.8977776647334109,-0.8402731562601938,-0.0575045084732172,0.42857142857142855,0.8599999999999994,26.779359926641714,212367.6,-586251.6,56.80333333333334,57.48666666666667,57.90333333333334,58.58666666666667,56.38666666666667,55.70333333333333,55.28666666666667,0.008660303994344327,-0.02677353342428377,0.5014900529082734,0.3922604881877071,0.4090598978149407,1.341105592609071,0.5605046259644032,0.46600919428636,0.8636363636363651,-0.002353404198522325,-0.001236706313171883,-0.1721831429546364,0.24931880108991827
550,550,2014-10-21,57.68,58.69,57.61,58.38,4011883,M,0.0,0.3077058414480014,1.5678926043802015,0.06675202505674623,0.904260215761078,0.09241950137710957,0.6315033070510041,-0.05526479172560165,915214.9317219841,57.18945959768268,57.63346159431935,-1130745.770000001,-6.788164542258474,56.84600000000004,57.679000000000045,-0.7198931970146205,-0.8161971644110791,0.09630396739645863,0.5,1.3100000000000025,26.72712192695259,-107437.4,-223317.4,58.22666666666667,58.84333333333333,59.30666666666666,59.92333333333333,57.76333333333334,57.14666666666667,56.68333333333334,0.04250000000000005,-0.01981195433176628,0.8138156856815464,0.6156672277494472,0.9486464040939496,1.3326661049825763,0.6113240716305911,0.4895286008269893,0.712962962962967,-0.00041966521428889777,-0.0012897045546737664,-0.13740637531391353,0.2506811989100818
551,551,2014-10-22,58.39,58.98,57.55,57.62,3539254,M,-0.0,0.3050815929181753,1.5495069237961745,0.0601693846242056,0.6308183754930087,0.08731922870226942,0.507557653218769,-0.052385832158990314,-681696.4375404876,57.332973065121784,57.632179537717505,-82418.04999999957,-6.5768154853483365,57.17000000000004,57.582000000000036,-0.6329478938501651,-0.7795473102988965,0.1465994164487313,0.42857142857142855,-0.7600000000000051,26.73810388856029,1145219.2,-576273.2,58.05,58.55000000000001,59.48,59.98000000000001,57.12000000000001,56.62000000000001,55.69000000000001,0.01856107477461547,-0.020234653970413283,0.8412802907349016,0.6460065165084793,0.8599709297414592,1.2570039567835205,0.4238663974040771,0.4475688339816616,0.04895104895104916,0.0007695985468486071,-0.0013220377245147625,-0.12000004106602148,0.25204359673024523
552,552,2014-10-23,58.23,59.09,57.96,58.39,4902959,M,-0.0,0.2972615766731845,1.538906000623352,0.06432501776477167,0.7312966170649301,0.08608502690751849,0.6673010168998277,-0.03681881604307286,-629880.9163892532,57.68531537674786,57.70435291507774,8910.759999998227,-6.2667111780092695,57.53400000000003,57.56100000000005,-0.4961907714979432,-0.7228760025387059,0.22668523104076266,0.42857142857142855,0.7700000000000031,26.779040437705692,906345.8,-176751.1,58.48,58.99999999999999,59.60999999999999,60.13,57.86999999999999,57.35,56.73999999999999,0.038783134673545626,-0.021451315568962646,0.8528103185946402,0.6581051384207676,0.925218893019594,1.2387850584559188,0.4094212560864936,0.4411842758359153,0.3805309734513263,0.0018999799198218177,-0.0013258766468636591,-0.09433439766172266,0.2534059945504087
553,553,2014-10-24,58.58,59.09,57.56,58.98,6767912,M,0.0,0.28934343573920057,1.5377185338735722,0.0513866704101829,0.7988325853003828,0.0824258025037061,0.8065377040639715,-0.01761151036397853,1665112.8631251908,58.11687691783191,57.825843113641774,4390974.879999998,-5.647473281581787,58.08800000000005,57.52650000000004,-0.33632475516502325,-0.6455657530639693,0.3092409978989461,0.5,0.5899999999999963,26.77988298202392,3166521.0,-9660.45,58.54333333333333,59.526666666666664,60.07333333333332,61.05666666666666,57.99666666666666,57.01333333333333,56.46666666666666,0.033467671280883064,0.0010183299389001216,0.6225693610186367,0.5738228279806998,0.7462372276966766,1.185416981932363,0.5823156957787939,0.4875576376766276,0.9281045751633944,0.003028685029293629,-0.0012986958446838106,-0.0652355764168974,0.2547683923705722
554,554,2014-10-27,58.89,59.0,57.53,58.49,4577774,M,0.0,0.28268724084767066,1.5286893960237624,0.033386303145241415,0.5605492964276195,0.0808618743148081,0.7118296843134901,-0.0012377680092208244,1054703.6232442842,58.241251278554614,57.889096150437794,-32518.500000000466,-5.062778895702108,58.37200000000005,57.50500000000004,-0.2463291611131453,-0.5657184346738046,0.3193892735606593,0.5,-0.4899999999999949,26.71929892697618,1513145.2,-81562.8,58.34,59.15000000000001,59.81,60.62000000000001,57.68000000000001,56.87000000000001,56.21000000000001,0.0018842069201781332,0.0053282915091096995,0.6054073904178062,0.5673821915870089,0.4872063217985083,1.1624905206182607,0.6058975386824615,0.5033198840397866,0.653061224489797,0.003427495521819973,-0.0012551655757648491,-0.048761815788472565,0.2561307901907357
555,555,2014-10-28,57.66,57.7,56.85,57.27,6228065,M,-0.0,0.2724103193780442,1.5435308098872609,0.04762518087825337,0.1822421305022472,0.08022664988960841,0.4588917759866505,0.004009217786294473,239907.91459470964,57.91750085236973,57.83013461230086,923138.3699999966,-4.609974577317179,58.15000000000005,57.45950000000003,-0.2703345599487008,-0.5066416597287838,0.23630709978008305,0.5,-1.2199999999999989,26.644429778473533,-534844.4,-176848.3,57.27333333333334,57.69666666666668,58.12333333333334,58.54666666666668,56.84666666666668,56.42333333333334,55.99666666666668,-0.006074279763970745,-0.008483379501384955,0.3229231291557617,0.4362232056350452,0.6923510670176091,1.1524457973329894,0.5686375748079159,0.5024434805177902,0.4941176470588247,0.002589864419480139,-0.0012173368651478302,-0.0520327524295468,0.25749318801089915
556,556,2014-10-29,57.45,58.13,57.05,57.45,5128982,M,-0.0,0.26390574119907595,1.4817267019022933,0.050115947617954036,0.27133348789160217,0.08009707605383312,0.5013040370012523,0.010458068362832546,-515011.6424491871,57.76166723491316,57.79393131589126,-573256.3199999995,-4.110324226125904,58.116000000000035,57.44400000000004,-0.2717024985241636,-0.4596538274878598,0.18795132896369612,0.5714285714285714,0.17999999999999972,26.546405190608038,1198802.8,314519.05,57.54333333333333,58.03666666666666,58.62333333333334,59.11666666666667,56.95666666666666,56.46333333333333,55.87666666666665,-0.016098647028600747,-0.01542416452442157,0.5208502741556392,0.519271779232406,0.7281346029412548,1.1502741092090982,0.5025485066620685,0.4898650890751791,0.3703703703703738,0.0016289650951523402,-0.0011810355600043888,-0.051956566641550815,0.25885558583106266
557,557,2014-10-30,57.4,58.24,57.0,57.9,3475682,M,0.0,0.2638476695332936,1.449496474981988,0.04928757283427556,0.4587350026314477,0.07912933100806528,0.6053100732519346,0.02245285724371636,145512.88759577658,57.80777815660877,57.80403309533018,-1734001.2899999875,-3.480577111455309,58.018000000000036,57.421500000000044,-0.23378048460436676,-0.4144791589111612,0.18069867430679448,0.6428571428571429,0.4499999999999957,26.448757229793262,913347.4,304214.7,57.71333333333334,58.42666666666668,58.95333333333335,59.66666666666668,57.18666666666668,56.473333333333336,55.94666666666667,-0.018311291963377392,-0.02852348993288595,0.5662600229325986,0.5397681310340773,0.7148916001747504,1.135931220119906,0.5769678216456793,0.5123356950311527,0.7258064516129009,0.001111149421362822,-0.0011391846904199032,-0.04519811971397709,0.26021798365122617
558,558,2014-10-31,58.8,58.99,57.68,57.82,5680468,M,-0.0,0.2540173986962869,1.4308969449843898,0.03263162498171853,0.5180309073821027,0.07116989983604909,0.6194750953267025,0.027562967130141083,-1518041.660191814,57.81185210440585,57.805553752917795,204049.81999999855,-2.9734871046831577,57.78600000000004,57.332500000000046,-0.2077871063526331,-0.3731407483994557,0.16535364204682254,0.7142857142857143,-0.0799999999999983,26.324169659576224,-1576328.6,-187373.55,58.16333333333333,58.64666666666667,59.473333333333336,59.95666666666667,57.33666666666666,56.85333333333333,56.026666666666664,-0.011454949564028068,-0.011792855922064568,0.7722716092747425,0.6574521397169837,0.471412770298397,1.020087070587572,0.4202686240996641,0.4737199363622462,0.10687022900763384,0.0007657324765433459,-0.0010944625992367811,-0.040820159879275786,0.2615803814713896
559,559,2014-11-03,57.96,58.0,56.95,57.25,5436758,M,-0.0,0.2550688768598555,1.380110685653137,0.021231281952319502,0.2642446765582293,0.06856878342637593,0.4950342508630485,0.02718341855169444,-1380856.4981069204,57.6245680696039,57.752643871687525,-1274699.399999997,-2.7100253180093903,57.538000000000025,57.26950000000005,-0.23052406519980906,-0.3446174117595264,0.11409334655971733,0.6428571428571429,-0.5700000000000003,26.286123181200693,-1748125.4,-274413.55,57.4,57.85,58.45,58.89999999999999,56.8,56.35,55.75,-0.00034922297887206435,-0.0019177126917712594,0.4688333561644232,0.5080227055261225,0.30540137524314004,0.98172498560921,0.375417177971204,0.4558146363005354,0.28571428571428376,0.0001667210143143896,-0.0010561735355894546,-0.04522987315455987,0.26294277929155313
560,560,2014-11-04,56.55,56.7,55.64,56.3,10048697,M,0.0,0.24854888675307435,1.4107625942327189,0.04474247308717001,0.09309546561938507,0.0702539245564732,0.27199698428006897,0.014895253770591137,326419.711253115,57.18304537973594,57.61429683628871,-6639708.080000014,-2.4835135904861496,57.34400000000004,57.216500000000046,-0.3214943427558552,-0.33999279795879217,0.01849845520293697,0.6428571428571429,-0.9500000000000028,26.182916626205863,-2512251.8,-428912.8,56.21333333333333,56.78666666666666,57.27333333333333,57.84666666666666,55.72666666666666,55.15333333333333,54.66666666666666,-0.02001740644038304,-0.028975508796136595,0.23593427684734056,0.3427891678441825,0.6414280941776697,1.004920918596363,0.4578252884587886,0.4717029099322899,0.6226415094339577,-0.0009676205638931504,-0.0010367102943567798,-0.06218695803980433,0.26430517711171664
561,561,2014-11-05,57.39,57.39,56.45,57.2,5171061,M,0.0,0.248391273547482,1.3679942483350236,0.044740684507940776,0.4633295629884474,0.0691695790935684,0.5056890823805672,0.014064005584133591,1191130.979732031,57.18869691982396,57.574839994737395,13284.849999999244,-2.276105324092268,57.29400000000004,57.177500000000045,-0.31730872724842385,-0.3354559838167185,0.01814725656829469,0.6428571428571429,0.9000000000000057,26.061358946800194,-2503836.0,-552024.85,57.01333333333334,57.57666666666668,57.95333333333333,58.51666666666668,56.63666666666669,56.07333333333335,55.69666666666669,-0.012089810017271085,0.014184397163120643,0.4407837607291921,0.4534456576445147,0.6408431945494901,0.9887359021556276,0.571174305781037,0.5027666652173608,0.7978723404255339,-0.0013546790158504316,-0.0010176098736223193,-0.061631971818499866,0.2656675749318801
562,562,2014-11-06,57.58,59.15,57.33,59.04,5538566,M,0.0,0.2536376604882186,1.4455950152236865,0.07009340248023947,0.8764962472905508,0.0735356437395798,0.9106266060671572,0.019807105459389927,2005639.976914961,57.80579794654931,57.714379042857644,-12357758.940000007,-1.6373267892827477,57.52200000000005,57.30950000000005,-0.16363271820700476,-0.3010913306947758,0.13745861248777105,0.6428571428571429,1.8399999999999963,25.98695375895349,-2091259.2,-5474.5,58.50666666666666,59.68333333333332,60.32666666666667,61.50333333333332,57.86333333333332,56.68666666666666,56.04333333333332,0.02109996540989275,0.04163726182074805,0.7143073661929581,0.6374573798709761,1.0079781743670846,1.053572743723363,0.6939696837075046,0.5443660722976541,0.93956043956044,-0.00018703786326676022,-0.0009712765284211168,-0.032569018783027336,0.2670299727520436
563,563,2014-11-07,59.04,60.26,58.58,59.88,6480237,M,0.0,0.25867830676450043,1.4768490131938616,0.1017476511269724,0.830129951986381,0.0826471792443418,1.007506584785136,0.02365183913935235,1736400.2698192147,58.49719863103289,57.92062865782359,3508591.68,-1.1136896854754608,57.93400000000005,57.469500000000046,0.025642020708140482,-0.2357446604141925,0.261386681122333,0.6428571428571429,0.8400000000000034,25.950245194341306,340881.8,75359.4,59.57333333333333,60.56666666666666,61.25333333333333,62.24666666666666,58.88666666666666,57.89333333333333,57.20666666666666,0.045938864628821005,0.0889252591380251,0.8004759057909986,0.7101842774200714,1.4736621050975058,1.1874230168956763,0.7205829637415119,0.5662178295844991,0.7738095238095265,0.0016877743288441706,-0.000892634253103449,0.0024908005710359555,0.2683923705722071
564,564,2014-11-10,59.85,60.11,59.16,59.26,6047425,M,-0.0,0.2543660492474554,1.4066024781013469,0.10381429928889298,0.6525731621492425,0.07618903754559933,0.8588321660420739,0.02692004711297405,-1179820.033210702,58.75146575402192,58.048187833268955,111948.97999999943,-0.6041150100392682,58.33600000000005,57.68300000000005,0.12418328885295438,-0.16375907056076314,0.2879423594137175,0.5714285714285714,-0.6200000000000045,25.8163898585272,218748.4,49033.95,59.51,59.86,60.46000000000001,60.81,58.91,58.56,57.96,0.052575488454706935,0.04736656062212796,0.8004759057909986,0.7101842774200713,1.5140277408292164,1.0987030631857022,0.5154763617925873,0.5223173846616647,0.10526315789473804,0.002819409935158164,-0.0008003406506647733,0.02080867951862923,0.26975476839237056
565,565,2014-11-11,58.88,59.4,58.23,58.59,10003487,M,-0.0,0.2613944505038637,1.3750554810211677,0.06836941579803721,0.4492500883635013,0.07506189457776477,0.6859435019321647,0.026838940484104432,-1970675.8240147624,58.69764383601461,58.099788992005266,-4544992.499999997,-0.2773989787593081,58.79400000000004,57.783500000000046,0.1465254984951727,-0.10170215674957596,0.24822765524474866,0.5714285714285714,-0.6699999999999946,25.646250214365395,227790.4,-731685.8,58.74,59.25000000000001,59.91,60.42000000000001,58.08000000000001,57.57,56.91,0.024300699300699308,0.04625000000000006,0.5353290252441063,0.5751665189274676,1.0049278581074506,1.0843347463335686,0.4462150104258291,0.501876901140774,0.3076923076923128,0.0028984980281459463,-0.0007094436918820032,0.025339290915181098,0.27111716621253407
566,566,2014-11-12,59.21,61.8,59.0,61.57,17134036,M,0.0,0.2687385671759933,1.6197147502183444,0.07778587176273756,0.9097965598161016,0.08932948307461294,1.1763519903719741,0.0429823559033388,3665243.500112168,59.65509589067642,58.43028527848095,25610071.410000026,0.5205082589935213,59.668000000000035,58.06200000000005,0.4000810701693212,-0.001345511365796515,0.4014265815351177,0.5714285714285714,2.979999999999997,25.60667624535061,2620385.4,615142.85,60.79,62.58,63.59,65.38,59.78,57.99,56.98,0.04285230352303525,0.088386070355312,0.7884710899967831,0.7310886890395548,1.1603318490847572,1.2966621115695451,0.6034290545696007,0.5414940670185234,0.917857142857144,0.0044415383342770185,-0.0005771959817097447,0.06909009944199118,0.2724795640326976
567,567,2014-11-13,60.98,61.97,60.68,61.57,7326006,M,0.0,0.2774538777837993,1.575752783522565,0.08997653255897711,0.7578382138140627,0.100490253696313,1.0559928416368825,0.05626624045183525,1966966.298872707,60.29339726045095,58.729305728149434,-7978893.37999999,1.2306473812726275,60.174000000000035,58.31200000000005,0.5941763919063874,0.1177588692886403,0.4764175226177471,0.5714285714285714,0.0,25.499919177416626,1512672.2,310276.55,61.40666666666666,62.13333333333333,62.69666666666666,63.42333333333333,60.84333333333333,60.11666666666667,59.55333333333334,0.02822311289245153,0.09535669809642412,0.7993129509927953,0.7391044391726899,1.353561967550973,1.4649469183848522,0.6322601965864525,0.5556301064091551,0.6899224806201559,0.005834293239891991,-0.0004170938426853837,0.10203434156201567,0.273841961852861
568,568,2014-11-14,61.35,62.43,61.3,62.05,5356149,M,0.0,0.2858274115048721,1.51631907905289,0.10340670752148616,0.730084094336133,0.10918991375844143,1.0385245301162995,0.07451280923158307,766004.0462127053,60.8789315069673,59.04556232546853,-5653385.7599999625,1.934819643047864,60.60800000000004,58.604000000000035,0.7777647335305247,0.24976004213701725,0.5280046913935075,0.6428571428571429,0.4799999999999969,25.378953714318808,1287854.6,804732.2,61.92666666666666,62.55333333333331,63.05666666666666,63.68333333333332,61.42333333333331,60.79666666666665,60.29333333333331,0.04708066149173134,0.08726125810408265,0.8319436247704932,0.7618093303086491,1.5668184323655592,1.5997414264749268,0.6427457357773986,0.5659240785758346,0.6637168141592905,0.006890189839475535,-0.00023293309000794413,0.1333502770621625,0.27520435967302453
569,569,2014-11-17,61.68,62.2,61.5,61.61,4124431,M,-0.0,0.2876108259313417,1.4074765351791718,0.09204832691161996,0.5946260966197644,0.11491671364763074,0.9110542270267818,0.08797738886824287,-1252833.2389036615,61.12262100464486,59.28979448494772,-128062.99999999725,2.885724292008783,61.078000000000046,58.83100000000004,0.8776386224550663,0.3753357582006272,0.5023028642544392,0.6428571428571429,-0.4399999999999977,25.162922906353003,1672453.4,414055.4,61.77,62.040000000000006,62.47,62.74000000000001,61.34,61.07,60.64,0.05154463218979341,0.05532716683795815,0.8319436247704933,0.7618093303086488,1.405531927776982,1.6901662951509424,0.4808781095658843,0.5269925336774556,0.1571428571428557,0.007022577113275174,-4.1967580850521415e-05,0.15116010056117754,0.27656675749318804
570,570,2014-11-18,61.0,61.65,60.96,61.45,5479609,M,0.0,0.29271975431472746,1.311812997155282,0.01502136175551537,0.2840328936056149,0.12097156320721948,0.8455284499010959,0.09976092781223243,-332171.04713062197,61.23174733642991,59.49552834352414,-74075.9999999993,3.782621096098372,61.65000000000005,58.98450000000004,0.9331222833223832,0.4868930632249785,0.4462292200974048,0.5714285714285714,-0.1599999999999966,24.8680485078424,2577229.0,-60519.2,61.35333333333333,61.74666666666666,62.04333333333333,62.43666666666666,61.05666666666666,60.66333333333333,60.36666666666667,-0.0019490011369172886,0.06646997570288105,0.6054420313762893,0.6666813448748763,0.2315167380568808,1.7838617924990603,0.5573003822226686,0.5444356188068633,0.7101449275362371,0.0064820464717468395,0.00014677673502929065,0.1628363412678794,0.2779291553133515
571,571,2014-11-19,61.73,62.3,61.61,61.97,5060079,M,0.0,0.3023679744514985,1.25023793086791,0.01709496965277213,0.727429413072802,0.12646608853159966,0.8697052524738796,0.10983459200863983,-588118.4400192513,61.477831557619936,59.73119231080754,336833.27999999945,4.456343961959627,61.73000000000005,59.20200000000004,1.007439997297368,0.5910024500394565,0.4164375472579115,0.5714285714285714,0.519999999999996,24.542845566561862,162437.6,369447.45,61.96,62.31,62.64999999999999,63.0,61.62000000000001,61.27,60.93000000000001,0.0064966704563910755,0.0613118684706285,0.7295328247552246,0.7169596499523332,0.2638181191664062,1.8717613433119416,0.5454466316267069,0.5422740484857128,0.5217391304347835,0.0059648235686915975,0.00033654769818090613,0.17825248620987175,0.27929155313351495
572,572,2014-11-20,61.65,63.44,61.55,62.85,5734753,M,0.0,0.31338878144480764,1.335539540085522,0.035042012349234535,0.8977691453597785,0.13657579559526384,0.9220050483298432,0.11938268695464466,-23892.862384248063,61.93522103841329,60.02822161454018,357201.5999999996,5.196514811759954,61.98600000000007,59.425000000000026,1.1243847589894855,0.6976789118294624,0.4267058471600231,0.5714285714285714,0.8800000000000026,24.336132513436823,1309388.2,411037.15,62.61333333333334,63.67666666666668,64.50333333333334,65.56666666666668,61.786666666666676,60.723333333333336,59.89666666666668,0.01289282836422247,0.06561546286876915,0.8473862082510795,0.7843754125200995,0.5430285443699137,2.0290041633121394,0.5929079836947012,0.5561365855661868,0.6878306878306899,0.005905257303331767,0.0005348587732224749,0.2007127572414364,0.2806539509536785
573,573,2014-11-21,63.46,63.95,63.0,63.33,4342309,M,-0.0,0.3268884219908056,1.3041342680741197,0.05234840588897332,0.8339195873448249,0.14783845708168927,0.9182045642636224,0.13085529215213668,-898133.2800745827,62.400147358942185,60.342676698869674,-976167.1999999995,5.919052770409103,62.24200000000005,59.64250000000003,1.241485244543263,0.8064401783722226,0.4350450661710403,0.6428571428571429,0.4799999999999969,24.18556251543228,1106620.2,289757.0,63.42666666666667,63.85333333333334,64.37666666666667,64.80333333333334,62.90333333333334,62.47666666666667,61.95333333333333,0.02791754585294593,0.08274918789536666,0.8801064598520146,0.8084920077258062,0.81456736983537,2.204363794123664,0.5110614628140103,0.5362539032315623,0.3473684210526287,0.006061189094074567,0.0007409135942597289,0.22417489511239708,0.28201634877384196
574,574,2014-11-24,63.54,64.94,63.33,64.36,5375220,M,0.0,0.3404197312355258,1.3449163656642371,0.07282773308644533,0.8428822080490613,0.1616922132137928,0.9564973460184792,0.14547001165302498,-274330.2669469351,63.053431572628114,60.72527891802495,-542894.8299999993,7.234253597923796,62.792000000000044,59.93600000000002,1.4012479013783548,0.9254017229734492,0.4758461784049056,0.7142857142857143,1.0300000000000011,24.180009262968017,3006550.4,787406.7,64.21,65.08999999999999,65.81999999999998,66.69999999999999,63.47999999999999,62.6,61.86999999999999,0.04735557363710328,0.1237995460101274,0.9242455935864112,0.8475966209077136,1.1432497539910198,2.4227961227954715,0.5539581594743509,0.5461108222376071,0.6397515527950319,0.006631631741267485,0.000961823270782386,0.2542756756784209,0.2833787465940054
575,575,2014-11-25,64.57,65.15,63.84,63.9,4512410,M,-0.0,0.3455979404833621,1.340260850242339,0.05873927316657515,0.6662569122245569,0.16535778194370568,0.8645002312993473,0.1504658047121025,-1776478.6028609476,63.335621048418744,61.027633306784466,96957.57000000004,8.087916385423696,63.282000000000046,60.26750000000003,1.4737542803644956,1.0350722344516583,0.4386820459128371,0.7142857142857143,-0.4600000000000009,24.231212906440444,3199990.2,873189.45,64.29666666666667,64.75333333333333,65.60666666666665,66.06333333333333,63.44333333333333,62.98666666666666,62.13333333333333,0.03114410198483137,0.1122715404699738,0.9317115804119812,0.8550180866194528,0.9292846711318028,2.491425030823072,0.3845726152220851,0.4984623179023638,0.045801526717553484,0.006635501931803275,0.001180181371332758,0.27019343791601713,0.284741144414169
576,576,2014-11-26,63.89,64.02,63.25,63.53,3576461,M,-0.0,0.3564977419311257,1.2642260702100263,0.03596426888828776,0.4720171080576308,0.1651247661913578,0.7957951366468962,0.13997910004759145,-1235603.6364873115,63.400414032279166,61.26595394423357,1492969.969999997,8.70495040958383,63.59400000000005,60.57150000000003,1.4842506823580381,1.1249079240329345,0.35934275832510343,0.6428571428571429,-0.36999999999999744,24.210658235062017,1472682.2,437917.3,63.6,63.95,64.37,64.72,63.18000000000001,62.83000000000001,62.41000000000001,0.010819411296738262,0.0972366148531952,0.671431131934115,0.7360133695077891,0.5717779289204433,2.5004636938399583,0.3775938646935124,0.4856217508294117,0.36363636363636703,0.005997028612367921,0.0013843039479306556,0.2762846291987815,0.28610354223433243
577,577,2014-11-28,64.24,65.74,64.16,64.91,3651117,M,-0.0,0.35393506728495233,1.3903292608486888,0.03998306582055119,0.8532414439846083,0.17043255850361969,0.8840859614433915,0.14172649213509989,-650476.1652443457,63.90360935485277,61.61300594954466,-869905.9299999983,9.368228028782056,64.00600000000004,60.92200000000002,1.5856452915283796,1.2170553975320235,0.3685898939963561,0.6428571428571429,1.3799999999999957,24.2820721646058,1055955.0,446689.05,64.93666666666665,65.71333333333331,66.51666666666665,67.29333333333331,64.13333333333331,63.35666666666666,62.55333333333331,0.02494868150955311,0.12262193012798335,0.8464743838391997,0.8215740186835981,0.6397890277275503,2.5957730822893805,0.4099570912302743,0.4845800168745914,0.474683544303798,0.0059369715472565076,0.0015915329089045212,0.29555027261444605,0.2874659400544959
578,578,2014-12-01,64.34,64.38,62.82,63.19,5759387,M,-0.0,0.35147288968375706,1.4836186927355302,0.0424304028131516,0.20971913862073044,0.16571472573059984,0.6971861030321059,0.133573306625797,-1256404.541231605,63.665739569901845,61.763195859111825,-742194.8400000073,9.800551559134957,63.978000000000044,61.19050000000003,1.5098075033680658,1.2756058186992318,0.2342016846688337,0.6428571428571429,-1.7199999999999989,24.36302435141965,-964384.2,442743.1,63.46333333333333,64.10666666666665,65.02333333333334,65.66666666666666,62.54666666666667,61.90333333333334,60.98666666666667,-0.01817899316345559,0.1037554585152838,0.5353830260133385,0.6327519842208549,0.6786530777949538,2.5350417312045685,0.35236455654667825,0.4610180616655338,0.2371794871794863,0.004812107067048575,0.0017687163321629996,0.2789340889087802,0.2888283378746594
579,579,2014-12-02,63.49,63.9,63.18,63.25,3887160,M,-0.0,0.3450347033688951,1.3818028670374591,0.044140043318228656,0.3201970967882798,0.15581916597797904,0.6836370769536694,0.11908817292383395,-1423141.7688020696,63.52715971326789,61.90479625348214,-391831.3799999992,10.265018411465213,63.756000000000036,61.490500000000026,1.4379709741442568,1.3080788497882372,0.1298921243560196,0.6428571428571429,0.060000000000002274,24.345954097442675,-1261996.2,908939.0,63.44333333333333,63.70666666666666,64.16333333333333,64.42666666666665,62.98666666666666,62.72333333333333,62.26666666666666,-0.010172143974960857,0.1234458259325045,0.5353830260133385,0.6327519842208549,0.703548150449247,2.3953496063922315,0.2673171117718597,0.4263708388614089,0.09722222222222276,0.0035294597622986773,0.0019182599290162683,0.2665729843455254,0.2901907356948229
580,580,2014-12-03,63.32,63.75,62.75,63.66,2805638,M,0.0,0.3324367235210054,1.3308958180991313,0.04391552930536132,0.4828434822309878,0.1360231215829576,0.7141027002439178,0.11014655996859833,366370.68314352643,63.57143980884526,62.07195851505527,-1388262.0299999963,10.476228851022821,63.70800000000004,61.858500000000035,1.3980082122265145,1.3260647222758928,0.07194348995062172,0.5714285714285714,0.4099999999999966,24.37122303247942,201613.4,1551655.75,63.38666666666666,64.02333333333333,64.38666666666666,65.02333333333333,63.02333333333333,62.38666666666666,62.02333333333333,0.0020462773492837317,0.11293706293706282,0.4348641805508309,0.5736603746628522,0.6994426352464902,2.1035465666098467,0.4815447411812387,0.4724307589698459,0.9099999999999966,0.002646557496151308,0.0020476743674309643,0.26103950922896085,0.29155313351498635
581,581,2014-12-04,63.4,63.4,62.01,62.5,4698744,M,-0.0,0.31948876742877563,1.3734430423525803,0.056095542004285036,0.21871150508699366,0.11572733679877828,0.5523688583083926,0.09299350204165296,-107866.34602911213,63.21429320589685,62.11272437076429,-608688.0,10.438020784725364,63.502000000000045,62.123500000000035,1.2582310259692946,1.312497983014573,-0.05426695704527873,0.5,-1.1599999999999966,24.449855830883287,-22843.2,1058165.5,62.63666666666666,63.26333333333333,64.02666666666667,64.65333333333334,61.87333333333333,61.24666666666666,60.48333333333333,-0.037128331535972836,0.05860433604336045,0.2994211489290083,0.4820936559299552,0.8905447770890277,1.7973468019047267,0.4385358226579965,0.4610104948404808,0.3525179856115121,0.001331774052942404,0.002139936228650675,0.2357790800400915,0.29291553133514986
582,582,2014-12-05,62.36,62.89,61.91,62.35,3644377,M,-0.0,0.3126455844560408,1.3209839700389034,0.03487129287241866,0.2086330309361616,0.1055952259171547,0.5092741516390914,0.07682297215887877,30597.118696101716,62.9261954705979,62.135322049739116,-1098748.089999996,10.263357106515343,62.990000000000045,62.28900000000003,1.12241435837781,1.274481258087221,-0.15206689970941056,0.42857142857142855,-0.14999999999999858,24.48754610639067,-1481942.0,599018.35,62.38333333333333,62.85666666666667,63.36333333333334,63.83666666666667,61.87666666666666,61.40333333333333,60.89666666666666,-0.013293242601677423,0.04124916499665997,0.28275955177239753,0.4701096796612133,0.5491356845084133,1.6443552567884132,0.4420170790509103,0.4598646945544101,0.4489795918367378,9.531943244433296e-05,0.0021982425056711434,0.21300510879485893,0.29427792915531337
583,583,2014-12-08,62.15,62.28,61.2,61.56,3555113,M,-0.0,0.3124286736525845,1.2981861073670495,0.052246426449963176,0.16279471791528247,0.09974297825061047,0.3693192613222733,0.05809901973320406,-174273.80371120165,62.470796980398596,62.08052947357349,1075013.139999997,9.65928770458751,62.664000000000065,62.37300000000002,0.9401942984884286,1.2076238661674623,-0.2674295676790337,0.42857142857142855,-0.7899999999999991,24.501837616269786,-1041087.2,97250.85,61.68000000000001,62.16000000000001,62.76000000000001,63.24000000000001,61.08000000000001,60.60000000000001,60.00000000000002,-0.026719367588932768,0.03881201484981445,0.18205887391364692,0.388975973301318,0.8184925167651239,1.5553171956063323,0.4057891638117179,0.4478140887238312,0.3333333333333333,-0.0012644251443161955,0.002216505697458345,0.18088872877851825,0.2956403269754768
584,584,2014-12-09,60.58,61.4,60.22,61.36,4249478,M,0.0,0.3061650011276641,1.3037612930514433,0.058527541898892525,0.2459844750367375,0.08943411456209692,0.2999164090706015,0.0372707842123897,1395254.2666840057,62.10053132026572,62.01190761894745,-599049.9900000012,8.944774717181804,62.286000000000065,62.478000000000016,0.7707604134071389,1.1202511756153977,-0.3494907622082588,0.42857142857142855,-0.20000000000000284,24.545444648603354,-2668414.8,187148.2,60.99333333333334,61.76666666666668,62.173333333333346,62.94666666666668,60.58666666666668,59.81333333333334,59.40666666666668,-0.036129437637448907,0.04727769243898269,0.10784238991137793,0.3035253115879344,0.9113616186786055,1.3969161524026736,0.5925600075128971,0.4971748131230146,0.966101694915255,-0.002382084744648126,0.0021999309505349013,0.15154585639578275,0.2970027247956403
585,585,2014-12-10,61.42,62.0,60.57,60.61,3818783,M,-0.0,0.2965547822280861,1.3205931206445842,0.0500574275048198,0.15471916135404404,0.0736787225503758,0.07295365439105295,0.014652984964874409,-497037.2791137638,61.60368754684382,61.87839260761911,-250486.5000000008,8.384222958673423,61.676000000000066,62.57900000000002,0.5694004132618886,1.010081023144696,-0.4406806098828073,0.42857142857142855,-0.75,24.639650018441092,-3993299.0,496383.4,61.06,61.55,62.49,62.98,60.12000000000001,59.63,58.69000000000001,-0.030240000000000013,-0.015592009095338652,0.3388560899075184,0.39904833095494013,0.7718354746968173,1.1526851946199923,0.4043640143326072,0.4524888335848253,0.027972027972027386,-0.0034961661550596173,0.002145334617545953,0.11501505874341013,0.29836512261580383
586,586,2014-12-11,61.02,62.38,60.9,61.22,4451070,M,-0.0,0.2890488672466172,1.3805140378919736,0.04098502346182894,0.4205497998666957,0.07489055000983387,0.21367682326539889,-0.0006799791134398965,-882697.1260817032,61.475791697895886,61.81568854975064,-28222.880000000117,7.543684284275131,61.420000000000066,62.56150000000002,0.4538118044499555,0.8988271794057479,-0.4450153749557924,0.42857142857142855,0.6099999999999994,24.78476389729859,-2163336.2,-137764.9,61.5,62.1,62.98,63.58000000000001,60.62,60.02,59.13999999999999,-0.018123496391339252,-0.0056845866493422355,0.4623062186644356,0.4549963983659112,0.6293250352563841,1.171316286110056,0.34164808162714344,0.4299866795497196,0.21621621621621584,-0.0038393690451792735,0.0020711488973362726,0.09358508916371663,0.2997275204359673
587,587,2014-12-12,61.77,63.15,61.5,62.36,5831258,M,0.0,0.28478107435824995,1.4537788328397103,0.04122460916926444,0.8704438061238629,0.07343222606444252,0.4475737157396034,-0.013349140376840866,-77690.6096510255,61.77052779859726,61.86752773548867,3521831.25,6.977650963342217,61.42200000000007,62.60100000000002,0.4490194550451605,0.8088656345336304,-0.35984617948846986,0.42857142857142855,1.1400000000000006,24.865036028873725,-268209.2,153798.0,62.33666666666666,63.17333333333333,63.98666666666666,64.82333333333332,61.52333333333333,60.68666666666667,59.87333333333334,0.012995451591942774,0.004995970991136217,0.648497440321439,0.5543525506938828,0.6330244860986408,1.149232695965042,0.4015027614888028,0.4386748168509007,0.5212121212121213,-0.003049791311262463,0.0019991277002417147,0.09189465554972852,0.3010899182561308
588,588,2014-12-15,62.63,63.54,62.4,63.13,5447910,M,0.0,0.2763115799920173,1.4172749884610822,0.06485774817998621,0.8481468101405898,0.07324884791936104,0.6034992200252716,-0.013285586776679336,666554.7634909815,62.22368519906485,61.98776318925165,1903964.400000004,6.269432602390068,61.73600000000007,62.65500000000003,0.501572235938319,0.7474069548145682,-0.2458347188762492,0.42857142857142855,0.7700000000000031,24.85305342070975,1532395.4,158386.05,63.02333333333333,63.64666666666667,64.16333333333333,64.78666666666666,62.50666666666667,61.88333333333333,61.36666666666667,0.028846153846153893,0.024671319590975543,0.7177915243305502,0.5981986836600046,1.0010144854099083,1.147351641596892,0.4811188000568638,0.45788206069300397,0.6403508771929857,-0.0015528415263327813,0.001939889584062152,0.10103407494347713,0.3024523160762943
589,589,2014-12-16,62.9,63.38,61.98,62.01,4798129,M,-0.0,0.2681742226598185,1.414971656666272,0.0634922610147934,0.5366597637524889,0.07221728534195418,0.3530782328019819,-0.018784652358124918,-1037401.1788663808,62.152456799376566,61.989880980751494,361595.1500000015,5.439039979727791,61.866000000000064,62.675000000000026,0.44768541486101293,0.6874626468238573,-0.2397772319628443,0.35714285714285715,-1.1200000000000043,24.90663303014769,1422665.2,124701.15,62.45666666666667,62.93333333333334,63.856666666666676,64.33333333333334,61.53333333333334,61.05666666666666,60.13333333333333,0.02309849859759113,0.009113100081366886,0.5533299149969105,0.5316279930052007,0.9820030549853032,1.1315545897017452,0.3278887238474332,0.4163150617154391,0.021428571428572157,-0.0008391184411923529,0.001873752722571721,0.0898444962151308,0.30381471389645776
590,590,2014-12-17,62.4,62.93,62.08,62.76,4672973,M,0.0,0.26982552518900244,1.3489754357774362,0.04712432027216505,0.6580566307381334,0.06976112240191289,0.504455261260224,-0.023962059461594527,713196.5382479976,62.35497119958438,62.06322564925136,286726.69000000355,5.068230806709896,62.29600000000006,62.740500000000026,0.4601936272379277,0.6420088429066714,-0.1818152156687437,0.42857142857142855,0.75,24.903157129710053,3121016.4,632330.25,62.59,63.1,63.44,63.95,62.24999999999999,61.74,61.39999999999999,0.025155178046390052,0.012748103921252205,0.5533299149969105,0.5316279930052006,0.7339141639186991,1.0942119250143043,0.4852591492316216,0.4528564844092066,0.7999999999999984,-6.609800140044762e-05,0.001813368199114672,0.09121059721759216,0.30517711171662126
591,591,2014-12-18,63.56,64.1,63.06,64.07,3967107,M,0.0,0.2612836327440485,1.3477787110071109,0.050495867156197326,0.8792755301336419,0.07108899462245777,0.7740830833761615,-0.012506002440552215,1661839.6234156012,62.92664746638959,62.254347015989325,-1711905.3199999959,4.930456818077758,62.866000000000064,62.84550000000003,0.5692505614108541,0.6274571866075079,-0.05820662519665387,0.42857142857142855,1.3099999999999952,24.69067904331387,3024223.8,577681.65,63.74333333333333,64.42666666666666,64.78333333333333,65.46666666666665,63.38666666666667,62.70333333333334,62.34666666666668,0.02742142398973691,0.019411296738265586,0.8015685459218749,0.6731500058442882,0.7936182961603759,1.1169058528864182,0.647224048205696,0.5022181379086961,0.9711538461538448,0.0013067036419025682,0.0017759394878946496,0.10975389593152897,0.30653950953678477
592,592,2014-12-19,62.9,63.13,62.1,62.59,6502752,M,-0.0,0.2561471885027171,1.430741549539495,0.048514332399297366,0.3945000338222023,0.07119645901370195,0.4457912979709528,-0.011429555530830669,608966.3240435495,62.81443164425972,62.28631396684748,-311062.4299999901,4.565971515698672,62.91200000000007,62.83250000000002,0.5301441644077585,0.6079945821675581,-0.07785041775979963,0.42857142857142855,-1.4799999999999898,24.53499183087547,557421.8,-34193.6,62.60666666666666,63.11333333333332,63.63666666666666,64.14333333333332,62.08333333333332,61.57666666666666,61.05333333333332,-0.008553777918580694,-0.0116848255171324,0.4892372850119402,0.5206105836006876,0.7630334199761497,1.1183628777446073,0.5900587505837329,0.4996952824259447,0.4757281553398072,0.0015690752236936088,0.0017336089768065404,0.10032878568041888,0.3079019073569482
593,593,2014-12-22,62.86,63.51,62.41,63.46,3254879,M,0.0,0.25853380529073666,1.3866426762675628,0.050810203549212805,0.6506285303974788,0.07140655529389356,0.6383962275348181,-0.004310998652221293,1164818.4618121642,63.029621096173145,62.39809358905248,434459.07999999454,4.373820270756643,62.978000000000044,62.83900000000003,0.5628654298394267,0.5989687517019319,-0.0361033218625052,0.5,0.8699999999999974,24.446982068166427,118815.6,-88565.1,63.12666666666666,63.84333333333333,64.22666666666666,64.94333333333333,62.74333333333333,62.026666666666664,61.64333333333333,0.02338332527011777,-0.013983840894965795,0.5799410697427781,0.5665583031721336,0.7999812497805817,1.1217791320282449,0.7115543185709744,0.5430143464373268,0.9545454545454573,0.001893162910113044,0.0016996482961842126,0.1042187593436101,0.3092643051771117
594,594,2014-12-23,63.94,64.6,63.83,64.04,3808821,M,-0.0,0.2628002030562573,1.3537569860985534,0.043796268914573895,0.7363127111351134,0.0701038464126666,0.7763312868546455,0.0088940306155881,-206036.53620754307,63.36641406411544,62.55446562819033,-3906199.950000008,4.362672910047317,63.384000000000064,62.823000000000036,0.6283551343247709,0.6048460282264997,0.023509106098271167,0.5714285714285714,0.5800000000000054,24.410358328375928,1840205.6,-166885.05,64.15666666666668,64.48333333333336,64.92666666666666,65.25333333333336,63.71333333333337,63.38666666666669,62.94333333333337,0.020395156150414408,0.002190923317684001,0.7548023050814131,0.672853079991911,0.6939956772203386,1.1010334857957391,0.5652786366230778,0.5172727203697038,0.2727272727272845,0.0024234623850373275,0.0016794730780067524,0.11449263565052037,0.31062670299727524
595,595,2014-12-24,64.2,64.95,64.15,64.26,2407146,M,-0.0,0.2623683669696594,1.2945893879520791,0.04276765348420608,0.7114836158174701,0.07143772314673995,0.8160906894163003,0.023795953427028824,-752532.5339653613,63.66427604274364,62.71689747312458,-678186.4000000036,4.58380772974538,63.68400000000007,62.84100000000003,0.6900538471343722,0.6218875920080742,0.06816625512629804,0.6428571428571429,0.21999999999999886,24.41466784032153,1387040.2,179092.75,64.45333333333333,64.75666666666666,65.25333333333333,65.55666666666666,63.95666666666666,63.65333333333334,63.15666666666666,0.0029655064772906503,0.011490634345978341,0.7934540860718731,0.7007060427590767,0.6809038111220456,1.1223044900660717,0.4226857577487184,0.4811038898583034,0.1374999999999998,0.002914141240388074,0.001671584519136344,0.1252640191510997,0.3119891008174387
596,596,2014-12-26,64.36,64.65,63.77,64.05,2530228,M,-0.0,0.26841191223229754,1.2393108028918025,0.042595628632508466,0.6364060513735976,0.07284598929252903,0.7583190070105893,0.035228519417198755,-645155.8669438282,63.79285069516242,62.84385961854128,-12785.929999988371,4.610112706803866,63.680000000000064,62.867000000000026,0.7137772962343831,0.640265532853336,0.07351176338104715,0.6428571428571429,-0.210000000000008,24.459703970508517,87573.2,231404.4,64.15666666666668,64.54333333333335,65.03666666666666,65.42333333333336,63.663333333333355,63.27666666666668,62.78333333333335,0.023326409969643608,-0.013249114158065005,0.6400859870720451,0.6316973447634903,0.6781224078295356,1.144902202213356,0.38785111122641575,0.4655875020795898,0.3181818181818105,0.003030312796285445,0.001668448432027407,0.1305157874138686,0.31335149863760214
597,597,2014-12-29,64.19,65.75,64.0,65.22,4081590,M,0.0,0.2745311296554291,1.307402695839562,0.03988528876610665,0.8959584357647812,0.07478715374563831,0.9970439762993591,0.04859972753631645,262229.1558160832,64.26856713010828,63.070158702489735,1607466.2399999897,4.776722841775468,64.20600000000006,62.88250000000003,0.8175631632359952,0.6757250589298679,0.1418381043061273,0.7142857142857143,1.1700000000000017,24.502204888998126,2204441.6,252928.05,64.99,65.97999999999999,66.74000000000001,67.72999999999999,64.22999999999999,63.24,62.47999999999999,0.02773400567286477,0.032125336287387264,0.7981798236824835,0.7245142151120725,0.6402187126291614,1.175700798852526,0.4909483598652293,0.4876403930379962,0.6971428571428565,0.00357970471222074,0.0016839725682855455,0.14907826621294545,0.3147138964577657
598,598,2014-12-30,65.2,65.81,64.95,65.27,2938125,M,-0.0,0.2842495330778577,1.2477490030609537,0.038686394508442835,0.7810357192016977,0.08196707064953603,0.9422971338399856,0.059905832995092514,-141610.62197684418,64.60237808673885,63.27966739749071,497634.3399999996,5.115556830848579,64.56800000000007,62.98650000000002,0.8935485215621952,0.7192897514563334,0.17425877010586174,0.7857142857142857,0.049999999999997165,24.532765240236635,2141090.8,687803.65,65.34333333333332,65.73666666666664,66.2033333333333,66.59666666666664,64.87666666666664,64.48333333333332,64.01666666666664,0.01920674578388491,0.03193675889328057,0.8047297857784416,0.7289180587447731,0.624475780155285,1.2907047238667506,0.451329914328755,0.4766358816301686,0.3720930232558063,0.004004597520882543,0.001711992960385722,0.16454479546275466,0.31607629427792916
599,599,2014-12-31,65.55,66.59,65.39,65.75,3606816,M,-0.0,0.28751457059514,1.2573824693194942,0.04458045497505112,0.7902840545570464,0.09069661956640772,0.9609539021014312,0.07343355046815704,-513843.7106828095,64.98491872449257,63.51493716915826,-251630.2200000005,5.455041936147809,64.91000000000005,63.11150000000002,0.9811889188654987,0.7716695849381666,0.20951933392733213,0.7857142857142857,0.4800000000000039,24.518478087889687,2100689.8,673786.45,65.91000000000001,66.43000000000002,67.11,67.63000000000002,65.23000000000002,64.71000000000001,64.03000000000002,0.023187052598817225,0.03283066289663845,0.8772403448111931,0.7823682209681119,0.7234293331076427,1.4309999264413358,0.4008866095525029,0.4598134167130095,0.2999999999999988,0.004408769232314552,0.0017536884787793894,0.18287883430018065,0.3174386920980926
600,600,2015-01-02,66.33,66.96,64.94,65.69,4504237,M,-0.0,0.2871237070382577,1.3590648067435611,0.04195338461566267,0.6806088362578487,0.097436219913785,0.9021602829854348,0.07827934170366786,-529292.4133271768,65.21994581632838,63.7220860101908,657767.0400000027,5.626260669970819,65.19600000000004,63.21300000000002,1.0338850829194683,0.8241126845344272,0.20977239838504114,0.7142857142857143,-0.060000000000002274,24.628519719310123,718413.2,308292.7,65.86333333333333,66.78666666666666,67.88333333333333,68.80666666666666,64.76666666666667,63.84333333333333,62.74666666666667,0.025604996096799386,0.05103999999999996,0.6748397253112809,0.6896536377790842,0.6837982158506865,1.5398089423525234,0.3910201159392926,0.4513823416653774,0.37128712871287206,0.0044971923953996,0.001801887613730016,0.1968310507879142,0.3188010899182561
601,601,2015-01-05,64.73,65.44,64.67,65.13,5004617,M,0.0,0.27941428064660073,1.313856165844419,0.017513076539610234,0.2538333392362508,0.10023179681155074,0.7812194964350234,0.0728149274875867,191642.5917326182,65.18996387755224,63.85617305683928,-866636.6200000064,5.8690697289298805,65.41200000000006,63.34450000000002,1.0187167204783378,0.8630334917232094,0.1556832287551284,0.6428571428571429,-0.5600000000000023,24.70873329018004,223535.4,292999.05,65.08,65.49,65.84999999999998,66.25999999999999,64.72,64.31,63.95,-0.001379944802207964,0.04458700882117071,0.5652831248963208,0.6361937361773804,0.2863913406522464,1.5872832632823195,0.4598142764270592,0.4652890326879692,0.5974025974025924,0.003975277897470987,0.0018440521113590761,0.19822841616053447,0.3201634877384196
602,602,2015-01-06,65.41,65.75,64.06,64.89,4282897,M,-0.0,0.2850414109394839,1.3640086770651627,0.022530901912475133,0.1902814214906884,0.10115021843294672,0.7209447839393534,0.07470152360158436,134754.31141558988,65.08997591836817,63.95463276571174,177071.99999999933,5.823774278865108,65.34600000000005,63.47150000000003,0.976078069329553,0.8856424072444781,0.09043566208507492,0.5714285714285714,-0.2399999999999949,24.788119934412265,-1449362.0,261073.05,64.89999999999999,65.73999999999998,66.58999999999997,67.42999999999998,64.04999999999998,63.21,62.35999999999999,-0.005821970277309568,0.054093567251461964,0.3734964317108727,0.5270985301383717,0.3680760790931502,1.6050390223166953,0.4702509377363826,0.4677495305610226,0.4911242603550293,0.0031246785825264113,0.0018755945390666164,0.1949504948969828,0.3215258855585831
603,603,2015-01-07,67.56,67.83,66.27,67.55,8131774,M,0.0,0.2924166646527328,1.5741408534564743,0.0634218788898738,0.9188545431980668,0.11158788575736774,1.031051470219812,0.08671443670684205,1782000.7042915057,65.90998394557879,64.2970486927868,7567719.940000005,6.185275530095093,65.80200000000005,63.77100000000003,1.1437420541066672,0.937262336616916,0.20647971748975125,0.6428571428571429,2.6599999999999966,24.846939835094012,-410632.2,845417.4,67.21666666666665,68.16333333333331,68.77666666666666,69.72333333333331,66.60333333333331,65.65666666666665,65.04333333333331,0.027376425855513264,0.10088005215123856,0.7608421046006786,0.7203480167248947,1.0433216186778698,1.7790177656582753,0.5870048986618617,0.5013460343659557,0.8205128205128199,0.0038115142304266133,0.0019340913062905515,0.2249509855843077,0.3228882833787466
604,604,2015-01-08,68.26,68.3,67.4,67.81,4995876,M,-0.0,0.2828273969622219,1.484255406328943,0.08291130105061471,0.7907162663267633,0.1185453464045756,0.9891427704452099,0.0922651046521017,493998.0485394232,66.54332263038586,64.63161548394997,2081898.6800000013,6.3804513648941015,66.21400000000007,64.09350000000003,1.2828093691986309,1.006371743133259,0.27643762606537203,0.6428571428571429,0.2600000000000051,24.911789807573072,-132820.2,1307685.1,67.83666666666666,68.27333333333331,68.73666666666665,69.1733333333333,67.37333333333332,66.93666666666667,66.47333333333333,0.03227279646826008,0.11879227850189746,0.7999659584709846,0.7478630115973236,1.372472221941352,1.8994965399454171,0.5431884509597599,0.4969850363840129,0.4555555555555561,0.004770421511044809,0.0020127018468487122,0.2514359682817198,0.3242506811989101
605,605,2015-01-09,66.28,66.6,65.5,65.92,7366424,M,-0.0,0.2727675584893849,1.5943546854850843,0.08175385218102313,0.4372347504268452,0.10891216604586526,0.7226984632728357,0.08985980241842201,-490527.32771671953,66.33554842025724,64.75431877119283,1247520.4999999965,6.282504851023703,66.26000000000006,64.35900000000004,1.2263771018866552,1.0503728148839382,0.17600428700271675,0.5714285714285714,-1.8900000000000008,24.969647698923875,-705257.6,1130303.05,66.00666666666666,66.51333333333332,67.10666666666665,67.61333333333332,65.41333333333333,64.90666666666667,64.31333333333333,0.01212958697988648,0.07677229663508663,0.4153832913115341,0.5087278431700335,1.3542525613786491,1.7523695236364616,0.4893983612459017,0.4860167645206007,0.3818181818181853,0.0042959363927965385,0.002075715710033248,0.2366717565394268,0.32561307901907355
606,606,2015-01-12,65.98,66.2,65.38,66.04,3022969,M,0.0,0.2695730554060531,1.491107394087074,0.07337518971585963,0.4175417489603413,0.10060327520995482,0.7215735186086707,0.08656256707221681,291805.67582860845,66.23703228017149,64.8767646025078,3492045.3899999917,6.36249450727625,66.44200000000006,64.60000000000004,1.1777606291848317,1.0758503777441168,0.10191025144071464,0.5714285714285714,0.12000000000000455,24.932231368635946,900259.6,1058898.0,65.87333333333333,66.36666666666667,66.69333333333333,67.18666666666668,65.54666666666667,65.05333333333333,64.72666666666666,0.01772229927569742,0.059012187299551114,0.3984460226191328,0.4968690190817397,1.2187985887752872,1.6247428946407714,0.5945582570907657,0.5163845058786858,0.8048780487804937,0.003434779083039964,0.002125336084519079,0.2266357725179005,0.32697547683923706
607,607,2015-01-13,66.73,67.23,65.16,65.58,3616494,M,-0.0,0.2635935253367613,1.568293074875465,0.06142233023117464,0.2554712540786045,0.09566622023854794,0.6321939988527148,0.0761997820663364,-684923.8380306308,66.01802152011432,64.94373940226897,1274976.2000000128,6.161449050223844,66.58000000000007,64.76100000000004,1.0895538698978129,1.078591076174856,0.010962793722956832,0.5714285714285714,-0.460000000000008,25.053518640333284,1033540.2,586510.4,65.99,66.82,68.06,68.89,64.74999999999999,63.91999999999999,62.67999999999998,-0.029163582531458163,0.038808807223190175,0.5962670837629385,0.5930884497010587,1.0223746866979029,1.5488600222171518,0.4640050216353897,0.4865287006259193,0.20289855072463775,0.002298217185727021,0.0021554234912786988,0.2103783667573436,0.32833787465940056
608,608,2015-01-14,64.97,65.14,63.32,64.43,7026177,M,0.0,0.2626842511779281,1.6605206648920694,0.07375296617473154,0.1862955112779796,0.09276660978072586,0.4341502279758545,0.06048634607932354,152862.6915143985,65.48868101340955,64.89481184014811,-6445164.879999997,5.684751900669314,65.95600000000006,64.82600000000004,0.9162915500017448,1.0461311709402341,-0.1298396209384891,0.5,-1.1499999999999917,25.22158009228841,-1998050.0,-37193.95,64.29666666666667,65.27333333333334,66.11666666666667,67.09333333333333,63.45333333333333,62.47666666666667,61.63333333333333,-0.04984515558177253,0.03902596355426558,0.327179845462496,0.4225027761474901,1.2161126592551494,1.5034220614113345,0.5126333843869643,0.4982774062701282,0.6098901098901134,0.0006443343147842438,0.0021524036620187248,0.17709545967937848,0.329700272479564
609,609,2015-01-15,64.58,65.21,62.32,62.34,5234834,M,-0.0,0.2622364968016184,1.8244512429064592,0.09538681935694067,0.09236977490057642,0.0908281061193898,0.07509281317632317,0.035205008584467415,-1652219.4241791437,64.43912067560636,64.65149642680069,-5243421.599999992,4.858044134610772,64.86200000000007,64.84250000000003,0.6033790025047949,0.957580737253146,-0.35420173474835115,0.42857142857142855,-2.0900000000000034,25.517113613571272,-4044192.0,-59029.2,63.29,64.25999999999999,66.18,67.14999999999999,61.37000000000001,60.40000000000001,58.48000000000001,-0.054308252427184435,-0.006692160611854599,0.24355153111853714,0.3566213141070492,1.5467449692824733,1.4723803677616338,0.34406239466628097,0.4514815023610602,0.006920415224914592,-0.0019334559306964985,0.002094219058265542,0.1161958860827654,0.3310626702997275
610,610,2015-01-16,62.41,63.39,62.23,63.14,4284066,M,0.0,0.25876894942774603,1.7358577438522649,0.09770916811231713,0.3144283033307805,0.08919398517135732,0.20243320288030256,0.015947597657082185,177678.6417949868,64.00608045040424,64.507544386153,3537323.1900000167,4.345028670209002,64.30600000000007,64.86150000000004,0.4151611490242431,0.8490968196073655,-0.4339356705831224,0.42857142857142855,0.7999999999999972,25.645013158677102,-1714094.0,-78474.55,62.92,63.60999999999999,64.08000000000001,64.77,62.44999999999999,61.75999999999999,61.28999999999999,-0.043912780133252664,-0.014515373809895312,0.23595243718752024,0.3508030925985121,1.5708214411576678,1.4463139172979993,0.4908691826510842,0.4831959077191202,0.7844827586206904,-0.0036028600624517407,0.002006233037297515,0.08005251590287947,0.33242506811989103
611,611,2015-01-20,63.6,63.75,62.35,63.3,3722350,M,0.0,0.2511325870366227,1.6910767113386296,0.07919366423372924,0.4092930937445315,0.0912259516022454,0.2424554436305812,0.002451676183491213,557551.3471165136,63.77072030026949,64.39254015890033,-1451984.6399999906,3.842294720262396,63.75800000000007,64.82300000000004,0.27572937038250706,0.7344233297623938,-0.4586939593798868,0.42857142857142855,0.1599999999999966,25.68567332906689,-1574217.8,-90712.4,63.13333333333333,63.91666666666665,64.53333333333333,65.31666666666665,62.51666666666665,61.73333333333333,61.11666666666665,-0.03476669716376946,0.011343665122223895,0.3495954071237083,0.3972871535761867,1.2623074110535284,1.4783849651780891,0.5534365979578649,0.5018031001812446,0.6785714285714262,-0.00435702298609798,0.001899086348306068,0.054250412326108235,0.3337874659400545
612,612,2015-01-21,63.42,64.27,63.4,64.2,3322279,M,0.0,0.2480618776686139,1.5949331498268122,0.053358708338773736,0.7119671377646575,0.08576960433428582,0.3736245899215412,-0.004213632950254528,1126255.5466298484,63.91381353351297,64.37420300090983,-1019494.2200000022,3.320882953704694,63.48200000000006,64.90350000000004,0.23514060511752174,0.6345667848334194,-0.3994261797158977,0.42857142857142855,0.9000000000000057,25.591205406001396,-186463.2,400539.15,63.95666666666667,64.51333333333335,64.82666666666665,65.38333333333334,63.64333333333335,63.08666666666667,62.77333333333335,-0.0035697656371256243,0.011660888748818184,0.4999893415244685,0.4629330465461581,0.8468293806905095,1.3916868787275811,0.6754711419335983,0.5415875887244657,0.9195402298850652,-0.003976480063124738,0.0017913806358404274,0.04594624406468685,0.335149863760218
613,613,2015-01-22,64.58,65.65,64.26,65.5,3336610,M,0.0,0.24963238086960216,1.5756087298499044,0.07570463667515265,0.8741122193389836,0.08335200622116802,0.5912641336329805,-0.009491202181099,1202053.7004477477,64.44254235567531,64.48142176272793,-848628.0000000009,2.841898845827741,63.69600000000007,65.00550000000004,0.3043643291393323,0.5685262936946021,-0.2641619645552697,0.42857142857142855,1.2999999999999972,25.53784062214583,1886094.2,404625.7,65.13666666666667,66.01333333333334,66.52666666666669,67.40333333333334,64.62333333333333,63.74666666666667,63.23333333333333,0.05068976580044909,0.02279825109306673,0.7310488672873862,0.5996830864178914,1.2055206344151321,1.3545847101025354,0.7476762049341481,0.5749684213159688,0.8920863309352478,-0.0024644808868025656,0.0017023685052292722,0.05654457028973689,0.3365122615803815
614,614,2015-01-23,66.36,66.52,65.3,65.83,3691748,M,-0.0,0.2504052307069074,1.5281942325365836,0.07666125871396604,0.7908928796601828,0.0827433927163404,0.6364603194146435,-0.011120346848684477,137216.5123241858,64.90502823711688,64.60985778532527,602234.4699999982,2.527788504586216,64.39400000000005,65.09500000000004,0.38145568751380665,0.531112172458443,-0.14965648494463635,0.5,0.3299999999999983,25.460280932171674,3671410.6,398772.05,65.88333333333333,66.46666666666665,67.10333333333331,67.68666666666665,65.24666666666666,64.66333333333333,64.02666666666666,0.042603737725688914,0.024431995020230208,0.8089647924798917,0.6635171878746848,1.2341312734067829,1.3465452872175454,0.6432595464588314,0.5615834506676097,0.4344262295081981,-0.000720910596166268,0.0016324475851174085,0.06906551821231686,0.33787465940054495
615,615,2015-01-26,65.64,66.18,65.22,66.08,2419200,M,0.0,0.24952836733797826,1.4524350015317067,0.07305215119285635,0.7313003324609904,0.08275655522170072,0.665722235030388,-0.005322845322994478,452560.96628587955,65.29668549141125,64.74987132958002,-532097.7999999984,2.448815371668835,64.98200000000007,65.18600000000004,0.4574508464965135,0.5163799072660571,-0.05892906076954362,0.5,0.25,25.409477332033962,3298437.4,399374.75,65.82666666666667,66.43333333333334,66.78666666666666,67.39333333333335,65.47333333333333,64.86666666666666,64.51333333333332,0.04391785150078991,0.03169398907103827,0.7798791324059277,0.6522150390901108,1.1867687222035488,1.3486422021704465,0.7274508087503294,0.5934167728262493,0.8958333333333253,0.0008101557183250263,0.0015803711087067256,0.08219413789226107,0.33923705722070846
616,616,2015-01-27,65.3,65.82,65.06,65.51,2771665,M,0.0,0.25231181668807073,1.3947770013274787,0.044368596995596116,0.5296268625180154,0.0811038800924721,0.5474232894717892,-0.011305108189597526,93495.8404691316,65.36779032760751,64.82226453628668,294426.5599999937,2.4093304927369408,65.42400000000005,65.25900000000004,0.4663080126909733,0.5063655283510403,-0.04005751566006699,0.5,-0.5699999999999932,25.32793975705016,1999634.4,387302.9,65.46333333333332,65.86666666666665,66.2233333333333,66.62666666666664,65.10666666666665,64.70333333333333,64.34666666666666,0.020404984423676047,0.004446488807114478,0.7085483741632264,0.62697222283615,0.7256927724599707,1.32318952773866,0.6823356268861881,0.5932918671435499,0.5921052631579056,0.0015218363972036395,0.0015335777550112585,0.08415547829726698,0.34059945504087197
617,617,2015-01-28,66.15,66.4,64.86,64.89,2264146,M,-0.0,0.24841439452288566,1.4141400678171492,0.02725557989089673,0.1239360935528504,0.08128177106193138,0.43352851684627225,-0.018991996848238702,-916690.27446725,65.20852688507166,64.82871553283081,184514.2599999997,2.206784982336607,65.56200000000004,65.24250000000004,0.4184746470291856,0.4887873520866694,-0.07031270505748377,0.42857142857142855,-0.6200000000000045,25.324539282206068,882349.4,70016.1,65.38333333333333,65.90666666666665,66.92333333333333,67.44666666666666,64.36666666666665,63.84333333333332,62.82666666666664,-0.009312977099236631,-0.005821970277309568,0.8009453729116206,0.6800264251031526,0.4467325822017432,1.3257564871270149,0.4613839244176321,0.5386431673661185,0.01948051948052014,0.0013936718399796741,0.0014820581469815928,0.07633474983504708,0.3419618528610354
618,618,2015-01-29,64.93,65.43,64.25,65.36,2360297,M,0.0,0.24043957592760365,1.3829213921081966,0.0278257855228911,0.4045809390635798,0.08129155130955941,0.5213045558249045,-0.014459065763277431,107630.88416245603,65.25901792338111,64.8793140535136,61705.20000000233,2.182113182468913,65.53400000000005,65.24700000000004,0.4137222990374312,0.4737743414768218,-0.060052042439390614,0.35714285714285715,0.4699999999999989,25.31967517671407,687086.8,41124.7,65.01333333333334,65.77666666666667,66.19333333333333,66.95666666666668,64.59666666666666,63.83333333333333,63.41666666666666,-0.007139602005164802,-0.005931558935361225,0.5460533134990461,0.5778708820785071,0.4558837571142867,1.3260074620737066,0.6211486049789844,0.5769321958171253,0.9406779661016891,0.001267708046750418,0.0014334972879931835,0.07616334842291232,0.3433242506811989
619,619,2015-01-30,64.95,64.95,63.82,63.88,2965824,M,-0.0,0.23967517536888616,1.4038652064937702,0.05062368889371336,0.11671761206091175,0.08314520423398943,0.26491550065417524,-0.013285455576341379,-988473.1318469393,64.79934528225407,64.78414128651231,-708694.7799999986,2.0445395953513152,65.14400000000005,65.15350000000004,0.2872214873739409,0.4364637706562456,-0.1492422832823047,0.35714285714285715,-1.4799999999999969,25.35302387540215,-644427.6,-287507.3,64.21666666666667,64.61333333333334,65.34666666666669,65.74333333333334,63.48333333333333,63.08666666666666,62.35333333333333,-0.033292978208232384,-0.02755366113563701,0.4155450116095071,0.5135952398024242,0.8244573973230164,1.3543002660148082,0.431798185030238,0.5270431624186129,0.053097345132745256,0.0002841505162812665,0.001366948090316362,0.05354515638936893,0.34468664850136244
620,620,2015-02-02,64.0,64.42,62.46,64.18,3154979,M,0.0,0.2343022953855615,1.4780165122946012,0.044216663934687386,0.2960643223971501,0.08389107890231398,0.3355149772215458,-0.011756579725763116,254454.7028623465,64.59289685483604,64.72660402113017,-937724.7599999941,1.9600818162777032,64.76400000000005,65.07800000000005,0.20876960943390088,0.3909249384117767,-0.18215532897787584,0.35714285714285715,0.30000000000000426,25.51021646735221,-497271.8,95453.5,63.68666666666667,64.91333333333333,65.64666666666668,66.87333333333333,62.95333333333333,61.72666666666667,60.99333333333333,-0.02030224393222406,-0.014586212191002437,0.20188921022836104,0.3627714536933094,0.7159120057665241,1.364865908201198,0.5803824634895473,0.5604248631795228,0.8775510204081659,-0.0005368011467190427,0.0012917576374067074,0.03959890752200109,0.3460490463215259
621,621,2015-02-03,64.47,66.09,64.26,66.07,3960895,M,0.0,0.2291401165780648,1.5356143106553206,0.05459714851851071,0.8370934396318906,0.08493312798193273,0.670846841116778,0.002965317439360123,1214516.0644984785,65.0852645698907,64.85454649530824,2179205.4899999904,2.094111969629759,64.87600000000006,65.12500000000004,0.29569455282066315,0.3718788612935541,-0.07618430847289093,0.35714285714285715,1.8899999999999864,25.71239792122086,849240.2,543729.1,65.47333333333334,66.68666666666668,67.30333333333333,68.51666666666668,64.85666666666668,63.64333333333335,63.02666666666669,0.018184620126367585,0.018184620126367585,0.5763514081751071,0.5531871463378027,0.8855111518217259,1.3828174899558432,0.7166119884101517,0.6012483084244598,0.9890710382513606,-8.354544540051513e-08,0.0012366939754654784,0.054106945135426514,0.34741144414168934
622,622,2015-02-04,64.95,65.38,64.4,64.89,5723184,M,,0.22169997650923745,1.5535324025679431,0.05459714851851071,0.5039525193926517,0.08493312798193273,0.4575142776058708,0.011817510563939931,264120.32381500216,65.02017637992714,64.85792301956461,1823425.549999984,2.077265176467201,64.87600000000006,65.12500000000004,0.26629734831945484,0.35076255869873424,-0.0844652103792794,0.35714285714285715,-1.1799999999999926,25.707746704899968,157432.6,471714.75,64.89,65.38,65.86999999999998,66.35999999999999,64.4,63.91000000000001,63.420000000000016,-0.007190942472460203,-0.03937823834196887,0.5763514081751071,0.5531871463378027,0.8855111518217259,1.3828174899558432,0.6444079922734345,0.5916056123840351,0.5,0.00012724030317864192,0.0011807875408986538,0.04808238329752315,0.34877384196185285
623,623,2015-02-05,64.04,64.95,63.7,63.7,4680830,M,-0.0,0.2168081193130754,1.5130614155588842,0.059878133514397976,0.28161725743810234,0.07962090202417385,0.26160468825631705,0.0062849202014695115,-1638043.872265965,64.58011758661809,64.74764463674893,-1706245.9499999932,1.8669009074414444,64.54400000000005,64.93250000000005,0.14530184794591605,0.3096704165481706,-0.16436856860225454,0.35714285714285715,-1.1899999999999975,25.730717249624178,-1250792.8,-168915.45,64.11666666666667,64.53333333333335,65.36666666666666,65.78333333333335,63.28333333333335,62.86666666666667,62.03333333333335,-0.0028177833437695635,-0.06061052942043945,0.4159992024618135,0.4708214042881049,0.9661935623883264,1.2924960551711682,0.4296053281822896,0.5352622207284126,0.0,-0.0005831001824693956,0.001108543432074584,0.026482373087342973,0.35013623978201636
624,624,2015-02-06,63.97,64.17,63.4,63.73,6499131,M,-0.0,0.21396366002782585,1.413986560151033,0.061623608696917964,0.30279634240500736,0.06956043226206589,0.2782364045696591,0.0005772437263595518,-1073348.9186385623,64.29674505774538,64.65072609991572,-900098.5200000028,1.6046501412819336,64.51400000000005,64.72850000000005,0.051242104371837634,0.257984754112904,-0.2067426497410664,0.35714285714285715,0.02999999999999403,25.66333703383639,642198.2,-93752.7,63.76666666666666,64.13333333333333,64.53666666666666,64.90333333333332,63.36333333333332,62.99666666666666,62.59333333333331,-0.007011530071673573,-0.03322208737864085,0.3564897590550469,0.437805045232632,0.9938963728682422,1.125635609918784,0.4292606949786679,0.5251011929039374,0.4285714285714246,-0.0013195205710695745,0.0010255619087974359,0.010109966142975813,0.3514986376021798
625,625,2015-02-09,63.56,63.86,63.16,63.69,3302946,M,0.0,0.20751969515184795,1.3187883521308956,0.06564852578515369,0.3283207175106383,0.06882155323028126,0.2915468447554725,-0.007548110788490491,91136.94590343935,64.09449670516359,64.55922837611422,13778.840000007049,1.3228776195632481,64.41600000000005,64.61700000000005,-0.02622626571466924,0.20114255014738933,-0.22736881586205854,0.2857142857142857,-0.03999999999999915,25.41462688480492,-649386.8,109421.2,63.56999999999999,63.97999999999999,64.27,64.67999999999999,63.27999999999999,62.86999999999999,62.579999999999984,-0.03602240048433473,-0.035584494245911695,0.3072610034882543,0.4105833616908345,1.057203859244116,1.1117605762702718,0.5385547490333972,0.5472003990219296,0.7571428571428557,-0.0018486634038499105,0.000935371693177057,-0.003477604730007522,0.3528610354223433
626,626,2015-02-10,64.16,64.67,63.78,64.52,3105527,M,0.0,0.20527062256997025,1.2736165718467771,0.035093889379397836,0.6840221748719626,0.06570202895359975,0.4950477241983702,-0.01164373222190555,673797.5964281139,64.23633113677572,64.55549234029381,-2680947.159999997,1.2118967406298626,64.10600000000005,64.54100000000005,-0.020411156628995286,0.15683180879211242,-0.1772429654211077,0.2857142857142857,0.8299999999999983,25.25512888825488,-820460.4,113549.1,64.32333333333332,64.86666666666665,65.21333333333334,65.75666666666665,63.97666666666665,63.43333333333332,63.08666666666665,-0.005701957158267908,-0.016163464470875303,0.5807907141861115,0.5277125359112592,0.5624322181389201,1.0601186626735712,0.6361900574080305,0.5742728061776788,0.8314606741572971,-0.0016375975898160222,0.0008525905311438747,-0.0029091432072514585,0.3542234332425068
627,627,2015-02-11,64.65,65.16,64.53,64.76,2136799,M,-0.0,0.1990230196152218,1.1891343622672066,0.03236023931547045,0.8279251190754486,0.06408303830251733,0.5629028813039102,-0.01284621325366415,12394.585087458836,64.41088742451716,64.57496926026583,-1247777.2900000087,0.9516073282648418,64.08000000000007,64.50000000000007,0.0035227454367401383,0.12616999612103794,-0.12264725068429785,0.2857142857142857,0.2400000000000091,24.99535896757197,751536.2,401213.75,64.81666666666666,65.10333333333332,65.44666666666666,65.73333333333332,64.47333333333333,64.18666666666667,63.84333333333333,0.016640502354788103,0.005121837653267084,0.6858457556290479,0.5864638871795685,0.5184110338338371,1.0333389926280927,0.5458198266318116,0.5543496213111737,0.3650793650793741,-0.0010623322392318338,0.0007799067233212286,0.0009106583273702227,0.3555858310626703
628,628,2015-02-12,64.86,64.91,64.13,64.66,2284743,M,0.0,0.19238712036771452,1.1345831139649123,0.03237861280867274,0.6864453999668005,0.06410011812533717,0.5359112468078605,-0.016364905105163082,185117.7075224997,64.4939249496781,64.58306742595481,-114909.76000000045,0.778803973603971,64.27200000000006,64.51150000000004,0.01425702488498359,0.10378740187382708,-0.08953037698884349,0.21428571428571427,-0.10000000000000853,24.718625994125,1230753.6,638285.45,64.56666666666666,65.00333333333333,65.34666666666666,65.78333333333333,64.22333333333333,63.78666666666666,63.44333333333333,0.014592813431664832,0.03721527109400053,0.5331498908279995,0.5236226864812065,0.5202595506097542,1.033798692610673,0.5903756109169344,0.5662674839946028,0.6794871794871801,-0.0005451941511382204,0.0007145193180999538,0.0026081037755915065,0.3569482288828338
629,629,2015-02-13,64.4,64.75,64.07,64.32,2897225,M,-0.0,0.1952902507492535,1.0739720321029251,0.026385166120992974,0.4587978591820868,0.05579320062550802,0.4194135992878669,-0.015439877046632276,-266030.6511162672,64.43594996645207,64.55801338538768,-334587.4400000091,0.4901386000462766,64.39000000000007,64.61050000000007,-0.004617907454843362,0.08210634000809301,-0.08672424746293636,0.21428571428571427,-0.3400000000000034,24.51048159563872,-648517.6,755165.9,64.38,64.69,65.06,65.37,64.00999999999999,63.69999999999999,63.329999999999984,0.009891662741403602,0.018688628444725887,0.5093363074758839,0.5138617515221874,0.4247352116326849,0.9012066472535972,0.5161327602191315,0.5473512530259288,0.3676470588235257,-0.000354283883205001,0.0006509966508373414,-0.0009574881096717484,0.3583106267029973
630,630,2015-02-17,63.49,63.64,62.71,63.64,4618808,M,0.0,0.19417128522043536,1.1454424278225341,0.027674504444059826,0.08466273906374543,0.053497092067954034,0.21210111968101952,-0.017664845740688242,1287231.6022693592,64.17063331096807,64.47058353916029,-2380746.2999999905,-0.06022951303685065,64.38000000000005,64.63550000000006,-0.07359834837687629,0.050965402331099134,-0.12456375070797546,0.21428571428571427,-0.6799999999999926,24.36450015331069,-911690.0,310022.2,63.33000000000001,63.95000000000001,64.25999999999999,64.88000000000001,63.02000000000001,62.40000000000001,62.09000000000001,-0.013639181649100985,0.005371248025276516,0.21069628827738185,0.3427213755468961,0.4454211490271433,0.8644528235895617,0.6774218401460876,0.5904606574996499,1.0,-0.0006872235904320014,0.0005807583643985307,-0.013988973606607323,0.35967302452316074
631,631,2015-02-18,63.69,63.99,63.27,63.52,2548180,M,-0.0,0.19545574483663705,1.088716770779529,0.03571592092716415,0.2120730147368601,0.0524578326229627,0.16781819846322935,-0.02658891085622861,88275.56531677047,63.95375554064538,64.38005177352598,279235.9999999965,-0.4025179469659529,64.18000000000005,64.64650000000006,-0.1363767753285714,0.01349696679916502,-0.1498737421277364,0.2857142857142857,-0.11999999999999746,24.268471129197888,-2042431.4,-3504.3,63.59333333333333,63.91666666666666,64.31333333333333,64.63666666666666,63.19666666666666,62.87333333333334,62.47666666666667,-0.019147621988882056,-0.010591900311526473,0.3483570693038663,0.403176346760981,0.5730619512763492,0.8478038191650903,0.5673553008381327,0.5672950922351331,0.3472222222222228,-0.0011332940894652071,0.0005052428335209869,-0.026565736775528842,0.36103542234332425
632,632,2015-02-19,63.52,63.72,62.97,63.0,2958744,M,-0.0,0.20012420480858054,1.0435545346755921,0.041452211955428746,0.18705256935095269,0.057003807167531416,0.06908217039154707,-0.029554934931984182,-1028596.8407885886,63.63583702709692,64.24861827128541,1062440.960000001,-0.5805861799762155,63.828000000000046,64.58650000000007,-0.2254894827656244,-0.03430032311379288,-0.19118915965183156,0.2857142857142857,-0.5200000000000031,24.047345347595307,-3061540.0,-317555.45,63.23,63.49,63.97999999999999,64.24,62.74,62.48,61.99,-0.02567274976801727,-0.03816793893129771,0.28806756745302153,0.3688132060174118,0.6614529461727771,0.9204190979064428,0.3915702005587556,0.5170765120222635,0.04000000000000152,-0.0017556323388996974,0.0004203284179775918,-0.04489596805669018,0.36239782016348776
633,633,2015-02-20,63.06,63.82,62.51,63.7,4340281,M,0.0,0.19876531787491686,1.0790805967188468,0.029648491807749457,0.5339214567542399,0.05670868888563421,0.28222900969349146,-0.025541122291584336,602105.8180068308,63.65722468473128,64.19636891211536,322578.17999999947,-0.9143780933801048,63.63600000000007,64.49650000000005,-0.23689699448678425,-0.07481965738839116,-0.1620773370983931,0.35714285714285715,0.7000000000000028,23.886564397045078,-1736535.2,-267371.9,63.34333333333333,64.17666666666668,64.65333333333334,65.48666666666668,62.86666666666667,62.03333333333333,61.55666666666666,-0.009639303482586915,-0.032356068661704325,0.21003533346536155,0.3194712038566708,0.4716778561694866,0.9143779881780776,0.5638457825607995,0.5543451248358467,0.9083969465648876,-0.0018028272279646891,0.0003396896005859093,-0.04840642247099212,0.3637602179836512
634,634,2015-02-23,64.06,64.27,63.43,64.16,4529683,M,0.0,0.2106751856587547,1.047203183823,0.026148569758354084,0.8343046545228685,0.053460104838800815,0.426528790658694,-0.024926648847534063,1150272.6067768957,63.824816456487525,64.19290520619964,1822289.2399999944,-1.1769898259349576,63.60400000000007,64.41300000000007,-0.20643966612601616,-0.10114365913591618,-0.1052960069901,0.42857142857142855,0.4599999999999938,23.57603010402529,-251153.6,-225475.15,63.95333333333333,64.47666666666666,64.79333333333332,65.31666666666665,63.63666666666666,63.11333333333333,62.79666666666666,0.008170961659333691,-0.02905569007263925,0.423799901375477,0.4106309268068252,0.4157884077275887,0.86088143324542,0.6655797280564061,0.5843167909512538,0.8690476190476192,-0.0013346863181860544,0.00027016169184641717,-0.04348517719231562,0.3651226158038147
635,635,2015-02-24,64.23,64.45,61.1,62.1,12863870,M,-0.0,0.2221179998039964,1.3542427593132669,0.04973903676736486,0.12011027825918782,0.056912661043495336,-0.07845072141670069,-0.032750987556238835,-1443274.6461718304,63.24987763765835,63.993580900847284,-13637742.400000013,-1.7597253091682656,63.29600000000006,64.21400000000007,-0.3445549824687077,-0.14982592380247453,-0.1947290586662332,0.35714285714285715,-2.059999999999995,23.77305440027717,-1900166.0,-989628.65,62.55,64.0,65.9,67.35000000000001,60.65000000000001,59.2,57.3,-0.022355163727959725,-0.0520531216608152,0.1431006828152572,0.22565960786586595,0.7870705178067823,0.9136474040617534,0.5432223062664597,0.5570968549260455,0.298507462686567,-0.0019756201395051453,0.0001827014124268805,-0.07120887945221557,0.36648501362397823
636,636,2015-02-25,62.15,64.1,62.1,63.58,6970869,M,0.0,0.2331120761396076,1.4403437247381636,0.05002734558034312,0.5858821385470852,0.054304170692486615,0.3456279390108043,-0.029787709147415038,341015.2238003209,63.35991842510557,63.95419224362372,-1415887.879999996,-2.219637899945869,63.308000000000064,64.11750000000006,-0.3307757575808594,-0.18601589055815154,-0.14475986702270788,0.42857142857142855,1.4799999999999969,24.01734971728021,3643.8,-502501.95,63.25999999999999,64.41999999999999,65.25999999999999,66.41999999999997,62.41999999999999,61.26,60.42,0.00920634920634918,-0.02018801047927265,0.14310068281525715,0.22565960786586595,0.7917827985000913,0.8704619160938784,0.6088148708443069,0.5745162020759461,0.7400000000000011,-0.001852929161269116,0.00010393130790513672,-0.06757756181918556,0.3678474114441417
637,637,2015-02-26,63.71,63.86,62.58,63.58,4891531,M,0.0,0.24069626193731625,1.418964561439742,0.049050221780939575,0.5501452723610324,0.05361134441891632,0.36254751196650703,-0.028112635436332804,850781.6717388922,63.43327895007038,63.918554887088135,-11799061.719999975,-2.454629933875665,63.42400000000006,64.05200000000005,-0.31621054426324235,-0.21205482129916972,-0.1041557229640726,0.5,0.0,24.243565534901048,595392.6,-389294.65,63.34,64.1,64.61999999999999,65.38,62.81999999999999,62.06,61.53999999999999,-0.001883830455259098,-0.027233782129742982,0.14310068281525715,0.22565960786586595,0.7777403165585786,0.8584784581801077,0.6662932472295376,0.5942051352115703,0.7812499999999993,-0.0014659750964020615,3.3502860956014535e-05,-0.06476599963941881,0.3692098092643052
638,638,2015-02-27,63.68,64.06,63.27,63.72,3573916,M,0.0,0.2398888452390062,1.335102619914443,0.04916213537852749,0.5936420894340045,0.050244281895619435,0.42221837459003214,-0.025558801654240116,264843.87580222014,63.528852633380254,63.89964489784165,-475573.42000000185,-2.628417813373849,63.42800000000005,63.97000000000007,-0.2900274222136829,-0.2276493414820724,-0.06237808073161055,0.5714285714285714,0.14000000000000054,24.33643499628416,442119.6,-328613.7,63.68333333333334,64.09666666666666,64.47333333333333,64.88666666666667,63.30666666666667,62.89333333333334,62.51666666666667,-0.006857855361595975,-0.002504696305573007,0.2587408247480903,0.2721155483464985,0.7795639806973108,0.8035316782156947,0.6340689158745425,0.591863717873759,0.5696202531645522,-0.000964551356606742,-2.7111728171902084e-05,-0.06017667967286594,0.3705722070844687
639,639,2015-03-02,63.4,64.64,63.26,63.9,4664358,M,-0.0,0.24124261865748614,1.341088937259184,0.04577844769159299,0.6806115001604882,0.05023690208286991,0.4779071187232116,-0.02384616029544417,-264817.2025891661,63.6525684222535,63.89967871709483,-72695.36000000006,-2.4374169911950965,63.37600000000005,63.97100000000007,-0.251849449984384,-0.2324893631825347,-0.01936008680184928,0.6428571428571429,0.17999999999999972,24.43751029328404,469054.6,52895.4,63.93333333333334,64.60666666666668,65.31333333333333,65.98666666666668,63.22666666666667,62.55333333333334,61.84666666666667,0.02898550724637677,-0.0043627298223747,0.5211208546666961,0.39625541063962,0.7253137252256,0.8034262157858184,0.5773019825637046,0.5796641367374037,0.4637681159420286,-0.00041820124453911914,-7.648094519567578e-05,-0.05341572740898143,0.37193460490463215
640,640,2015-03-03,63.89,64.14,63.0,63.47,2944641,M,-0.0,0.2453203485615536,1.3142770789579596,0.010402479407661591,0.2281450580045428,0.050636614251586914,0.35621520585798405,-0.0236179455958692,-514251.856869424,63.59171228150233,63.85875693451437,157318.75,-2.399768357759558,63.65000000000005,63.93550000000007,-0.2533698483804159,-0.2366654602221109,-0.01670438815830494,0.5714285714285714,-0.4299999999999997,24.54044293886648,2452900.4,-252085.6,63.53666666666667,64.07333333333334,64.67666666666668,65.21333333333334,62.93333333333334,62.39666666666667,61.79333333333334,-0.0017301038062283649,-0.039352202209777434,0.4263989875502495,0.3634192226454924,0.16552945357441518,0.8093693126205844,0.522294888960598,0.5637228572152114,0.4122807017543848,-0.00023483661010726415,-0.00012198323006154184,-0.054537182915336484,0.3732970027247956
641,641,2015-03-04,63.36,63.49,62.65,62.89,2763471,M,-0.0,0.249238167488987,1.2510401350968987,0.024128084741939552,0.09410682740308007,0.04189531896303944,0.1682182015932225,-0.02610415405081976,-782006.1925653189,63.35780818766822,63.76649436932252,1919895.869999996,-2.462859266679024,63.512000000000036,63.77650000000007,-0.29794144429319397,-0.2489206570363276,-0.049020787256866434,0.5,-0.5799999999999983,24.628813690207142,506032.4,-588303.9,63.01,63.37,63.85,64.21000000000001,62.53,62.17,61.68999999999999,-0.010852469329977944,-0.030821390044691012,0.3176018345299651,0.3210891923414622,0.3831057295325165,0.6679842024615719,0.4434346878784943,0.5372458504055996,0.2857142857142869,-0.0005358072280778956,-0.00017115970019276175,-0.0644897369730617,0.37465940054495916
642,642,2015-03-05,63.19,63.29,62.83,63.19,2598358,M,0.0,0.2541845313874589,1.1455681170839789,0.02553095810216124,0.34933907983432505,0.03929288247839465,0.2996102188496064,-0.02400385966782088,23680.00183972251,63.30187212511214,63.711590143672744,96959.24000000038,-2.478972587410082,63.43400000000005,63.69150000000007,-0.3055352422955906,-0.2602435740881802,-0.04529166820741037,0.5714285714285714,0.2999999999999972,24.55911564825708,1025704.0,-172226.8,63.10333333333333,63.37666666666666,63.56333333333333,63.83666666666666,62.91666666666666,62.64333333333333,62.45666666666666,-0.008317639673571894,-0.008006279434850943,0.3176018345299651,0.3210891923414622,0.4048826990631244,0.6256556560931688,0.5564926904697199,0.5606137404290826,0.7826086956521712,-0.0007081073628956617,-0.00021763618876125213,-0.06725123379212966,0.3760217983651226
643,643,2015-03-06,62.91,63.21,62.7,62.98,2775006,M,0.0,0.26078760471449325,1.0608257014727815,0.025877851535451205,0.3131532437684181,0.04056454800315402,0.23839696484109324,-0.02358021585254174,-29603.102011408482,63.19458141674142,63.64191489189439,1038.1499999999573,-2.584327769527248,63.286000000000065,63.65550000000007,-0.324755052784127,-0.2731458698273696,-0.05160918295675737,0.5714285714285714,-0.21000000000000085,24.43310511377686,-244080.4,-76935.6,62.96333333333333,63.22666666666666,63.47333333333333,63.73666666666666,62.71666666666666,62.45333333333333,62.20666666666666,-0.01439749608763696,-0.011768397928761965,0.2678485221192342,0.3027929030547915,0.4094264280681416,0.6455391463536932,0.5540016629275225,0.5595095373256583,0.5490196078431276,-0.0008940385398583744,-0.00026357547668558114,-0.07287425313770447,0.37738419618528607
644,644,2015-03-09,62.85,63.0,62.5,62.56,2703216,M,-0.0,0.27213104257533205,0.9860489412764106,0.02155965573641549,0.16289977657909294,0.04339328375134728,0.12423215810274656,-0.02657490496776936,-788960.68078367,62.983054277827605,63.53887537838062,-66060.53999999953,-2.521343412302653,63.018000000000065,63.597000000000065,-0.36961667008671373,-0.29244002987923845,-0.07717664020747539,0.5714285714285714,-0.4199999999999946,24.27345720320261,-1717595.2,-537052.95,62.68666666666667,62.87333333333334,63.18666666666667,63.37333333333334,62.37333333333334,62.18666666666667,61.87333333333334,-0.014337482275090541,-0.017742188726644615,0.2002745508214827,0.27436745992209605,0.3396615962993582,0.6899206666836087,0.4093344419516832,0.5176514861517865,0.12000000000000455,-0.0012482065929563405,-0.0003133812524353869,-0.08432159507369402,0.3787465940054496
645,645,2015-03-10,62.02,63.38,61.85,63.3,4792526,M,0.0,0.2830296397357367,1.0585757491062229,0.01826674915999214,0.7746601033410986,0.04357892800774955,0.3998426101659959,-0.017363908380995073,991232.0440262929,63.088702851885074,63.51612534234437,645606.4000000006,-2.4255534181547267,62.984000000000066,63.577500000000065,-0.3415211660350437,-0.3022562571103995,-0.03926490892464418,0.5714285714285714,0.7399999999999949,24.150544058814965,-170161.8,-132279.35,62.84333333333333,63.83666666666666,64.37333333333333,65.36666666666667,62.30666666666666,61.31333333333333,60.776666666666664,0.006519319446652832,-0.018908865468071898,0.09324231096577228,0.20165552454042251,0.2876282322732365,0.6926598238531749,0.5887937674013388,0.558609670165964,0.94771241830065,-0.0010829686526532645,-0.00035457641806836725,-0.07947011516754429,0.3801089918256131
646,646,2015-03-11,63.19,63.21,62.21,62.36,2878221,M,-0.0,0.29242088304043345,1.0627656492253923,0.025748073059201036,0.18004691086793792,0.04450840002886115,0.10724633459742136,-0.0215203851813791,-377106.1440630411,62.84580190125672,63.406018166883,-35001.000000000495,-2.541985106654612,62.878000000000064,63.469500000000046,-0.3906027948716684,-0.3199255646626533,-0.07067723020901506,0.5714285714285714,-0.9399999999999976,23.997695287431565,-193111.8,-431466.75,62.59333333333333,62.97666666666667,63.59333333333334,63.97666666666667,61.97666666666667,61.59333333333333,60.97666666666667,-0.013134989713562244,-0.03705991352686852,0.0932423109657723,0.20165552454042251,0.404746834454111,0.7062314739079514,0.4425291782675587,0.519694463483491,0.14999999999999858,-0.0013156946479841011,-0.00040069789972229487,-0.09099927244811812,0.38147138964577654
647,647,2015-03-12,62.65,63.25,62.54,63.19,3218552,M,0.0,0.2941863215603305,1.0397302293286736,0.025748073059201036,0.6927130575466596,0.04034165600925399,0.4214014140722573,-0.02147167119735331,589459.8176321322,62.96053460083781,63.38544500813224,173137.1399999991,-2.4001825545466677,62.878000000000064,63.39100000000007,-0.35839492236620885,-0.3276194362033644,-0.030775486162844427,0.5714285714285714,0.8299999999999983,23.8875314794745,-69073.0,-377379.1,62.99333333333333,63.44666666666666,63.70333333333334,64.15666666666667,62.73666666666666,62.28333333333333,62.026666666666664,0.0033343918704350725,-0.022734302505412914,0.14815255558863213,0.21943544833768955,0.404746834454111,0.6393244790206555,0.6001837714271977,0.5573895581752039,0.9154929577464758,-0.001072504774706385,-0.0004377979046782922,-0.08400270645082425,0.38283378746594005
648,648,2015-03-13,63.18,63.52,62.61,63.36,3226717,M,0.0,0.2829503469063699,1.0224328654181842,0.029260821779961806,0.7204023317786841,0.03570835770695916,0.5150358153553792,-0.014905887787227347,745937.3339057894,63.09368973389187,63.38302167402441,348496.0,-2.382601988032986,62.954000000000065,63.326000000000036,-0.3155153080400908,-0.3251986105707097,0.009683302530618942,0.5714285714285714,0.1700000000000017,23.806905115986194,1131271.6,-101806.1,63.16333333333333,63.71666666666667,64.07333333333334,64.62666666666667,62.80666666666666,62.25333333333333,61.89666666666666,0.012787723785166195,-0.014925373134328263,0.45820217259877005,0.33719123402905754,0.4605214435839293,0.5653168650377244,0.6748477890100721,0.5827977739847864,0.8241758241758208,-0.0006111795183253242,-0.0004646112951355785,-0.07508900899768134,0.38419618528610355
649,649,2015-03-16,63.63,64.15,63.61,64.13,3611435,M,0.0,0.2734235930751389,0.9914418166957604,0.039773821544122234,0.8425514727507905,0.034689067465155564,0.8703804306212697,-0.00996847308899492,1140461.9272114541,63.43912648926125,63.454162466974466,369310.0199999991,-2.0910556197719696,63.268000000000065,63.31650000000007,-0.21690005114026434,-0.30353889868462064,0.0866388475443563,0.6428571428571429,0.769999999999996,23.74561192501616,2394201.8,223626.9,63.96333333333333,64.31666666666666,64.50333333333334,64.85666666666667,63.776666666666664,63.42333333333333,63.23666666666665,0.013112164296998394,0.007699560025141341,0.7524883428474397,0.5319171045519511,0.6291025353633819,0.549097585039381,0.7708861803276963,0.6190039824588967,0.9629629629629444,0.00027003716948351814,-0.0004723475131136752,-0.05295556218228164,0.385558583106267
650,650,2015-03-17,63.85,64.26,63.6,64.1,2787612,M,0.0,0.2742839507187436,0.9472495744696596,0.046194701747230574,0.7293485971664888,0.036154160355914115,0.8320980363732229,-0.004864274017195037,591127.6649130981,63.6594176595075,63.51567080345309,-324937.6999999977,-1.644102104992196,63.42800000000005,63.33950000000005,-0.13955875241657625,-0.2707428694310118,0.13118411701443555,0.6428571428571429,-0.030000000000001137,23.727708240412607,878174.2,315186.7,63.98666666666667,64.37333333333333,64.64666666666668,65.03333333333335,63.71333333333334,63.32666666666667,63.05333333333334,0.02790250160359196,0.009130982367758049,0.7814995087827428,0.5586717930603566,0.7325093856058358,0.5724966099658559,0.7664493727437117,0.6322012943747868,0.7575757575757426,0.0010192885366414346,-0.0004657360794700581,-0.03564781697682606,0.3869209809264305
651,651,2015-03-18,64.06,64.99,63.5,64.61,4013140,M,0.0,0.27725385797824703,1.0196162978737042,0.036917290858417336,0.8104058859346541,0.040296870181620495,0.9760078372076192,0.003532266223269872,481337.8159822915,63.97627843967166,63.61989263169565,192818.4000000016,-1.3728313167970143,63.878000000000064,63.39400000000004,-0.0366895439872792,-0.22393220434226524,0.18724266035498605,0.6428571428571429,0.5100000000000051,23.860078878524128,2256446.4,643252.7,64.36666666666667,65.23333333333335,65.85666666666668,66.72333333333334,63.74333333333336,62.87666666666668,62.25333333333336,0.022471910112359574,0.025555555555555547,0.8954042465486117,0.6952761207121588,0.5895506763634962,0.6386449470734128,0.7592883961468152,0.6429408323346187,0.7449664429530223,0.001794762737303548,-0.00044136862660012333,-0.011765015474202488,0.388283378746594
652,652,2015-03-19,64.43,65.19,64.37,65.07,2823947,M,0.0,0.28771076907566545,0.9930007914905428,0.039750825861826315,0.8194801162803692,0.04613088776133133,1.036836720897716,0.01162847275005509,402611.10612992273,64.34085229311444,63.7579980953437,35244.94999999996,-1.043154032223481,64.25400000000005,63.49750000000004,0.08101926083894284,-0.16294191130602362,0.2439611721449665,0.6428571428571429,0.4599999999999938,24.008377108460163,2177525.4,932387.25,64.87666666666667,65.38333333333333,65.69666666666666,66.20333333333332,64.56333333333333,64.05666666666667,63.74333333333334,0.02698863636363627,0.02150706436420707,0.9128333449788518,0.7230340436371956,0.6385373912314474,0.7322990114062845,0.7907451096263299,0.6630091851204035,0.8536585365853591,0.0025766607213961496,-0.00039785659857834334,0.016380075283531442,0.3896457765667575
653,653,2015-03-20,65.17,66.14,65.0,65.98,5929075,M,0.0,0.2977576052280809,1.0126006859584704,0.04820683541494485,0.8849180790457152,0.05779584796032315,1.1442302486937903,0.025365188958563233,1055232.407519137,64.8872348620763,63.96961732435858,2624830.9500000086,-0.633748423177479,64.77800000000005,63.611500000000035,0.2449105550949469,-0.0813714180258295,0.32628197312077634,0.6428571428571429,0.9100000000000108,24.19823932268193,2717997.0,1011826.95,65.70666666666666,66.41333333333333,66.84666666666666,67.55333333333333,65.27333333333333,64.56666666666666,64.13333333333333,0.028847653204428638,0.02836658354114725,0.9586517340695172,0.8167436032464495,0.7806855961273249,0.9191201456320246,0.8137131140198935,0.6817367982334147,0.8596491228070207,0.003588732373452741,-0.00032861601280266404,0.05594136392190803,0.391008174386921
654,654,2015-03-23,65.82,66.14,65.63,65.64,3472998,M,-0.0,0.29711681778253624,0.9455872611640084,0.04665711877903475,0.684426178142733,0.06404487577992704,0.9791932857622606,0.037655132639347895,-1192399.402564197,65.13815657471753,64.12870138870538,369959.0700000048,-0.3502840613054269,65.08000000000007,63.685500000000026,0.3434019046676582,0.003583246512868056,0.3398186581547901,0.7142857142857143,-0.3400000000000034,24.317236002627144,1301110.4,611692.9,65.80333333333333,65.97666666666666,66.31333333333333,66.48666666666666,65.46666666666665,65.29333333333332,64.95666666666665,0.02402496099844004,0.05700483091787437,0.9586517340695174,0.8167436032464495,0.759111322534896,1.0196824841206364,0.5490113570590173,0.618676897748067,0.019607843137264738,0.004067272876880472,-0.0002463570992660715,0.08076940904109793,0.3923705722070845
655,655,2015-03-24,65.32,65.77,65.14,65.33,2338393,M,-0.0,0.2892677636972035,0.9035089596754732,0.03217590131237178,0.5019030193469557,0.06334531341383345,0.8666791078698569,0.04279704094586954,-1237027.1115066176,65.20210438314501,64.24311078025725,2333943.3000000203,0.18452455245758734,65.32600000000005,63.84700000000004,0.3919247351913669,0.08125154424856784,0.310673190942799,0.7142857142857143,-0.3100000000000023,24.367695754044167,1390954.2,1137966.75,65.41333333333334,65.68666666666668,66.04333333333334,66.31666666666668,65.05666666666669,64.78333333333335,64.42666666666669,0.011143785791673098,0.0275243787354514,0.6259987380244877,0.6566822177930187,0.5254807322830002,1.011102056383257,0.4665366719017783,0.5884778885898987,0.3015873015873002,0.003929273784142153,-0.00016051452087914228,0.09433497236957124,0.39373297002724794
656,656,2015-03-25,65.33,65.82,64.72,64.72,3670036,M,-0.0,0.2900708001800155,0.929707765052076,0.029935122708192582,0.17896949596464864,0.06430033011237092,0.6985861302466091,0.0469198681638865,-2015313.977250135,65.04140292209668,64.28852880118514,-181274.96000000034,0.4840576365467161,65.34800000000004,63.90400000000004,0.3768138504428009,0.14036400548741448,0.23644984495538646,0.6428571428571429,-0.6099999999999994,24.488380538980998,-145681.0,605921.5,65.08666666666666,65.45333333333332,66.18666666666664,66.55333333333331,64.35333333333332,63.98666666666666,63.25333333333333,-0.005378822806208611,0.017930166719094063,0.4419643256973345,0.5479108461705084,0.4890500996837425,1.0272620738752387,0.31102444793451883,0.5324323753908607,0.0,0.003147212209568033,-8.231033168497562e-05,0.09231239418610493,0.39509536784741145
657,657,2015-03-26,64.14,64.22,63.23,63.26,5000928,M,-0.0,0.2908423450360502,1.0044133963784665,0.06589139531206015,0.09691904306905846,0.06480320183761105,0.34831456317397524,0.04062480641205747,-2477522.70538693,64.44760194806445,64.19057367726275,-5511447.450000001,0.6120006597072951,64.98600000000005,63.88800000000005,0.2442134267743512,0.16113388974480186,0.08307953702954937,0.6428571428571429,-1.4600000000000009,24.62687819949781,-1710656.0,355875.1,63.56999999999999,63.90999999999999,64.56,64.89999999999999,62.91999999999999,62.57999999999999,61.92999999999999,-0.041224613519248346,-0.007219083490269946,0.17965102944665012,0.3233543260364094,1.070504553937386,1.0350367397503246,0.21745064205735634,0.4846105330015436,0.030303030303031386,0.0014250391412352944,-3.142280358309046e-05,0.060069369813883965,0.39645776566757496
658,658,2015-03-27,63.49,64.01,63.25,63.65,2393112,M,0.0,0.28248311266428505,0.9718249435280047,0.06424172900207482,0.290102303315837,0.06485158940711945,0.4433986587468291,0.035075977266300296,-906534.983502117,64.18173463204296,64.13909046990439,1366308.6800000004,0.7810960037404786,64.52000000000004,63.884500000000045,0.16865225806802187,0.16263756340944585,0.006014694658576014,0.7142857142857143,0.39000000000000057,24.635996794319638,-2417848.6,296834.9,63.63666666666666,64.02333333333333,64.39666666666668,64.78333333333333,63.26333333333332,62.87666666666666,62.50333333333332,-0.03031687995124927,-0.003912363067292646,0.1796510294466501,0.32335432603640946,1.0362190888034677,1.0357528408697814,0.3204056911961305,0.4885824621893659,0.5263157894736789,4.711647442612222e-05,3.220535253741876e-06,0.041966345921689685,0.3978201634877384
659,659,2015-03-30,64.07,64.66,63.95,64.44,2721931,M,0.0,0.27914869857945185,0.9769149510576038,0.05168088925592744,0.5481630672180748,0.0652896470736112,0.6266548019356531,0.035641916970266536,107828.21057741703,64.26782308802863,64.16774852038968,-2689216.4599999995,0.9540268508876736,64.28000000000004,63.911500000000046,0.1705498921805173,0.16422002916366016,0.006329863016857146,0.7142857142857143,0.7899999999999991,24.62950636968005,-1178862.8,199713.55,64.35000000000001,64.75000000000001,65.05999999999999,65.46000000000001,64.04000000000002,63.64000000000002,63.33000000000003,-0.01362314403796113,0.015282810776744904,0.455813227239757,0.45855990389077,0.8305118903427545,1.0431898197362763,0.4436507424875608,0.5077784986542283,0.6901408450704214,-0.0004213568441919332,3.561649039579215e-05,0.04218453820326056,0.3991825613079019
660,660,2015-03-31,64.44,65.75,64.06,64.91,4808308,M,0.0,0.27845021195089303,1.0719929575832563,0.04425838073109335,0.7513012928763083,0.06630844116821633,0.7183778633025005,0.03640811428767885,192694.9998530554,64.48188205868576,64.23843913749542,3043146.959999996,1.2515630645353302,64.19600000000004,63.98350000000005,0.20758593153156826,0.17289320963724178,0.034692721894326456,0.7857142857142857,0.4699999999999989,24.39960910511371,250477.4,587361.0,64.90666666666667,65.75333333333333,66.59666666666666,67.44333333333333,64.06333333333333,63.21666666666667,62.37333333333334,0.0029357231149567016,0.03211957385911903,0.6960405557405106,0.6121494150885239,0.7103027523533175,1.0606615363716432,0.4634200216189253,0.507319458771126,0.5029585798816542,-0.00021423076930065864,7.18386797110463e-05,0.050858479381268966,0.4005449591280654
661,661,2015-04-01,64.52,66.07,64.4,65.45,6269174,M,0.0,0.28962324967922765,1.1517272299054873,0.05568686590380704,0.8092376952952942,0.06713992466956249,0.8109578950648841,0.038149765241688116,714457.7090809321,64.80458803912383,64.35382588630539,3582715.4300000183,1.5352565058712568,64.34200000000003,64.11150000000005,0.2773140429144973,0.19377737629269293,0.08353666662180442,0.7857142857142857,0.5400000000000063,24.26024934034563,2238319.4,1038993.25,65.30666666666667,66.21333333333334,66.97666666666666,67.88333333333333,64.54333333333335,63.63666666666669,62.873333333333356,0.034619032564021573,0.035765152714037116,0.7427205728332786,0.6469015218250624,0.8957510814956885,1.0761103201131648,0.5185275194026379,0.518883559361501,0.6287425149700628,0.0004577377372184787,0.00011719994031204588,0.06733182279894727,0.4019073569482289
662,662,2015-04-02,65.52,68.48,65.29,67.85,10021276,M,0.0,0.30035812906527004,1.4234969325847555,0.09754687717599901,0.9068546874917406,0.08321279428807289,1.1547091870588777,0.049528061393461865,2278486.0341854915,65.81972535941588,64.6867948495144,15326125.919999987,2.1406674566635995,65.26000000000003,64.34450000000004,0.5202370470701965,0.2590693104481937,0.2611677366220028,0.7857142857142857,2.3999999999999915,24.48229159084693,5242760.2,1410139.15,67.20666666666666,69.12333333333332,70.39666666666666,72.3133333333333,65.93333333333332,64.01666666666667,62.74333333333333,0.06598586017282004,0.07732613528104157,0.9017731459585148,0.8035620951433871,1.5914773011264245,1.3385714105172273,0.6131876252652894,0.5458953953261765,0.8025078369905925,0.002453600063633925,0.0002004822659058201,0.12057694815913254,0.4032697547683924
663,663,2015-04-06,67.34,68.18,67.0,68.13,5113113,M,0.0,0.3143474502649995,1.3910306749067889,0.10368116482726968,0.7877915525478528,0.0954855888797108,1.0719325081826492,0.05787862238197655,2271061.845885966,66.58981690627725,65.01471914956065,-3098243.479999992,2.6464453786319653,66.15600000000003,64.60200000000005,0.7269688930945079,0.3526492269774566,0.37431966611705136,0.7857142857142857,0.28000000000000114,24.67627405060629,5786760.4,1804545.1,67.77,68.53999999999999,68.94999999999999,69.72,67.35999999999999,66.58999999999999,66.17999999999998,0.0572625698324022,0.08903452685421984,0.9017731459585148,0.8035620951433872,1.7147827850782142,1.5421400032017702,0.7280007897248789,0.5851079404040701,0.9576271186440584,0.004383694286465403,0.0003132978162274143,0.16474697727658089,0.40463215258855584
664,664,2015-04-07,68.17,69.39,67.88,67.95,4176456,M,-0.0,0.32923718038475663,1.4068932515858843,0.0925487804353524,0.6764812443500234,0.10079600802748624,0.9708058877999828,0.06315282562406534,-633127.8885094454,67.0432112708515,65.29426970674535,-584482.0000000497,3.048579730607432,66.85800000000003,64.87150000000005,0.8662947679785589,0.4553783351776771,0.41091643280088175,0.7857142857142857,-0.1799999999999926,24.819518653271512,4407083.0,1730883.1,68.40666666666665,68.93333333333331,69.91666666666666,70.44333333333331,67.4233333333333,66.89666666666665,65.9133333333333,0.04683407795409038,0.07345971563981052,0.9389272883767452,0.8501759533456296,1.5469065905866983,1.63469705868877,0.5007863984479342,0.5337983856888295,0.04635761589404448,0.005511913522007253,0.00044234266254872766,0.19494518130757613,0.40599455040871935
665,665,2015-04-08,67.92,69.98,67.77,69.8,5338301,M,0.0,0.3435429995194199,1.5139741513744345,0.0915865333132808,0.816118295307586,0.1181661969993428,1.0975449867011304,0.07732736759563437,863880.6165960996,67.96214084723431,65.72338687753151,376063.96000000037,4.008300288504612,67.83600000000004,65.19650000000004,1.1131592594919797,0.5869345200405377,0.5262247394514418,0.7857142857142857,1.8499999999999943,25.03886829868127,4513081.6,1758171.85,69.18333333333334,70.59666666666669,71.39333333333336,72.80666666666669,68.38666666666667,66.97333333333333,66.17666666666666,0.0664629488158899,0.11930724823604873,0.9514606057187645,0.8681989110750788,1.5532160184599297,1.9260056156669143,0.6400416110316535,0.5704415904993307,0.9185520361990922,0.006943052097220569,0.0006046112729901053,0.24349193724717744,0.40735694822888285
666,666,2015-04-09,69.72,69.72,67.97,68.0,6404159,M,-0.0,0.3574603350069528,1.5561109311911758,0.0479350436578098,0.3943888262612413,0.1161649265146109,0.8315012944299351,0.07804878978732506,-1991928.204983597,67.97476056482289,65.94020717490946,111385.14999999368,4.707148004105172,68.34600000000003,65.47850000000005,1.1502962911963124,0.6996068742716927,0.4506894169246197,0.7142857142857143,-1.7999999999999972,25.277221129834412,1978415.0,1581874.95,68.56333333333333,69.15666666666667,70.31333333333333,70.90666666666667,67.40666666666667,66.81333333333333,65.65666666666667,0.002210759027266112,0.07611963918341512,0.9514606057187642,0.8681989110750787,0.8190421234591675,1.901576285196739,0.4324086930687216,0.5177464730368095,0.01714285714285779,0.006795380293031663,0.0007623818692674492,0.2425022304972437,0.4087193460490463
667,667,2015-04-10,68.73,69.78,68.71,69.16,7663480,M,-0.0,0.3711501088000811,1.5859628070323528,0.04840034017426227,0.6662324877522616,0.12101182420368545,0.9250109584138896,0.09056568704781702,-1398712.0161283577,68.36984037654861,66.24685411063236,-1488114.5600000012,5.387032929205784,68.60800000000003,65.77700000000007,1.258819079099169,0.8114493152371881,0.4473697638619808,0.7142857142857143,1.1599999999999966,25.497493025843173,1506855.8,1804121.35,69.21666666666667,69.72333333333334,70.28666666666668,70.79333333333334,68.65333333333334,68.14666666666666,67.58333333333333,0.015118156465580524,0.091540404040404,0.9533680747229452,0.8704130575969551,0.8301626346689469,1.9899486901614565,0.4284593779336648,0.5084906896679278,0.4205607476635512,0.006618487395701908,0.0009276342129099312,0.2556797058007726,0.4100817438692098
668,668,2015-04-13,69.24,69.88,68.98,69.15,4586225,M,-0.0,0.3602252779750577,1.494501099428038,0.04699034546417698,0.6045307055414224,0.12353273249083427,0.877816225522269,0.1004414577714059,-1549450.75907786,68.62989358436573,66.52334419533403,-2090624.1000000103,5.9636039010420525,68.81200000000004,66.06650000000006,1.3287008180076896,0.9148996157912886,0.4138012022164009,0.7142857142857143,-0.009999999999990905,25.681742246634908,-433011.8,1413474.25,69.33666666666667,69.69333333333334,70.23666666666666,70.59333333333333,68.79333333333335,68.43666666666668,67.89333333333336,0.017660044150110417,0.07827849680336832,0.9572847938511156,0.8745636508962451,0.8083749130202371,2.0403438177764275,0.34860254825207404,0.4780524229270672,0.18888888888889255,0.006220087094476137,0.0010930813258765108,0.2653177907753011,0.41144414168937327
669,669,2015-04-14,68.81,69.05,67.17,68.0,4501599,M,-0.0,0.34972887188827384,1.559234286170967,0.046220591605596544,0.2415901712268953,0.12257844801914608,0.7142316823709571,0.10143847290244637,-729890.27828364,68.41992905624382,66.6639780814927,3667781.959999989,6.289085295563372,68.82200000000003,66.26000000000006,1.2765716867478858,0.987234029982608,0.2893376567652777,0.7142857142857143,-1.1500000000000057,25.95534098535775,-498040.4,1007822.55,68.07333333333334,68.97666666666667,69.95333333333333,70.85666666666667,67.09666666666668,66.19333333333334,65.21666666666668,-0.025787965616045804,0.060842433697347986,0.3060018306103718,0.5189863080613251,0.7952483888700916,2.0305119914371565,0.379564819402092,0.4745702266199301,0.4414893617021278,0.004990180839293188,0.0012378335726371545,0.2505463038614106,0.4128065395095368
670,670,2015-04-15,68.39,68.71,67.79,67.91,3148934,M,-0.0,0.3368858202750153,1.4740030480148365,0.037993103401862335,0.2946469749587333,0.12012687794775938,0.6828376607196045,0.10476311512372337,-901208.7228301131,68.24995270416254,66.78264683563624,1782240.8400000131,6.619237594643528,68.44400000000005,66.45050000000006,1.2140024621227212,1.032587716410631,0.18141474571209024,0.7857142857142857,-0.09000000000000341,26.01313978989288,-2195487.4,989756.45,68.13666666666667,68.48333333333333,69.05666666666666,69.40333333333332,67.56333333333335,67.21666666666668,66.64333333333336,-0.0013235294117647561,0.05107568487850174,0.3060018306103718,0.5189863080613251,0.6500999923092668,1.995622775766898,0.2965214738042903,0.4417954224283832,0.13043478260868693,0.0036065765756108843,0.0013611499782034489,0.23749964767634496,0.4141689373297003
671,671,2015-04-16,67.84,68.27,67.53,67.67,2238311,M,-0.0,0.3324546258866978,1.3761359749461908,0.0420891442840102,0.2539933949768493,0.11796031382344042,0.6357462648894988,0.10336562453598427,-591518.5162028406,68.05663513610835,66.86715666081375,746885.0399999962,6.875991741747947,68.37800000000004,66.60350000000008,1.132000904799611,1.052470354088427,0.07953055071118388,0.7857142857142857,-0.2399999999999949,25.98453401409097,-1362317.8,677183.9,67.82333333333334,68.11666666666667,68.56333333333333,68.85666666666667,67.37666666666668,67.08333333333334,66.63666666666668,-0.02154424522845568,0.03995696941755047,0.2568101570283872,0.4798446330854523,0.7194928769630128,1.9641424404348808,0.2607440455992573,0.4177376859294125,0.18918918918919125,0.002275031835801422,0.0014609339632667474,0.2227554902251477,0.41553133514986373
672,672,2015-04-17,67.1,67.53,66.42,66.45,4512253,M,-0.0,0.328197203827335,1.3593178449533652,0.05676903546441349,0.1400920139601524,0.11587399326667412,0.4711996807892741,0.08649152105859108,-1326450.5862201722,67.5210900907389,66.82742745502196,-1990445.7399999916,6.870198031151261,67.83600000000004,66.67250000000007,0.9575324378963188,1.0334827708500054,-0.07595033295368657,0.7142857142857143,-1.2199999999999989,25.987729717946195,-3797464.4,310373.9,66.8,67.17999999999999,67.90999999999998,68.28999999999999,66.07,65.69,64.96,-0.03904555314533626,0.0071233707183994965,0.13097032272140866,0.3475811358268819,0.962746072440989,1.9314022040180847,0.18283837274184755,0.3805271469863282,0.027027027027028062,0.0005552702762520716,0.0015230589046456113,0.1887703299835783,0.41689373297002724
673,673,2015-04-20,66.89,67.14,66.45,66.79,3013423,M,-0.0,0.3226290374330359,1.2700754656262496,0.041577101801386164,0.2950585463385894,0.11539563755922368,0.5100020924266999,0.07245577151345313,-162303.54123828793,67.27739339382593,66.82386293549604,-682098.5599999964,6.8100080865240775,67.36400000000003,66.71300000000008,0.8370510756456326,0.9941964318091308,-0.15714535616349826,0.6428571428571429,0.3400000000000034,25.92789312521412,-2277534.8,164591.3,66.79333333333334,67.13666666666667,67.48333333333333,67.82666666666667,66.44666666666667,66.10333333333334,65.75666666666667,-0.01779411764705873,0.017519804996953162,0.13097032272140866,0.34758113582688194,0.7001999714371447,1.9245972921221248,0.28614345622403586,0.39121538281509816,0.4927536231884124,-0.0006674836807657918,0.0015589682764423662,0.16616109164346804,0.41825613079019075
674,674,2015-04-21,66.8,67.25,66.35,67.03,2759979,M,0.0,0.3155437123700358,1.220732070209417,0.03622309084593178,0.4424603544431592,0.11433194860905666,0.5324149178299342,0.0612094854446952,791434.2587779319,67.19492892921728,66.8434950368774,-1016318.919999997,6.608810482089647,67.17000000000003,66.78250000000007,0.7522631015102519,0.9458097657493552,-0.19354666423910327,0.6428571428571429,0.2399999999999949,25.913886190263828,-825219.2,476240.15,66.87666666666667,67.40333333333334,67.77666666666667,68.30333333333334,66.50333333333333,65.97666666666666,65.60333333333332,-0.012958327197761677,0.02602173580284713,0.2064938104562212,0.3715571076562465,0.6082762530303097,1.9088433394960835,0.44261415600121,0.4259144468856182,0.7555555555555583,-0.0012725501139480332,0.0015764186290451064,0.15113604577891102,0.4196185286103542
675,675,2015-04-22,67.07,67.37,66.37,67.0,2011359,M,0.0,0.3044135413860625,1.1913011275148278,0.026631903283159414,0.5067263897689624,0.11235857860972397,0.5178358256292286,0.04050917033323125,827200.3282895931,67.12995261947819,66.85840027146051,-210433.43999999372,6.398499388001229,66.98800000000003,66.86600000000007,0.6748678157744195,0.8916213757543678,-0.2167535599799485,0.6428571428571429,-0.030000000000001137,25.92529962470307,-597704.2,492591.85,66.91333333333334,67.45666666666668,67.91333333333336,68.45666666666668,66.45666666666668,65.91333333333334,65.45666666666668,-0.009900990099009924,0.035228677379480856,0.2994735951726076,0.399985398942292,0.4460044842830709,1.8782421793294524,0.5050761040008052,0.44535116622984455,0.6299999999999955,-0.001508294309070474,0.0015779935789920752,0.13841017512560966,0.4209809264305177
676,676,2015-04-23,67.03,67.87,67.03,67.42,2401478,M,-0.0,0.2928668289019261,1.1484609771795182,0.02122586074535176,0.8392415160520108,0.10816157341232346,0.5578175576418647,0.029698291136154936,545658.5823362229,67.22663507965213,66.91188595989283,-139815.39000000025,6.103583292772607,66.93800000000003,67.00100000000008,0.6400439558301372,0.8413058917695219,-0.20126193593938468,0.6428571428571429,0.4200000000000017,25.78735794032596,330253.6,796167.55,67.44,67.85,68.28,68.69,67.00999999999999,66.6,66.16999999999999,0.014597441685477785,0.06576035409421441,0.5838933151240261,0.5092922288557071,0.35520416664308924,1.8117333950497727,0.4914793074291078,0.4471544565208797,0.4642857142857131,-0.0012880346605777509,0.00157200817436098,0.1336524533078047,0.4223433242506812
677,677,2015-04-24,67.42,67.65,66.91,66.99,2269783,M,-0.0,0.2943288479179061,1.0939995135555836,0.013699856062775548,0.4390323928785799,0.09430573936868708,0.4688297350362718,0.0160250466498155,-130595.40107330494,67.14775671976808,66.91932539228401,-2584.240000001322,5.742742728671905,67.04600000000003,67.1875000000001,0.5711643623600366,0.7872775858876249,-0.21611322352758824,0.5714285714285714,-0.4300000000000068,25.655818207934093,778747.6,932724.8,67.18333333333334,67.45666666666668,67.92333333333335,68.19666666666669,66.71666666666667,66.44333333333333,65.97666666666666,0.00299446024854003,0.0524744697564807,0.5138011402420897,0.4842695089492528,0.2296301373962125,1.5840417159584177,0.36368890765544,0.41486432810061535,0.10810810810810448,-0.001177175493090782,0.0015534828780288856,0.12194971275399033,0.42370572207084467
678,678,2015-04-27,66.83,67.2,65.68,65.94,3560033,M,-0.0,0.29983568646453096,1.1507995784148386,0.03308809038105015,0.07700634172909576,0.08232506912248859,0.25418010247687395,-0.005383449812671845,-574543.1332356691,66.74517114651205,66.82605630730457,-1714661.4000000048,5.366025807610214,66.87600000000003,67.30200000000008,0.42692918955742704,0.7152079066215854,-0.2882787170641584,0.5,-1.0499999999999972,25.592282002331647,-535943.6,635067.55,66.27333333333333,66.86666666666665,67.79333333333332,68.38666666666664,65.34666666666665,64.75333333333333,63.82666666666666,-0.016261375503505943,0.023277467411545624,0.18871612692643744,0.30358463814312203,0.5531997830807778,1.3851604505204334,0.2994768156299406,0.39164416652712253,0.17105263157894182,-0.0016608718053014308,0.0015108840271991608,0.0934045233807866,0.4250681198910082
679,679,2015-04-28,65.56,66.17,65.07,65.8,3396830,M,0.0,0.3086970450827859,1.144026301292861,0.04303576099182705,0.2105465087380747,0.07513592511868444,0.1898402292594646,-0.01616934663817538,395014.7858585336,66.43011409767469,66.72833665898985,-1341185.9299999974,4.6758942099116485,66.63000000000004,67.37000000000008,0.2978910434635651,0.6317445339899814,-0.33385349052641633,0.42857142857142855,-0.14000000000000054,25.623032846168808,-1767305.4,329129.5,65.68,66.29000000000002,66.78000000000003,67.39000000000003,65.19000000000001,64.58,64.09,-0.017910447761194073,0.013711292558927756,0.13111720756292095,0.2491092936739373,0.7168681887213595,1.2654768188114442,0.4208633316320811,0.4175481852994312,0.6636363636363621,-0.0022134765058161145,0.0014484765087419838,0.0677129793988104,0.4264305177111717
680,680,2015-04-29,65.68,65.76,64.42,64.81,5506642,M,-0.0,0.3178277974984073,1.1754894611204791,0.062450226003188274,0.16567525264240246,0.0757582108839472,-0.00064153870378987,-0.03296515294315825,-330204.28660992533,65.89007606511646,66.54563792956225,-2199668.169999991,3.9934492871354004,66.19200000000004,67.36500000000007,0.11442365215397388,0.5282803576227799,-0.4138567054688061,0.42857142857142855,-0.9899999999999948,25.7294011482308,-2466362.0,-186618.0,64.99666666666667,65.57333333333334,66.33666666666666,66.91333333333334,64.23333333333333,63.65666666666666,62.89333333333333,-0.03871254820528032,-0.009778456837280377,0.09009509476639453,0.20319331911272975,1.0334263399007602,1.275862969049277,0.3775904797945216,0.4055002415679999,0.29104477611940266,-0.003110077816607398,0.0013587310634230404,0.02940147045423293,0.42779291553133514
681,681,2015-04-30,64.77,65.63,64.3,64.63,3291882,M,-0.0,0.3283595813369965,1.196090866304415,0.058192128302228266,0.2371302580272171,0.08030240909547877,0.0016905702263463212,-0.047024042154056964,-392285.92231521313,65.47005071007764,66.36319622198491,122789.16000000018,3.3375893795136338,65.63400000000004,67.32400000000004,-0.04498155359745226,0.4136279753787335,-0.4586095289761857,0.35714285714285715,-0.18000000000000682,25.79498525685434,-3605034.0,-664670.8,64.85333333333334,65.40666666666668,66.18333333333335,66.73666666666668,64.07666666666668,63.52333333333334,62.74666666666669,-0.035229138677414534,-0.047457627118644055,0.08335471409757933,0.19533773330769436,0.9548455372471132,1.3515698474860045,0.334433753446974,0.3905116757759884,0.24812030075187874,-0.0038676017697833335,0.0012476155103764894,-0.004702817933781018,0.42915531335149865
682,682,2015-05-01,64.16,65.26,63.96,65.07,3449874,M,0.0,0.3310239534819537,1.2099454174638269,0.03612439667396712,0.4236355221499464,0.08543598280352814,0.1315341605229111,-0.050084348971642434,922450.3341902646,65.33670047338511,66.24003467703395,-534759.6799999813,2.6288194380887364,65.25000000000003,67.18500000000007,-0.13425934666655334,0.3040505109696761,-0.4383098576362295,0.2857142857142857,0.4399999999999977,25.84606187480864,-2461102.6,-993240.9,64.76333333333334,65.56666666666666,66.06333333333333,66.86666666666667,64.26666666666667,63.46333333333333,62.96666666666666,-0.01319381255686995,-0.04491413474240426,0.06427909173532159,0.17294872511131046,0.5892792207440888,1.4350041261637607,0.5075712202466977,0.4346387689255272,0.8538461538461452,-0.004006989788501365,0.0011283548551214314,-0.024964863777615632,0.43051771117166215
683,683,2015-05-04,65.11,65.67,64.94,65.29,2041845,M,-0.0,0.3369996129535865,1.1459526951353172,0.027980447110446057,0.5932996209910486,0.08809189488209537,0.20318043477628206,-0.05207609025334814,572913.9944412853,65.32113364892341,66.14955518398308,-825024.4200000134,1.940539395556914,65.12000000000003,67.04300000000005,-0.18512645694386265,0.20621511738696835,-0.391341574330831,0.35714285714285715,0.22000000000001307,25.846848032837638,-1340727.0,-1146804.3,65.30000000000001,65.66000000000003,66.03000000000003,66.39000000000003,64.93000000000002,64.57000000000001,64.20000000000002,-0.007750759878419316,-0.03914643119941128,0.32504739584565684,0.2890744506743613,0.4555216789580621,1.4764862271450812,0.498198165095975,0.4389067009130513,0.4794520547945296,-0.003657630329230101,0.0010080919778701518,-0.037645366768962914,0.4318801089918256
684,684,2015-05-05,64.99,65.25,64.44,64.5,2905417,M,-0.0,0.34741194248888674,1.1064923357839425,0.01984052783497625,0.22024855752894446,0.09354738723348488,0.12105714139882533,-0.057987578681038286,-382957.32106295775,65.0474224326156,65.99245469027039,310340.48999999627,1.2032110060835803,64.86000000000004,66.87050000000005,-0.2858898458284358,0.10779412474388753,-0.3936839705723233,0.2857142857142857,-0.7900000000000063,25.835026800219588,-1242444.4,-1083252.35,64.73,65.02000000000001,65.54000000000002,65.83000000000001,64.21000000000001,63.92,63.40000000000001,-0.004783212467211885,-0.0759312320916905,0.22025194924091834,0.2404217852923329,0.3217141588441402,1.5638901394991886,0.35682346808867554,0.4041607364521965,0.07407407407407668,-0.003559559155748797,0.0008789125392578642,-0.0613894481404976,0.4332425068119891
685,685,2015-05-06,64.49,64.6,63.54,63.61,6060381,M,-0.0,0.3491830378016824,1.1002933576794165,0.04018757743892303,0.11107792606179127,0.09411685386718656,0.028933771333433476,-0.0644145491672167,-1625307.6155962476,64.56828162174375,65.765554243578,-6751140.480000027,0.1730207973608937,64.62000000000003,66.56100000000005,-0.4325746679365352,-0.00027963379219706494,-0.4322950341443381,0.2857142857142857,-0.8900000000000006,25.677330694382228,-1353192.2,-1653186.45,63.91666666666666,64.29333333333332,64.97666666666666,65.35333333333332,63.23333333333333,62.85666666666667,62.17333333333334,-0.015782144514931085,-0.06455882352941178,0.12152171685753542,0.17703709469658818,0.649230313525802,1.5661279775634522,0.2598948906754694,0.3719585459185642,0.06603773584905717,-0.0039327419734451205,0.0007340072720037515,-0.095313990963504,0.4346049046321526
686,686,2015-05-07,63.83,65.11,63.77,64.71,4548949,M,0.0,0.3386758050818523,1.1535875766554942,0.04025761907445255,0.5284386621119032,0.09517074321697637,0.23310668378413096,-0.06567339007952949,271112.64310135104,64.6155210811625,65.66502526799914,345141.71999998967,-0.42710168187054776,64.63600000000004,66.39650000000005,-0.4548197602669859,-0.09118765908715486,-0.363632101179831,0.35714285714285715,1.0999999999999943,25.487816719507343,214974.0,-1105531.05,64.52999999999999,65.28999999999996,65.86999999999998,66.62999999999997,63.949999999999974,63.18999999999999,62.60999999999998,-0.005532503457814653,-0.06434355118565649,0.35197302795929697,0.30053386100724594,0.6505228666240791,1.579751063001494,0.4070941062214555,0.4033427355752179,0.7014925373134278,-0.0035905234049993812,0.0005950380467629142,-0.10096078404871302,0.4359673024523161
687,687,2015-05-08,65.71,66.85,65.7,65.94,3458345,M,-0.0,0.3264024575841911,1.2851092331014282,0.05392371750339275,0.8233378879668576,0.0870410771748304,0.4487442716640758,-0.05953920219138385,-202095.80737829886,65.05701405410834,65.69121333771349,-6062743.879999995,-0.6749384981399862,64.81000000000003,66.23550000000004,-0.368945462118262,-0.1467392196933763,-0.22220624242488565,0.42857142857142855,1.2300000000000042,25.055539698852996,216668.2,-1315787.8,66.16333333333334,66.62666666666668,67.31333333333332,67.77666666666667,65.47666666666669,65.01333333333335,64.3266666666667,0.009955582784499793,-0.04642082429501096,0.7123730605158018,0.564214348166725,0.8736990328487214,1.4413023168033707,0.340961288205607,0.3848049181084268,0.20869565217391012,-0.0022941788479820713,0.00047965199266197616,-0.08180362600729682,0.4373297002724796
688,688,2015-05-11,65.84,66.3,65.46,66.03,5258650,M,0.0,0.3162106547523323,1.2257613353545715,0.06311305073773048,0.7614827037781481,0.07673371248700607,0.4902376979619666,-0.05109802629826731,861357.5402306487,65.38134270273889,65.72347873412174,936805.3200000052,-0.9381705942283259,64.95800000000003,66.07950000000004,-0.2902810352254477,-0.1754475827997906,-0.1148334524256571,0.35714285714285715,0.09000000000000341,24.745511432533466,860029.2,-823544.05,65.92999999999999,66.39999999999999,66.77,67.24,65.55999999999999,65.08999999999999,64.71999999999998,0.023720930232558158,-0.028970588235294106,0.6432875581378921,0.5315504191818797,1.0249243874553746,1.2676313385712803,0.4534980016608829,0.4127826810096657,0.6785714285714346,-0.0009089828976369908,0.0003854033937825457,-0.06518311387821868,0.43869209809264303
689,689,2015-05-12,65.56,65.75,65.06,65.33,6027831,M,-0.0,0.3180247235330203,1.191659823973962,0.06136536979136197,0.5515469290678761,0.07237046249975156,0.37092833695718863,-0.048742487061305656,203582.7103974938,65.36422846849257,65.68600456896729,-1567386.4599999988,-1.0941422462611659,65.12400000000002,65.94600000000004,-0.2811817715889475,-0.19659442055762197,-0.08458735103132553,0.2857142857142857,-0.7000000000000028,24.449478469779766,235546.4,-899855.65,65.38,65.69999999999999,66.07,66.38999999999999,65.00999999999999,64.69,64.32,0.027039773620499905,-0.037991459284346905,0.5245823236494854,0.4771414093670152,0.9990895855731649,1.1931356300021547,0.4327667837159495,0.410737125468372,0.3913043478260825,-0.00021931094536612223,0.00029966139883341844,-0.06341742116640903,0.44005449591280654
690,690,2015-05-13,63.75,65.3,63.27,63.73,15048560,M,-0.0,0.32195865436485144,1.3074385141107665,0.05857766966174605,0.12842793797209542,0.07284137759337797,0.08085977591348065,-0.051758048458436116,-2285236.0748116355,64.8194856456617,65.49971841954185,-22516793.00000004,-1.601269437248625,65.14800000000002,65.73700000000004,-0.39848369584422016,-0.2369722756149417,-0.1615114202292785,0.21428571428571427,-1.6000000000000014,24.287807262326044,-1562089.4,-1494836.95,64.1,64.92999999999998,66.12999999999997,66.95999999999998,62.89999999999999,62.07,60.87,-0.015144490805130537,-0.058223732821043366,0.2433043671853532,0.3095627378728281,0.9540545057808584,1.197093409713973,0.36404485088452376,0.3932003502067816,0.2266009852216725,-0.0008157712201159519,0.0002011378583991591,-0.08753922562908154,0.44141689373297005
691,691,2015-05-14,63.27,63.81,62.8,63.22,12726980,M,-0.0,0.3135555980091773,1.2677800455626649,0.07996054213884637,0.18565837497195575,0.07521691030181209,0.034376231676607374,-0.0538140605124918,-1159072.0239511193,64.28632376377448,65.28260237958547,-14135204.389999995,-2.0543579467513142,64.85000000000004,65.51450000000003,-0.5265295487981234,-0.29488373025157805,-0.23164581854654534,0.21428571428571427,-0.509999999999998,24.1272046604816,-5017275.2,-2019270.4,63.276666666666664,63.75333333333333,64.28666666666668,64.76333333333334,62.74333333333333,62.26666666666666,61.73333333333332,-0.04124962086745525,-0.04860797592174573,0.20324417597234767,0.2791405743755969,1.2963602894260475,1.2319495674920176,0.3813104286424876,0.3953566582021753,0.4158415841584153,-0.001899769682614312,8.87985837032529e-05,-0.1138758269578619,0.4427792915531335
692,692,2015-05-15,63.26,66.55,63.09,66.53,12346882,M,0.0,0.3124780752273305,1.5600760394876418,0.08861883229882128,0.7713035702092365,0.07541517528398466,0.7047119505171066,-0.037933031317769116,3971736.1359349694,65.03421584251632,65.40140215295828,-7564698.4000000125,-2.0258728332095206,64.96800000000005,65.51850000000003,-0.3568044529779968,-0.3072678747968618,-0.049536578181134994,0.2857142857142857,3.3100000000000023,24.36993722899024,-3239567.8,-1176313.65,65.39,67.69,68.85,71.14999999999998,64.23,61.93000000000001,60.77000000000001,0.007572315614114795,-0.003892798323102337,0.6600622370797685,0.5701718423012115,1.4393470741974563,1.2352722904609377,0.5856135034880557,0.4523912291523674,0.994219653179192,-0.0008971088617916238,1.2432833408955451e-05,-0.07462008248698382,0.444141689373297
693,693,2015-05-18,66.25,68.15,65.98,67.85,8016985,M,0.0,0.3151846397676749,1.6413992342226231,0.11777992779908528,0.8272340509123114,0.08009533805722169,0.9338370871977234,-0.015378658077507278,3672051.892636437,65.97281056167755,65.63460194791463,-21807276.84999998,-1.7013571929831122,65.33200000000004,65.57150000000003,-0.11446365764339815,-0.2687070313661691,0.15424337372277092,0.35714285714285715,1.3199999999999932,24.682610675134306,-2687900.8,-926135.55,67.32666666666667,68.67333333333333,69.49666666666668,70.84333333333333,66.50333333333333,65.15666666666667,64.33333333333333,0.03857339660186738,0.012233328360435523,0.7685486234094138,0.6638337950733966,1.9236995607424607,1.3129928648547786,0.6776593863499464,0.4913778884782112,0.8617511520737275,0.0012537817574146853,-1.8058969561426444e-05,-0.02504657441366334,0.44550408719346046
694,694,2015-05-19,67.96,69.22,67.38,69.08,9370434,M,0.0,0.3177850645221231,1.6678793363262743,0.15443519888707627,0.7937664250240241,0.09133607519173673,1.0678175734477109,0.012846775310593498,3897873.5710665113,67.0085403744517,65.96273509573228,-7589942.399999993,-0.9436016719873976,66.08200000000004,65.67400000000002,0.17482857411611974,-0.1799999102697113,0.35482848438583103,0.42857142857142855,1.2300000000000042,24.877085824664196,391752.2,-595612.8,68.56,69.74000000000001,70.4,71.58000000000001,67.9,66.72,66.06,0.0839479052251687,0.031044776119402963,0.8217947628214186,0.7132225236947909,2.5513467032139445,1.4996013505355297,0.7597439387260513,0.5325717127639303,0.9239130434782608,0.0038362924304091626,2.349390400834568e-06,0.028946320257237586,0.44686648501362397
695,695,2015-05-20,69.04,69.19,68.15,68.21,5724675,M,-0.0,0.31574358535870084,1.58416209148277,0.13690299106206705,0.6343586390069292,0.09603836345208412,0.892125256652672,0.03243307038875705,-503207.7841087238,67.40902691630113,66.17676032471016,-825231.5999999987,-0.5336635047370004,66.97800000000004,65.73450000000003,0.3300879742226783,-0.07798233337123335,0.4080703075939117,0.42857142857142855,-0.8700000000000045,25.013777584891766,2256529.2,-781278.6,68.51666666666667,68.88333333333333,69.55666666666664,69.92333333333332,67.84333333333333,67.47666666666667,66.80333333333334,0.07893071812717486,0.011717591219222664,0.8217947628214186,0.7132225236947909,2.292372133838783,1.5782584505852566,0.5257267283814664,0.4873451027571081,0.05769230769229665,0.005222158364709092,4.851981357158399e-05,0.05582793983540441,0.4482288828337875
696,696,2015-05-21,67.89,68.44,67.6,67.66,4659688,M,-0.0,0.3137821642016875,1.4849404792850678,0.05449705289870649,0.4443016986510189,0.09689310390176896,0.8003744301560024,0.0414248020446666,-1917412.1291040452,67.4926846108674,66.31802124616632,6689259.320000008,-0.2337680452836092,67.86600000000003,65.74650000000003,0.4040936241725888,0.0184328581375311,0.3856607660350577,0.42857142857142855,-0.5499999999999972,25.112996566579923,3869987.6,-1134336.9,67.89999999999999,68.19999999999999,68.73999999999998,69.03999999999999,67.35999999999999,67.05999999999999,66.51999999999998,0.01698481887870127,0.010001492760113476,0.6671639868685229,0.6451722720456009,0.9246242480059041,1.5925956139194135,0.3742940093971689,0.4477340045353429,0.07142857142857384,0.005378554257183801,0.00010533037228485318,0.06792459654044528,0.44959128065395093
697,697,2015-05-22,67.73,68.4,67.73,68.11,4005289,M,0.0,0.3077457493214547,1.38561508204706,0.032067030770306267,0.4670690688024032,0.10072627804177016,0.8481420876906279,0.05005260115132526,-879626.6553810325,67.69845640724493,66.48868588938858,171938.59999999026,0.08043295564835473,68.18200000000004,65.80250000000002,0.493367639100029,0.11341981433003072,0.3799478247699983,0.42857142857142855,0.4500000000000029,25.122960052148024,2201669.0,-820583.3,68.08,68.42999999999999,68.75000000000001,69.1,67.75999999999999,67.41,67.08999999999999,0.003831982313927858,0.032908704883227204,0.6671639868685229,0.6451722720456009,0.5465985729952558,1.6570102277108956,0.438584065966269,0.4591083068752597,0.5671641791044694,0.005182742671633907,0.0001743739461683881,0.08279216224828961,0.45095367847411444
698,698,2015-05-26,68.03,68.14,67.28,67.33,3987629,M,-0.0,0.297040039498575,1.3155330711074518,0.038937631934460544,0.2178206207291556,0.10273650383308873,0.7154427539498323,0.05516474484205481,-1667558.6171766473,67.57563760482996,66.56881104278014,221779.46999999887,0.3650296697633163,68.07800000000005,65.87200000000001,0.4954670224294944,0.18982925594992348,0.3056377664795709,0.42857142857142855,-0.7800000000000011,25.146469100563284,-199253.8,-841963.1,67.58333333333333,67.88666666666666,68.44333333333333,68.74666666666666,67.02666666666666,66.72333333333333,66.16666666666666,-0.0253329473074696,0.023252279635258374,0.512515557217765,0.5817433577625193,0.6626990267085516,1.6918647451233055,0.3117692222720853,0.420920804780827,0.05813953488371766,0.004303671498263051,0.00024031496610053683,0.08300541743525078,0.45231607629427795
699,699,2015-05-27,66.48,67.85,66.34,67.8,4183993,M,0.0,0.2906102968572112,1.3414619949597903,0.020899329153243173,0.4844789984469649,0.10584108210407173,0.7617955557781809,0.06069107453504394,526065.9118840707,67.65042506988664,66.68606713394394,-55398.24000000041,1.0080265787758065,67.82200000000005,65.97200000000001,0.5289583680873022,0.2576550783773993,0.27130328970990303,0.42857142857142855,0.4699999999999989,25.231355975042273,-1236542.0,-462921.95,67.33,68.32,68.84,69.82999999999998,66.81,65.82000000000001,65.30000000000001,-0.006010848849142304,0.046134855732140025,0.3054532511147116,0.4681269119900095,0.35435857545781485,1.7456369671424552,0.530141953920905,0.4729176250129906,0.9668874172185448,0.003556553815288776,0.00030821355954986765,0.08890147998730379,0.4536784741144414
700,700,2015-05-28,67.87,68.79,67.6,68.04,4493420,M,-0.0,0.2803614045712532,1.3212670622984866,0.0185071057372536,0.7008672869618602,0.10775295273495644,0.7675383979459721,0.06774291441144459,-239922.55119136674,67.78028337992443,66.81501312118738,359111.610000004,1.7279012624674877,67.78800000000005,66.13350000000001,0.5683153099207772,0.31978712468607484,0.24852818523470235,0.42857142857142855,0.2400000000000091,25.30274657126571,807077.0,37081.15,68.14333333333333,68.68666666666667,69.33333333333334,69.87666666666668,67.49666666666666,66.95333333333332,66.30666666666664,0.0056163168785103405,0.05276187529011312,0.5563749025613504,0.5678685148904467,0.31363992092923704,1.7815199749243107,0.4766772690004935,0.4630919368364839,0.3697478991596702,0.003043156595811289,0.0003786841533530197,0.0964956679621998,0.4550408719346049
701,701,2015-05-29,67.73,67.94,66.76,66.95,4812480,M,-0.0,0.2713211050741747,1.315764787325355,0.029246421025387475,0.14820117011180334,0.1058897232208956,0.5998554381414871,0.06868663489764648,-1197152.354440372,67.50352225328295,66.82786901440764,-534213.9499999965,1.726865361684363,67.64600000000004,66.24950000000001,0.5057224260589948,0.3569741849606589,0.1487482410983359,0.35714285714285715,-1.0900000000000034,25.38373828441797,776518.6,-38948.75,67.21666666666665,67.6733333333333,68.39666666666663,68.8533333333333,66.49333333333331,66.03666666666666,65.31333333333332,-0.01703127294083096,0.02889196250192116,0.383184435669669,0.4739948001358689,0.4946008491708406,1.753785304630681,0.3714571623845095,0.4343228903903941,0.16101694915254144,0.0020166320812176463,0.0004346188945371981,0.08656061700788784,0.4564032697547684
702,702,2015-06-01,67.03,67.51,66.65,66.81,2421602,M,-0.0,0.271352681208249,1.2549961490153076,0.031467819863097414,0.2283647356706921,0.10463346686649,0.5682176593865379,0.061082309414192265,-925591.4871517752,67.2723481688553,66.82616720351167,2548336.140000008,1.5644516275037397,67.38600000000005,66.33650000000002,0.4397511076367096,0.37352956949586896,0.06622153814084053,0.35714285714285715,-0.14000000000000054,25.443441224035908,-508859.6,-332522.55,66.99000000000001,67.33000000000001,67.85,68.19000000000001,66.47000000000001,66.13000000000001,65.61000000000001,-0.007723154611614378,0.02328074743452284,0.36249719635379857,0.4621708436078697,0.530122627323671,1.7352544936972292,0.3096536121323074,0.41067752098444255,0.18604651162790314,0.0009557028332293958,0.0004761408687767452,0.07656833564063661,0.45776566757493187
703,703,2015-06-02,66.77,69.5,66.5,68.49,11752643,M,0.0,0.27367075751846703,1.4876633291466002,0.04256220988275408,0.8029911858476833,0.1071105205920648,0.7798886728077167,0.06527146601237749,975017.2995808524,67.6782321125702,66.9846274698439,10687851.019999946,1.5797605362709901,67.61800000000005,66.49650000000001,0.5170698626319421,0.4022376281230837,0.11483223450885845,0.42857142857142855,1.6799999999999926,25.636136365675892,2639194.8,153017.35,68.16333333333334,69.82666666666668,71.16333333333336,72.82666666666668,66.82666666666668,65.16333333333334,63.82666666666668,0.010176991150442443,0.06186046511627899,0.7307115920911659,0.649242297661328,0.7194928769630168,1.7806186831375597,0.4275468525326489,0.4347399793033843,0.6633333333333317,0.0010495423658213221,0.0005275087062895752,0.08947008851545676,0.4591280653950954
704,704,2015-06-03,68.79,69.99,68.36,69.68,6052600,M,0.0,0.27589792887534303,1.5066415519270528,0.06949835875307521,0.8567898005256802,0.11087018295405293,0.8951389199021158,0.0735618240940097,1635642.5646562048,68.3454880750468,67.24132961557305,10420964.260000017,1.9617757795910242,67.99400000000007,66.75550000000001,0.666683475660875,0.455126797630642,0.2115566780302331,0.5,1.190000000000012,25.79455041329226,3012916.2,600918.2,69.34333333333333,70.32666666666667,70.97333333333331,71.95666666666666,68.69666666666667,67.71333333333334,67.06666666666668,0.024103468547913,0.09542524760257833,0.7754261454573409,0.6814819870014311,1.18136785126415,1.8502986245473203,0.5549698853285167,0.4704615004097527,0.8098159509202522,0.0020744963568525283,0.0005999307366679467,0.11399660859864585,0.4604904632152589
705,705,2015-06-04,68.73,69.9,68.53,69.24,4300683,M,0.0,0.278037760179008,1.4884226783367798,0.07668551752940232,0.6922577240025524,0.10580575693458358,0.8105922593190575,0.07033857041148987,613841.1350127059,68.64365871669787,67.43167917599466,-5588970.0,2.53134906699389,68.23400000000005,67.03700000000002,0.7412048707614929,0.5123424122568122,0.2288624585046807,0.5,-0.440000000000012,25.861253384995408,1254095.6,688903.1,69.22333333333334,69.91666666666669,70.59333333333333,71.28666666666669,68.54666666666668,67.85333333333334,67.17666666666668,0.034204630321135056,0.07000463606861385,0.7754261454573409,0.6814819870014311,1.3081399007753105,1.7732251319059205,0.5427293152798363,0.4750126122928691,0.5182481751824755,0.0027860029579858496,0.0006797464215524676,0.1266923576137531,0.46185286103542234
706,706,2015-06-05,69.24,69.55,68.75,69.25,4102227,M,0.0,0.2818769744829109,1.3966329878918753,0.06620309619980977,0.6222581119806854,0.1040734386638774,0.7836982454849054,0.06557403090455301,416399.6567466653,68.84577247779858,67.60485258780469,838660.3900000133,2.953542446696491,68.69400000000005,67.26400000000002,0.7919415208174029,0.5682622339689304,0.2236792868484726,0.42857142857142855,0.010000000000005116,25.804996264920774,3037037.0,666567.0,69.18333333333334,69.61666666666667,69.98333333333335,70.41666666666667,68.81666666666668,68.38333333333334,68.01666666666668,0.036521478820535816,0.050197148923263615,0.7754261454573409,0.6814819870014311,1.136938872587434,1.7500989445717627,0.5701528768532249,0.4892971254078342,0.6250000000000022,0.0031185412051468265,0.0007624726656535628,0.13694035629250845,0.46321525885558584
707,707,2015-06-08,69.34,69.84,68.65,68.97,3951899,M,-0.0,0.28595610672580146,1.369081922839625,0.02529119512068707,0.41076939878226104,0.104460814508869,0.7207382314437283,0.05565771195813785,-609701.5003498528,68.88718165186572,67.7348666270614,94171.6799999986,3.163161955559949,69.12600000000006,67.41550000000002,0.8003313005385024,0.6146760472828449,0.1856552532556576,0.35714285714285715,-0.28000000000000114,25.72111855129577,2730977.6,296054.8,69.15333333333334,69.65666666666667,70.34333333333333,70.84666666666666,68.46666666666667,67.96333333333334,67.27666666666667,0.007008322382829669,0.044525215810994966,0.8231229037524157,0.7077258608302499,0.4370697884781539,1.760569510130665,0.4697377722438849,0.4683076432761552,0.26890756302520485,0.0029819360794589786,0.0008408533515101075,0.14090879454192234,0.4645776566757493
708,708,2015-06-09,69.14,69.9,68.77,69.13,5666445,M,-0.0,0.2879452142747012,1.3372043331276764,0.015219090912658047,0.3823510349132783,0.10469738807474396,0.7204410135709857,0.05285117435224169,-1047052.3737277692,68.96812110124381,67.86773647210316,-187706.1600000071,3.257102462380357,69.25400000000005,67.57050000000002,0.8105474379206896,0.6538503254104139,0.15669711251027574,0.35714285714285715,0.1599999999999966,25.69514576501821,1513738.0,316444.55,69.26666666666667,69.76333333333334,70.39666666666669,70.89333333333335,68.63333333333333,68.13666666666666,67.50333333333332,-0.00789322617680843,0.05816623297106991,0.8333736312423642,0.7134978531375872,0.2634957305163053,1.7686137152261219,0.4193532050947422,0.4540482554209458,0.3185840707964569,0.002718529826011644,0.0009153128785453607,0.14608080461195336,0.4659400544959128
709,709,2015-06-10,69.26,69.6,68.65,68.9,4603780,M,-0.0,0.28666266725493184,1.2855770887106512,0.00914752879690235,0.1867465031277494,0.10094679718356106,0.6682983623662615,0.04952389129765503,-1170481.9640333422,68.94541406749588,67.96604728428382,-45631.669999995545,3.342710771958102,69.09800000000007,67.74900000000004,0.7909669479731747,0.6812736499229661,0.10969329805020857,0.35714285714285715,-0.22999999999998974,25.67470276810561,-617538.0,387647.1,69.05,69.44999999999999,69.99999999999997,70.39999999999998,68.5,68.10000000000001,67.55000000000001,-0.004910456383593143,0.08112348972226595,0.7170217408500964,0.6816782013478697,0.15801898620208976,1.7097611405972706,0.3672881016421099,0.4358682210700791,0.26315789473684525,0.002260155260854548,0.0009811116790542369,0.14659836999236384,0.4673024523160763
710,710,2015-06-11,69.12,69.18,68.46,68.92,2893085,M,0.0,0.2916413562050033,1.2101668102158996,0.008735679077498925,0.3109637287870983,0.08471255051317307,0.6582142945934357,0.045033382931538586,-164995.33066835394,68.93694271166392,68.05689992387583,582405.5999999826,3.638757227160667,69.03400000000006,68.00850000000004,0.7682076815131751,0.6986604562410079,0.06954722527216706,0.35714285714285715,0.019999999999996017,25.59211350939197,821215.6,1284729.35,68.85333333333334,69.24666666666668,69.57333333333337,69.9666666666667,68.52666666666667,68.13333333333333,67.80666666666666,-0.004765342960288785,0.09016134134767484,0.547561748898465,0.6291737227236507,0.15076471735901534,1.4402933728937837,0.4578216973910361,0.4552035227671085,0.6388888888888884,0.001790751285220689,0.0010381772521948678,0.14728321195842325,0.46866485013623976
711,711,2015-06-12,68.78,69.91,68.61,69.61,5617485,M,0.0,0.29642480245115016,1.222144568853779,0.017124689263743647,0.9258847418262436,0.055387285889518384,0.8387499440348436,0.050226259702461015,968073.9699570328,69.16129514110929,68.20481421684003,719730.5499999936,4.267121719298107,69.10600000000007,68.32800000000003,0.7966645789418009,0.7182612807811667,0.0784032981606343,0.35714285714285715,0.6899999999999977,25.50350109226219,1124267.2,2201952.6,69.37666666666667,70.14333333333333,70.67666666666666,71.44333333333333,68.84333333333333,68.07666666666667,67.54333333333334,0.009279396839205459,0.046294904554336366,0.800797992552544,0.7252595732357096,0.29585469406506737,0.9461256175647532,0.5616247213376143,0.4851108795731716,0.7692307692307709,0.00174646534972907,0.0010953501007528274,0.15676364275194038,0.47002724795640327
712,712,2015-06-15,69.29,69.29,68.81,68.98,3338311,M,-0.0,0.2995554144333565,1.1658586263399415,0.017059510971407902,0.3914286926019984,0.04998220947103115,0.6547654052960692,0.05016408474439271,71353.97751863912,69.10086342740618,68.27864143428384,26713.56000000101,4.5394307226249255,69.10800000000006,68.45050000000003,0.7596246600731433,0.7265339566395621,0.033090703433581226,0.35714285714285715,-0.6299999999999955,25.334366198753656,1246984.8,1417692.95,69.02666666666669,69.24333333333337,69.50666666666669,69.72333333333337,68.76333333333336,68.54666666666668,68.28333333333336,-0.002169824967452502,0.01665438467207089,0.8007979925525441,0.7252595732357094,0.2947371710530147,0.8553268073492049,0.4924720364472986,0.4726400021535046,0.3541666666666673,0.0014337313018588788,0.001141931562636909,0.15335569464367196,0.4713896457765668
713,713,2015-06-16,68.74,69.25,68.74,68.86,2905001,M,-0.0,0.3103406176735863,1.0784108094946163,0.01817796114710777,0.3454504593347667,0.04950520868659354,0.6058635958403104,0.0442167934776645,-481512.4559582874,69.0205756182708,68.334008916733,2034363.0,4.482270119598478,69.05400000000007,68.50100000000003,0.7123754397620985,0.7237022532640695,-0.011326813501970956,0.35714285714285715,-0.12000000000000455,25.161646236857038,-467304.4,871593.65,68.95,69.16000000000001,69.46,69.67000000000002,68.65,68.44,68.14,-0.0005805515239478411,-0.003184713375796162,0.7245757703148488,0.7009351099730979,0.3138152322630952,0.8477890750600865,0.4067460635138875,0.4500356322005103,0.23529411764706534,0.0010054818108270367,0.0011768971927219225,0.14831635917032435,0.47275204359673023
714,714,2015-06-17,69.18,70.32,69.07,70.05,4391199,M,0.0,0.3238194418613296,1.1292893682286669,0.030244250822648183,0.8655552163300391,0.052997947840965995,0.9130214955759977,0.04556159464003433,619043.2793053773,69.36371707884719,68.4974366389489,1126590.159999993,4.46422487421078,69.28400000000006,68.54950000000004,0.7621673561593099,0.7313952738431176,0.030772082316192217,0.35714285714285715,1.1899999999999975,25.120834393113064,1331691.4,622631.9,69.81333333333333,70.55666666666667,71.06333333333333,71.80666666666667,69.30666666666667,68.56333333333333,68.05666666666667,0.016395821242019666,0.02697551678639501,0.9093078194796249,0.8137687759322018,0.5238606684990896,0.9082457063810752,0.532497375675926,0.4818417624671287,0.7840000000000031,0.0012573100101362913,0.001216753421377426,0.1605270172866639,0.47411444141689374
715,715,2015-06-18,70.12,70.99,70.06,70.64,4451086,M,0.0,0.33266475278035995,1.1040507857981776,0.042723430919609034,0.8401969927682893,0.05921107299327452,0.9842497589418336,0.051376990846987096,569641.0674934943,69.78914471923146,68.70149029238233,2752031.3000000017,4.707011450037962,69.62800000000007,68.67100000000003,0.8395579760584297,0.7530278142861802,0.08653016177224959,0.42857142857142855,0.5900000000000034,24.923691412270003,1643291.6,1131419.95,70.56333333333333,71.06666666666666,71.49333333333334,71.99666666666666,70.13666666666667,69.63333333333334,69.20666666666668,0.014796724608533271,0.0440437481525274,0.942888170783304,0.8544158329385465,0.7436867620176351,1.0165208983802894,0.5628835551101167,0.4953478721348781,0.6236559139784977,0.0019140246707923664,0.0012657141020064914,0.17856035504650464,0.4754768392370572
716,716,2015-06-19,70.28,70.83,69.85,69.85,5279514,M,-0.0,0.3397194251025709,1.087510681025088,0.04305375348077213,0.5580036092257229,0.05930937742728196,0.7621754940384143,0.0472213876649558,-1532456.3664460718,69.80942981282097,68.81087216929829,-177663.00000000253,4.9626990910190365,69.67600000000004,68.78050000000003,0.8276040973348557,0.7679430708959154,0.059661026438940334,0.42857142857142855,-0.7900000000000063,24.792098605179266,-536108.2,1100428.65,70.17666666666666,70.50333333333333,71.15666666666667,71.48333333333333,69.52333333333333,69.19666666666666,68.54333333333332,0.012612351406204557,0.02554690941124644,0.8111036830915048,0.7905047397454961,0.7499533318815702,1.0198321585342922,0.3752557034067445,0.4481718843125088,0.0,0.0020227485221928163,0.0013087389995608725,0.1777741545997988,0.4768392370572207
717,717,2015-06-22,70.44,70.51,69.78,69.9,3219321,M,-0.0,0.3500856195180666,1.0398425902217432,0.03673184246379197,0.5155879389777464,0.06018900315453132,0.7484791719348736,0.04166139245363544,-1260809.313891372,69.83961987521397,68.91459862936513,911506.0999999936,5.07457903041988,69.86000000000004,68.87000000000003,0.8127957411003308,0.7769136049367986,0.0358821361635322,0.35714285714285715,0.05000000000001137,24.345986455866605,775418.2,1061130.25,70.06333333333335,70.34666666666669,70.79333333333334,71.0766666666667,69.61666666666669,69.33333333333334,68.88666666666668,0.015103107754865034,0.03817020644586377,0.7614391787640171,0.767877665244716,0.6415216286301271,1.0363041618131437,0.3049649894857766,0.4211444250107309,0.16438356164384094,0.001892676229777308,0.0013457224680714945,0.17782608936516153,0.4782016348773842
718,718,2015-06-23,70.41,71.1,70.04,70.11,4064256,M,-0.0,0.3567622332840388,1.061196911525509,0.01795590355940551,0.4999999999999661,0.0582437161967318,0.7739255282274968,0.03894862675694645,-1469874.383431346,69.92974658347599,69.0284463789494,-315967.08000000624,5.1699318802747545,70.11000000000004,69.00900000000004,0.8086832598214215,0.7832675359137233,0.0254157239076982,0.35714285714285715,0.20999999999999372,23.962270656000022,2169269.6,1463724.5,70.41666666666667,70.79333333333334,71.47666666666666,71.85333333333331,69.73333333333335,69.35666666666668,68.67333333333336,0.0008565310492505678,0.03407079646017703,0.861505009348052,0.8193769999579986,0.3147220996374802,1.0048351527550667,0.2253225716068681,0.3873247403286661,0.06603773584905091,0.001767709490304173,0.0013787754783596018,0.18082903314135665,0.47956403269754766
719,719,2015-06-24,70.17,70.68,69.89,69.9,3351700,M,-0.0,0.34966390032793104,1.0250373233221088,0.018761963372044315,0.3631010465294728,0.05679286969403882,0.7002454715974911,0.03621252547152737,-1338851.3109409332,69.91983105565065,69.11145148571612,0.0,5.145746604681163,70.08000000000003,69.11400000000005,0.7794933299325777,0.7825126947174943,-0.0030193647849166005,0.35714285714285715,-0.20999999999999372,23.630982539054422,620689.8,1086939.85,70.15666666666667,70.42333333333333,70.94666666666667,71.21333333333334,69.63333333333333,69.36666666666666,68.84333333333332,-0.0104756511891279,0.02733686067019399,0.7495923732547398,0.7681697112009501,0.3287095982782165,0.9812955990084504,0.1544344570206146,0.35164221533051765,0.01265822784810764,0.0014988098389107163,0.001404112973341941,0.17895884822095506,0.48092643051771117
720,720,2015-06-25,69.96,70.3,69.16,69.17,3180370,M,-0.0,0.3428439333701022,1.0403656802124943,0.020557145986645424,0.07061231354957874,0.054831200850813715,0.4998681678508834,0.030815194584403224,-1118268.5892689915,69.66988737043378,69.11702753469552,830852.839999998,5.017272075561719,69.78600000000003,69.17050000000005,0.6895069936386733,0.7639115545017302,-0.07440456086305691,0.35714285714285715,-0.730000000000004,23.4850912307963,-905601.4,703250.35,69.54333333333334,69.92666666666668,70.68333333333334,71.06666666666669,68.78666666666668,68.40333333333334,67.64666666666668,-0.009735146743020655,0.03315907393577295,0.3976455360400605,0.5650620098494276,0.35865024745600954,0.9481753946128032,0.10588028128859836,0.3189879024251889,0.008771929824565887,0.0008131867864511325,0.0014124433304246885,0.16201303700449976,0.4822888283378747
721,721,2015-06-26,69.43,70.19,69.17,69.85,2635050,M,0.0,0.3443617273129838,1.0376502561841612,0.020557145986645424,0.5446117076831339,0.0462269842164906,0.6668098867924455,0.02773296653907195,347288.2252400592,69.72992491362253,69.18683443615309,35832.50000000815,5.2747671127960665,69.78600000000003,69.31550000000004,0.6653922629965479,0.7442076962006938,-0.07881543320414597,0.42857142857142855,0.6799999999999926,23.462396192154824,677311.4,1075626.85,69.73666666666666,70.30333333333333,70.75666666666667,71.32333333333331,69.28333333333333,68.71666666666667,68.26333333333334,-0.0007153075822605347,0.04550217033378225,0.3976455360400605,0.5650620098494276,0.35865024745600954,0.8010616311145391,0.2928090764146196,0.3521001656862817,0.6666666666666621,0.0005145666316967437,0.0014154916806122632,0.15851110648104674,0.48365122615803813
722,722,2015-06-29,67.79,68.49,66.99,67.09,7592917,M,-0.0,0.3456844175898477,1.2806302220262729,0.0718859283755515,0.07116143059600175,0.043626854842624505,-0.24042162398335115,0.012932572147069315,-1458016.846876511,68.84994994241502,68.98713591842423,-9178097.759999992,4.956826732349043,69.22400000000005,69.32950000000004,0.4187451975305408,0.6791151964666633,-0.26036999893612256,0.35714285714285715,-2.7599999999999905,23.616106096528267,-1485136.2,817061.1,67.52333333333333,68.05666666666666,69.02333333333333,69.55666666666666,66.55666666666666,66.02333333333333,65.05666666666666,-0.04307516759378115,-0.0204409402832529,0.10609093680184924,0.2687164471678822,1.244057876467295,0.7561570082029343,0.2174282731653038,0.3249160229225093,0.06666666666667236,-0.0010786108973101208,0.0013778952490323608,0.099393042280259,0.48501362397820164
723,723,2015-06-30,67.92,68.5,67.19,67.47,5645344,M,-0.0,0.3472337119124009,1.2978795257561029,0.07751222498623762,0.269755737460236,0.04878531249596977,-0.035095065433939025,0.003085782653479353,-998584.3794964041,68.38996662827668,68.8426467833362,-7164499.719999988,4.526360303948397,68.69600000000004,69.27850000000004,0.2510445599428692,0.5935010691619045,-0.34245650921903525,0.42857142857142855,0.37999999999999545,23.826291724163536,-1168918.6,511696.15,67.72,68.25,69.03,69.56,66.94,66.41,65.63,-0.03476394849785417,-0.031716417910447874,0.1102803050006763,0.2707896858118346,1.3311949519136461,0.8449433179380108,0.2161990014486251,0.31432787388372435,0.21374045801526767,-0.0024029132274338287,0.0013149873869625721,0.0606273824315129,0.48637602179836514
724,724,2015-07-01,67.82,67.99,67.15,67.71,4314479,M,0.0,0.3432516498461467,1.2368289223219542,0.06965707255388243,0.3847444676983977,0.052508738942349406,0.09532610571795523,-0.008511566885389333,766126.932371218,68.16331108551778,68.73477566111372,-2032631.5599999684,3.8420959158082217,68.25800000000004,69.18000000000004,0.13593956399876106,0.5019887681292758,-0.3660492041305148,0.42857142857142855,0.2399999999999949,23.915959368045,364317.2,424790.1,67.61666666666666,68.08333333333331,68.45666666666665,68.9233333333333,67.24333333333333,66.77666666666667,66.40333333333334,-0.021107416510047824,-0.022097053726169862,0.1074600381131824,0.2672085198402332,1.1886631145957274,0.9081386400079334,0.3663548898546371,0.34788394938686124,0.6666666666666611,-0.003093284178017452,0.00123698150550864,0.034570662096023816,0.4877384196185286
725,725,2015-07-02,67.89,68.33,67.26,67.44,3097622,M,-0.0,0.3420932128328632,1.2145850660123594,0.06512672187060818,0.3932823484791461,0.057177407096875216,0.08231940909207681,-0.019259541076196644,306809.22016550694,67.92220739034518,68.6114636933886,76431.6600000029,3.1398389716793167,67.91200000000003,69.09000000000005,0.022669956760509532,0.4061250058555225,-0.38345504909501293,0.42857142857142855,-0.269999999999996,23.998065512253305,380866.8,484943.15,67.67666666666666,68.09333333333332,68.74666666666666,69.16333333333331,67.02333333333333,66.60666666666667,65.95333333333333,-0.03450250536864705,-0.026137184115523498,0.3157079684943677,0.35314348064323137,1.105721483919186,0.9875967640807778,0.30031135959156297,0.3307735064991044,0.16822429906541472,-0.0034503797128824084,0.0011453405523346352,0.00926170261867053,0.4891008174386921
726,726,2015-07-06,67.06,67.89,66.97,67.5,3134737,M,0.0,0.33818330026526544,1.1753070572107116,0.01325818959381002,0.5648654338971228,0.060770631841776376,0.14169249643947154,-0.025465759001575997,896796.4230431564,67.78147159356345,68.50561000830398,247745.81999999261,2.5420034065171673,67.44200000000004,69.00250000000004,-0.06154605981373607,0.31259079272167084,-0.3741368525354069,0.42857142857142855,0.060000000000002274,24.05062337483959,480804.2,436568.65,67.45333333333333,67.93666666666667,68.37333333333333,68.85666666666667,67.01666666666667,66.53333333333333,66.09666666666666,0.006111193918616732,-0.02131361461505001,0.24691455842663396,0.31581102889547885,0.223539705646434,1.0483313809155443,0.3922365585682884,0.35413669221554583,0.5760869565217392,-0.003459315470473305,0.0010457880667908404,-0.009964375631279731,0.4904632152588556
727,727,2015-07-07,67.55,68.05,67.27,68.02,3936937,M,0.0,0.34469995654932256,1.1225994495826168,0.014399616006917988,0.9025396012661432,0.06213648341661575,0.2817776757145961,-0.030994687472677317,2061150.307425023,67.86098106237563,68.45936143608455,486802.6999999986,2.0430592926283806,67.62800000000001,68.95500000000004,-0.08534440829996015,0.23300375251734465,-0.3183481608173048,0.5,0.519999999999996,24.100780553006558,2786775.0,831010.45,67.77999999999999,68.28999999999998,68.55999999999999,69.06999999999998,67.50999999999998,66.99999999999999,66.72999999999998,0.008151771157551462,-0.016056704759149422,0.35540644761763845,0.35993095682051657,0.24345430782896246,1.071155303498185,0.5820038595583457,0.4119844797701092,0.96153846153846,-0.0029557504354697645,0.0009486926617868338,-0.01626062666577107,0.49182561307901906
728,728,2015-07-08,67.68,67.81,65.92,66.18,6091950,M,-0.0,0.35296983779940905,1.2529195229716006,0.04173081998709067,0.07672414503950138,0.07186346280880059,-0.03137217077467307,-0.04703052682611935,-211249.28608053716,67.30065404158375,68.24227939455271,-3903521.15999998,1.2743820254373883,67.37000000000003,68.80750000000005,-0.2497978789566844,0.13644342622253885,-0.3862413051792232,0.42857142857142855,-1.8399999999999888,24.054937086242614,439316.2,243090.7,66.63666666666667,67.35333333333334,68.52666666666666,69.24333333333334,65.46333333333334,64.74666666666667,63.57333333333334,-0.02259636685866175,-0.039477503628447014,0.1315469310043214,0.21906694955761455,0.702851335632575,1.2361863043041377,0.4338579522276105,0.3858493995602073,0.13756613756614022,-0.003313760641446087,0.0008316532877955808,-0.05268137766206003,0.49318801089918257
729,729,2015-07-09,66.88,67.14,65.53,65.78,4282872,M,-0.0,0.3609154099808644,1.3005302532420535,0.05699273470019139,0.18461871934618249,0.0820796040988573,-0.009593097533024428,-0.05979026036931361,-656140.4183298922,66.79376936105584,68.00777659507148,-774894.3999999983,0.3661099984850211,66.98400000000002,68.65150000000004,-0.4077053231583108,0.027613676346368875,-0.4353189995046796,0.35714285714285715,-0.4000000000000057,24.071857446406625,-1280154.0,259136.1,66.15,66.77000000000001,67.76000000000002,68.38000000000001,65.16000000000001,64.54,63.55000000000001,-0.024614472123368872,-0.045560069645966345,0.1048394039646138,0.1932459660329371,0.9544003352894052,1.4087219851981765,0.34099846918693705,0.3638903618026247,0.1552795031055901,-0.0039356429119162826,0.0006970982818895968,-0.08749940257587686,0.494550408719346
730,730,2015-07-10,66.46,66.85,66.27,66.48,2332021,M,-0.0,0.3598726776006423,1.2697928861431125,0.05606178287653545,0.416677317946861,0.08683489476279116,0.15558974271989026,-0.06488598224573705,-43660.40121393791,66.68917957403723,67.86227406220753,-1127978.6999999892,-0.44429217283422906,66.79200000000003,68.52950000000004,-0.4709353113714627,-0.07209612119719748,-0.3988391901742652,0.42857142857142855,0.7000000000000028,24.009436641501747,-194225.4,231082.9,66.53333333333335,66.7966666666667,67.11333333333333,67.3766666666667,66.2166666666667,65.95333333333335,65.6366666666667,-0.015111111111111053,-0.044964803907484495,0.1048394039646138,0.1932459660329371,0.9361196504723894,1.4876879801616751,0.34802196796371004,0.3637168954897325,0.36206896551725615,-0.003955548097389025,0.0005613618528204215,-0.10165021732052663,0.49591280653950953
731,731,2015-07-13,66.96,67.32,66.5,66.71,3717872,M,-0.0,0.3588708366863113,1.212487167990696,0.05098897188138271,0.5223687364495401,0.08878347078407342,0.2241993043646676,-0.07007920247732098,-161493.0721657055,66.69611971602482,67.75253367533062,-525449.9999999958,-0.8859510612840688,66.63400000000003,68.38450000000005,-0.4967601134031838,-0.15702891963839474,-0.33973119376478905,0.5,0.22999999999998974,23.99707303415097,-77598.4,136102.25,66.84333333333332,67.18666666666664,67.6633333333333,68.00666666666663,66.36666666666665,66.02333333333333,65.54666666666665,-0.019259041458394625,-0.03290808930124688,0.3949815853340369,0.32680451690846113,0.8493997880860142,1.517853314458368,0.3173804989676748,0.3534674350598155,0.2560975609756043,-0.003520569851306769,0.0004306596018504169,-0.108446890031002,0.49727520435967304
732,732,2015-07-14,66.82,67.16,66.52,66.73,2518157,M,-0.0,0.3679237243301158,1.1361555455919363,0.02412994380646585,0.7210221882728283,0.09106733217042884,0.2519843225270803,-0.0665586978601487,106613.72362716009,66.70741314401654,67.65514951577532,46534.0,-1.2098846885378185,66.37600000000003,68.27200000000005,-0.5097366948992175,-0.2275704746905593,-0.2821662202086581,0.42857142857142855,0.020000000000010232,23.94488602233389,-361354.4,428925.65,66.80333333333334,67.08666666666669,67.44333333333334,67.72666666666669,66.44666666666669,66.16333333333334,65.80666666666669,0.008310667875491042,-0.030932326459482944,0.3949815853340369,0.32680451690846113,0.40041228752449454,1.5543372254848808,0.3209619993117872,0.35105386981602466,0.32812500000001216,-0.002920856479925332,0.00030689087834440023,-0.1135195053639063,0.4986376021798365
733,733,2015-07-15,66.97,72.75,66.08,72.01,24834287,M,0.0,0.3768929300099365,1.8740014728463448,0.1496672273294388,0.9419900928353998,0.10303654297721423,1.007819100983645,-0.034757584102397425,6630516.568892225,68.47494209601103,68.06989718093958,111916999.50000024,-0.864571537408994,67.54200000000003,68.42950000000005,-0.0928979858730372,-0.2006359769270549,0.10773799105401767,0.5,5.280000000000001,24.650560716132713,5823893.0,1815890.05,70.27999999999999,74.47999999999998,76.94999999999997,81.14999999999998,67.80999999999997,63.60999999999999,61.13999999999997,0.09470963818789913,0.027980014275517603,0.9292855079417426,0.8204851885085663,2.5272059670712403,1.7626847794148215,0.5103264902958143,0.4022921176682003,0.8890554722638688,0.0005857562674073664,0.0002581883794451941,-0.021638130454272257,0.5
734,734,2015-07-16,71.98,72.87,71.1,72.8,4841916,M,0.0,0.3872051267267688,1.8601346098001672,0.18399740477526852,0.8038022163092681,0.11600541528126325,1.0321754757544008,-0.00709131583215881,3966873.660821444,69.91662806400736,68.52038316370725,14105217.129999986,-0.5732922839638239,68.94600000000003,68.56700000000005,0.2977636577899005,-0.1009560499836638,0.3987197077735644,0.5714285714285714,0.7899999999999922,25.162831418099195,7648850.6,1838425.9,72.25666666666666,73.41333333333333,74.02666666666667,75.18333333333334,71.64333333333332,70.48666666666666,69.8733333333333,0.0950661853188928,0.030577576443941063,0.9311138159880692,0.8237640238277635,3.1714712674089176,1.988535827397596,0.6603683193309182,0.4554501995475266,0.960451977401126,0.0044594588061277465,0.00027605851865892547,0.055202273583601615,0.5
735,735,2015-07-17,72.5,73.61,72.06,72.31,6294176,M,-0.0,0.3964747396571032,1.8187833284934776,0.1773893005101764,0.6767290370130993,0.12302481339730377,0.9332966505193656,0.021474063268553462,-258839.39203996534,70.71441870933823,68.88129905287798,-5562033.299999948,-0.39882779055389855,70.11200000000002,68.65050000000005,0.5613559580068568,0.031506351614440355,0.5298496063924164,0.5714285714285714,-0.4899999999999949,25.562733827536128,5923611.2,1301162.8,72.66000000000003,73.26000000000002,74.21000000000002,74.81000000000002,71.71000000000002,71.11000000000001,70.16000000000003,0.08394543546694662,0.03521832498210463,0.9436842276033928,0.8444674301636258,3.109279659342373,2.1114287380329024,0.4940089870808273,0.4274349731697284,0.16129032258064546,0.006970437622705509,0.00033626158276831985,0.1030990017863962,0.5092592592592593
736,736,2015-07-20,72.59,72.81,72.0,72.14,3460639,M,-0.0,0.39825832408399625,1.6842788846943475,0.1413289934516865,0.5936163798003408,0.13019335597817874,0.8769793037035816,0.042652722414162916,-1327827.722690382,71.18961247289216,69.19165152403245,911642.8199999952,0.07298012477554132,71.19800000000002,68.76500000000007,0.7479156694815856,0.17478821518786947,0.5731274542937161,0.5714285714285714,-0.1700000000000017,25.74212827331328,4487909.0,1392106.55,72.31666666666666,72.63333333333333,73.12666666666667,73.44333333333333,71.82333333333331,71.50666666666666,71.0133333333333,0.08107298066836499,0.032045779685264585,0.924533400165067,0.8350671920040686,2.515585418943295,2.2381865309598683,0.38695249344483146,0.4031877858366913,0.17283950617283972,0.008044894543267156,0.0004237777357881818,0.1361793077535639,0.5185185185185185
737,737,2015-07-21,72.16,72.3,71.34,71.67,2765555,M,-0.0,0.4001418304969959,1.5877083667351006,0.02304316793375314,0.18979089582480207,0.1347187080413221,0.8036377921332991,0.05528775511256073,-1198932.7224270888,71.34974164859476,69.42768471221983,2258317.440000002,0.8014887802483052,72.18600000000002,68.85350000000005,0.8480645526087187,0.30944348267203936,0.5386210699366794,0.5,-0.4699999999999989,25.90027103787653,3431166.6,1092862.75,71.77,72.19999999999997,72.72999999999998,73.15999999999998,71.24,70.81,70.28,-0.004721566449104338,0.022250748823277742,0.7043942175782499,0.7295009276739957,0.41584853011647616,2.3189636410307948,0.3725516622965544,0.3975270443284351,0.34375000000000044,0.007847963933461526,0.0005228934977452007,0.15384810839414206,0.5277777777777778
738,738,2015-07-22,71.84,72.34,71.59,71.91,1984800,M,-0.0,0.3958335357244712,1.4760139178370872,0.02375841121184685,0.35068964210404474,0.13945782328788894,0.8085376328864937,0.07302874286435412,-854848.9038032911,71.53649443239652,69.6640956920084,339442.97000000585,1.6800425749144678,72.16600000000003,68.94350000000007,0.9360095231201909,0.4347566907616698,0.5012528323585212,0.5714285714285714,0.2399999999999949,26.01915906477025,-1138730.8,988889.95,71.94666666666667,72.30333333333334,72.69666666666669,73.05333333333334,71.55333333333334,71.19666666666667,70.80333333333334,-0.012225274725274734,0.028755364806866825,0.7102481149691008,0.7319282170649151,0.4286373758785351,2.4036776099621453,0.3905899970865888,0.4003022464558848,0.4266666666666576,0.007162847307842034,0.000630588893108678,0.17057629406130942,0.537037037037037
739,739,2015-07-23,71.79,72.2,71.05,71.21,2513518,M,-0.0,0.3810197495063779,1.43254539545881,0.02396660144046161,0.1294903347495604,0.14192606345374964,0.7247253944102222,0.08475276231786713,-1120964.8080916696,71.42766295493101,69.8113246737219,115937.020000002,2.3793881393279737,71.84800000000003,69.00900000000007,0.9384050467617016,0.5354863619616762,0.40291868480002535,0.5,-0.7000000000000028,26.043736900911888,-2609817.6,1030799.05,71.48666666666666,71.92333333333333,72.63666666666667,73.07333333333334,70.77333333333333,70.33666666666666,69.62333333333332,-0.0152122804591344,0.02949255457568298,0.5168155609276277,0.6402640990560106,0.4304880950735716,2.448543928219954,0.30677014298526084,0.3754287405822391,0.13913043478260506,0.00587290276875653,0.0007323877703410139,0.17199099417535446,0.5462962962962963
740,740,2015-07-24,70.99,71.02,69.89,69.94,2739623,M,-0.0,0.3706090311872725,1.4175393427309677,0.04889651452296041,0.08910466344576486,0.14235109460705864,0.5908028448299071,0.08393820918728516,-1345266.3017246905,70.93177530328734,69.82357946670075,-1487001.3099999991,2.8762158475014994,71.37400000000002,69.04750000000007,0.8282772656060615,0.5940445426905533,0.23423272291550826,0.5,-1.2699999999999958,26.047870014706863,-1898907.0,1052836.4,70.28333333333333,70.67666666666666,71.41333333333334,71.80666666666666,69.54666666666667,69.15333333333334,68.41666666666667,-0.03049625727751598,0.0012884753042233846,0.2841125037670257,0.4858065507683073,0.8724849568904444,2.4572468012202218,0.2192626911937129,0.34388769744208464,0.04424778761061713,0.0038568201760806257,0.0008104387271657852,0.15182575573464147,0.5555555555555556
741,741,2015-07-27,69.75,70.32,69.17,69.95,3139776,M,0.0,0.3652782214647272,1.3818674303668372,0.0529479061695272,0.2374805843225148,0.14244621038659186,0.5912439653403448,0.087864767740569,-164000.05773231815,70.60451686885823,69.83561951749117,-789085.0799999944,3.2276405453701145,70.93600000000002,69.05250000000007,0.7333534796225081,0.6219063300769443,0.11144714954556377,0.42857142857142855,0.010000000000005116,26.032421098030554,-578824.0,1078072.7,69.81333333333333,70.45666666666666,70.96333333333331,71.60666666666665,69.30666666666667,68.66333333333334,68.15666666666668,-0.02399888377284776,0.04262930392010731,0.20421189533003345,0.4127638511003013,0.9389781680103956,2.4590667356800364,0.3722620839842164,0.3757327614538121,0.6782608695652234,0.0020212361043391827,0.0008683153947147367,0.13603109449485815,0.5648148148148148
742,742,2015-07-28,69.0,69.5,68.43,68.88,5937759,M,-0.0,0.3601564631038504,1.4002851063179251,0.06759822496362372,0.18512397058024105,0.13977489995744838,0.4728899596827869,0.08631593321232403,-322184.9843596453,70.02967791257214,69.74460813487296,-3390024.1600000067,3.1797114922633125,70.37800000000001,69.14200000000007,0.5652695620613599,0.6105789764738274,-0.0453094144124675,0.42857142857142855,-1.0700000000000074,26.03367910386934,-1213264.8,1160830.6,68.93666666666667,69.44333333333333,70.00666666666666,70.5133333333333,68.37333333333333,67.86666666666667,67.30333333333334,-0.04213600333750523,0.020898176967541083,0.1453820422957367,0.3490230584248559,1.1893569691224781,2.4160790332144764,0.3883616385439921,0.38000209347378655,0.42056074766354345,8.007873623422131e-05,0.0008954883363797158,0.10602095037673506,0.5740740740740741
743,743,2015-07-29,68.86,69.43,68.7,69.19,5768862,M,0.0,0.3517511749776782,1.310913758808869,0.051574044976468524,0.32119166709058594,0.13773781772378932,0.4960148138369345,0.07091356571618829,571171.6167721518,69.7497852750481,69.69178831250412,-1998105.3600000131,3.1804291506250326,69.83400000000002,69.22800000000007,0.4518674094187389,0.5788366630628098,-0.12696925364407086,0.5,0.3100000000000023,25.951642201401945,-456452.4,1167006.5,69.10666666666667,69.51333333333334,69.83666666666669,70.24333333333334,68.78333333333333,68.37666666666667,68.05333333333333,-0.028366802415391044,0.021857923497267825,0.1453820422957367,0.349023058424856,0.9004054642216759,2.383828411345624,0.4826520512667674,0.4077383585441229,0.6712328767123181,-0.0012304675451812405,0.000902408604573007,0.08614255005446063,0.5833333333333334
744,744,2015-07-30,69.07,69.75,68.98,69.33,3328159,M,-0.0,0.34156424561077725,1.2387919243010197,0.02726631598176315,0.4324133014958607,0.13602299998966094,0.50222749794945,0.056494669482086625,159829.94015287913,69.60985685003207,69.65733228274182,-1174320.0000000077,3.1294498725843285,69.45800000000001,69.30900000000005,0.3690381740500897,0.5368769652602657,-0.16783879121017609,0.5,0.14000000000000054,25.862540998962892,711883.0,1117690.5,69.35333333333334,69.72666666666667,70.12333333333335,70.49666666666667,68.95666666666668,68.58333333333334,68.18666666666668,-0.00872176150986559,0.02802491103202848,0.31310155456083505,0.4045589991854344,0.4734659438653263,2.3569045265708546,0.4732831856929948,0.4121961772109159,0.4545454545454495,-0.0018989131349472586,0.0008951679513729861,0.07196776319079623,0.5925925925925926
745,745,2015-07-31,69.69,69.94,68.94,69.06,3336754,M,-0.0,0.3406891652639225,1.2069530010608835,0.02359167619450881,0.3641768621446452,0.13355167623665026,0.4643903496747521,0.04439953956327674,-733594.9183126844,69.42657123335472,69.60044349390927,316174.0399999889,2.9224674296142217,69.28200000000001,69.39000000000007,0.2783994491994406,0.4851814620481007,-0.2067820128486601,0.42857142857142855,-0.269999999999996,25.743438565952392,592456.8,1105733.9,69.31333333333333,69.68666666666667,70.31333333333333,70.68666666666667,68.68666666666667,68.31333333333333,67.68666666666667,-0.012723373838456049,0.023111111111111145,0.4094414549187295,0.4381909126552404,0.4086196275269899,2.316787703515292,0.35552212379533144,0.3843679698574957,0.12000000000000455,-0.002277662986231573,0.0008734694813165027,0.05606361118708705,0.6018518518518519
746,746,2015-08-03,69.11,69.15,67.77,68.21,3925906,M,-0.0,0.33984840179341497,1.2300259342527669,0.025381544576712583,0.08620328452604309,0.13203251869649724,0.3673964842241084,0.01682728626185235,-678099.9447026671,69.02104748890315,69.46802030401315,-669476.6400000027,2.5932754604994153,68.93400000000001,69.42550000000007,0.13640729213184954,0.4154266280648505,-0.2790193359330009,0.42857142857142855,-0.8500000000000085,25.680643828687487,-820679.6,752701.75,68.37666666666667,68.98333333333333,69.75666666666667,70.36333333333334,67.60333333333332,66.99666666666666,66.22333333333331,-0.009727061556329877,0.0027932960893854416,0.18534036476733431,0.3105422093570145,0.4374128484627763,2.29160590669092,0.3432949424336013,0.37812726603393815,0.3188405797101411,-0.0028384219897923646,0.000830188594828045,0.02950459085049695,0.6111111111111112
747,747,2015-08-04,68.4,68.84,68.13,68.57,2509377,M,0.0,0.3278229539177142,1.1606891430190656,0.027174403281233342,0.3386368987985619,0.13114514654128714,0.4030567732346159,-0.0046609835590540995,50014.59385469416,68.87069832593544,69.3824945607738,405414.7300000076,2.069572409194932,68.87200000000001,69.45300000000006,0.05232332528819938,0.3428059675095203,-0.2904826422213209,0.42857142857142855,0.35999999999999943,25.490047382526523,868747.6,681323.75,68.51333333333334,68.89666666666668,69.22333333333336,69.60666666666668,68.18666666666667,67.80333333333333,67.47666666666666,-0.008960832490244321,0.0361136294953156,0.18534036476733431,0.3105422093570145,0.4678888756962757,2.2771059656830057,0.4354360649087825,0.4011359368744341,0.6197183098591448,-0.0030165808806242238,0.0007758994382862501,0.013238705947879716,0.6203703703703703
748,748,2015-08-05,69.24,70.12,68.83,68.91,4205518,M,-0.0,0.3269693689916999,1.2125972572831916,0.025341876946664524,0.5539013510009199,0.12351232850666258,0.42094389093989454,-0.019947821302907124,-1019993.5478013321,68.88379888395696,69.33749507879533,195728.40000000078,1.5768138428298843,68.81600000000002,69.58950000000007,0.012971803398869495,0.2768391346873901,-0.26386733128852063,0.42857142857142855,0.3400000000000034,25.3371394275878,556078.8,1196197.15,69.28666666666666,69.74333333333333,70.57666666666667,71.03333333333333,68.45333333333332,67.99666666666666,67.16333333333331,-0.006057983556901799,0.04758285193067795,0.6252082984232491,0.5229066662238806,0.4359816509904166,2.1487902961536007,0.3109625445645108,0.368838752779342,0.062015503875967375,-0.0027444726094298672,0.0007184817044477977,0.005165996550614782,0.6296296296296297
749,749,2015-08-06,68.54,68.71,66.8,67.45,3929875,M,-0.0,0.3268422132839988,1.3322509563120994,0.0375963110136348,0.1152488203067139,0.11606513211622335,0.2251009862774012,-0.03774168080318231,-592193.5209385321,68.40586592263797,69.15773364271958,-1590957.7599999863,0.9731551742660008,68.44000000000003,69.67300000000007,-0.1344742243309298,0.19457646288372613,-0.3290506872146559,0.35714285714285715,-1.4599999999999935,25.372312123695306,-895528.0,1213847.0,67.65333333333332,68.50666666666665,69.56333333333332,70.41666666666664,66.59666666666665,65.74333333333333,64.68666666666665,-0.02331306110628438,0.014590854392298418,0.2843358753582274,0.33151750236072186,0.6432728814432916,2.021651487483409,0.3207464084182265,0.3661221226218481,0.34031413612565803,-0.0030842071615563185,0.000641262150668888,-0.024411942886405674,0.6388888888888888
750,750,2015-08-07,67.55,67.59,66.66,66.9,3289610,M,-0.0,0.32316795024878403,1.278617495470487,0.048405748275575616,0.16342425232665947,0.11413610516747098,0.148756769902934,-0.050883351894219865,-470466.4007388819,67.90391061509199,68.94271139103199,1840975.079999992,0.3794161924162169,68.00800000000002,69.69400000000007,-0.29233679050861383,0.09719381220525812,-0.389530602713872,0.35714285714285715,-0.5499999999999972,25.356865518674336,-886099.2,932765.45,67.05,67.44,67.97999999999999,68.37,66.50999999999999,66.11999999999999,65.57999999999998,-0.019205395103357104,0.0028481487033430067,0.27011656959618546,0.3219142995635602,0.8229945321813369,1.9886504283854327,0.29985244432183106,0.35583092200348554,0.2580645161290401,-0.003702237868998471,0.0005439402687763737,-0.056469190069821575,0.6481481481481481
751,751,2015-08-10,67.23,67.94,67.09,67.38,4019914,M,-0.0,0.3216624578779006,1.2468018294077543,0.05041969652142017,0.3649349120580527,0.11133657424993323,0.19761262680249386,-0.05976564061883065,-277725.16024506424,67.72927374339466,68.79388173474322,-6302.730000000665,-0.19411613457225896,67.84200000000003,69.72750000000005,-0.3743962165394805,0.0028758064563103713,-0.3772720229957909,0.42857142857142855,0.4799999999999898,25.32128551866499,703064.8,947867.55,67.47,67.85,68.32,68.69999999999999,67.0,66.62,66.15,-0.017354528219337872,0.0097407462910234,0.3788389587931573,0.37537330278441305,0.8551432628515472,1.940805245253056,0.31362711974396346,0.3544352599639372,0.3411764705882282,-0.0038553640297419476,0.00043981442239429295,-0.07408024940038681,0.6574074074074074
752,752,2015-08-11,67.08,67.69,66.77,67.53,6851043,M,0.0,0.3325857800663523,1.2032282521533877,0.04461311008075166,0.4655328188903902,0.10796793820533107,0.2029599051278506,-0.06185869472982038,1654321.1647037484,67.6628491622631,68.67351204572006,2243702.789999984,-0.5532084285770209,67.63400000000003,69.76750000000007,-0.4224553541244518,-0.0821904256598421,-0.3402649284646097,0.35714285714285715,0.15000000000000568,25.30483475591502,1571398.0,1164511.85,67.33,67.89,68.24999999999999,68.81,66.97,66.41,66.05,-0.020026121027427013,-0.0622135814470213,0.31817373796616505,0.3459068389739703,0.7543407718003897,1.8831632821851103,0.4844470653365567,0.3993544691599188,0.8260869565217431,-0.003609657802333275,0.00033482186363811465,-0.08572205703861431,0.6666666666666666
753,753,2015-08-12,66.55,67.08,63.52,64.11,17747448,M,-0.0,0.3444884181771405,1.5774644851996025,0.08724100807155473,0.059200762171685885,0.12635231055147125,-0.10037358373291734,-0.07911678257536195,-2902533.131045381,66.4785661081754,68.2388918508896,-44889036.17999995,-1.6480717528520274,66.67400000000002,69.37250000000004,-0.7281147313876204,-0.21137528680539786,-0.5167394445822225,0.35714285714285715,-3.4200000000000017,25.479535734889822,-2819195.2,-964574.9,64.90333333333332,66.28666666666663,68.46333333333331,69.84666666666664,62.72666666666665,61.34333333333333,59.16666666666665,-0.04951816160118611,-0.11936813186813185,0.09709555051529498,0.1780994127924486,1.4541767430407104,2.1913439159329857,0.3782081559172548,0.3771045518188456,0.16573033707865087,-0.005022553293496483,0.00018868828725464794,-0.14361201233851326,0.6759259259259259
754,754,2015-08-13,63.64,65.11,62.89,62.98,6316527,M,-0.0,0.35718638092336064,1.6631358871729884,0.12721171504512935,0.16539143421224156,0.14319656355441804,-0.09831131985684076,-0.09950164823996448,-2574496.180379395,65.31237740545026,67.73804500794772,2432047.8000000017,-2.8436583444529826,65.78000000000003,68.88150000000005,-1.049436297831562,-0.3789874890106307,-0.6704488088209314,0.35714285714285715,-1.1300000000000026,25.619892675097407,-3296525.6,-1522497.05,63.66,64.42999999999999,65.87999999999998,66.64999999999999,62.21,61.44,59.99,-0.05859491778774303,-0.12902779698520267,0.08169123960678215,0.16028569204430454,2.0919966539171533,2.465898523118413,0.2656522841250161,0.3450508364590069,0.0405405405405389,-0.007011132307514787,1.497867581777069e-06,-0.20125773318264545,0.6851851851851851
755,755,2015-08-14,63.1,63.49,62.3,63.36,5831528,M,0.0,0.36938638434619936,1.6000511022165906,0.136075604562417,0.3066566083399705,0.15304398620542925,0.015535154506482941,-0.11098794805739877,1090678.6615513335,64.66158493696685,67.32108834052413,8936940.0,-3.790347952835389,65.07200000000003,68.43400000000005,-1.258911185526017,-0.5549722283137081,-0.7039389572123091,0.35714285714285715,0.38000000000000256,25.762226315318927,-1472298.0,-916211.85,63.04999999999999,63.79999999999998,64.24,64.98999999999998,62.60999999999998,61.85999999999999,61.41999999999997,-0.059661620658949185,-0.12170779040754093,0.06762468597685081,0.1443102971364539,2.213677935021401,2.6183530379955884,0.4740202902570129,0.3970227856077688,0.8907563025210067,-0.008221946517613455,-0.00020660942884096031,-0.2378593260576631,0.6944444444444444
756,756,2015-08-17,62.91,63.27,62.5,62.95,4827282,M,0.0,0.3790835524458595,1.5013776219210448,0.12008527495984125,0.3396428229890648,0.16108556430314247,0.04112942872029071,-0.1212267276251501,1300146.7260990394,64.09105662464457,66.90479421285517,44677.34999999112,-4.770595989713176,64.18600000000002,67.97450000000005,-1.4413896737706864,-0.7322557174051039,-0.7091339563655825,0.35714285714285715,-0.4099999999999966,25.823568159216748,-3241737.2,-984544.0,62.90666666666667,63.31333333333335,63.67666666666668,64.08333333333334,62.54333333333334,62.13666666666667,61.77333333333334,-0.06782170887013178,-0.12166875959257707,0.06762468597685081,0.14431029713645388,1.9269483646430927,2.7374276726809907,0.5108187216432039,0.4148697188275609,0.5844155844155857,-0.008832666512327746,-0.00042998254592686576,-0.2705962355956281,0.7037037037037037
757,757,2015-08-18,63.08,63.43,62.37,62.67,5207426,M,-0.0,0.3895755241006783,1.4425272723315723,0.03529536388595604,0.2561807652390697,0.16799425346262353,0.0720542652537774,-0.1322956444072588,289290.58295623795,63.61737108309637,66.50148047829752,430630.3799999986,-5.7575391962188744,63.21400000000003,67.52450000000005,-1.5902672395034332,-0.9038580218247698,-0.6864092176786631,0.2857142857142857,-0.28000000000000114,25.8928772249464,-5653431.0,-1106637.55,62.82333333333333,63.276666666666664,63.88333333333333,64.33666666666667,62.21666666666666,61.76333333333333,61.15666666666666,-0.022461394478240488,-0.128493950771798,0.14580432001824725,0.17543816545411015,0.5577902831717065,2.8359319919842325,0.4348854370703132,0.4023124949320343,0.2830188679245317,-0.008954643030902201,-0.0006622892721444569,-0.2992236810633497,0.712962962962963
758,758,2015-08-19,62.46,62.76,61.99,62.39,7282015,M,0.0,0.4012561947481482,1.352856969354029,0.023137390228755567,0.17002320067906485,0.17061960448926974,0.09278093480591652,-0.14300531774042566,658767.9592389957,63.20824738873091,66.10991090893584,-1374650.4800000056,-6.5351628437792835,62.87000000000002,67.04850000000005,-1.7111226857099666,-1.0653109546018094,-0.6458117311081573,0.21428571428571427,-0.28000000000000114,25.155445199272453,-3560344.4,-1569978.3,62.38,62.76999999999999,63.149999999999984,63.53999999999999,61.99999999999999,61.61,61.23,-0.009368053350269868,-0.12385900856621253,0.1140164155078166,0.15918460808917215,0.3636619309204658,2.8599471378997032,0.4630837978737155,0.41347135441284255,0.5194805194805203,-0.00873961139204928,-0.0008984715261081748,-0.3248968014782469,0.7222222222222222
759,759,2015-08-20,61.65,62.29,61.44,61.44,3631600,M,-0.0,0.41690119699769146,1.2991427067734922,0.04618814636294095,0.1117140288877308,0.17697443311577254,0.06534356082521657,-0.15125077784834032,-495752.2054356562,62.618831592487275,65.6651574890372,1938265.9800000063,-7.286428905127328,62.56200000000002,66.56000000000004,-1.8620935032710972,-1.224667464335667,-0.6374260389354305,0.21428571428571427,-0.9500000000000028,24.61023983808981,-3023359.0,-1625882.4,61.72333333333333,62.00666666666666,62.57333333333332,62.85666666666666,61.15666666666666,60.87333333333333,60.30666666666666,-0.03030303030303033,-0.12153274235058625,0.07908072795036193,0.13740904334582862,0.7224057031895782,2.9448545670464576,0.30872253191581034,0.374093130183048,0.0,-0.008705153143462638,-0.001142952653466641,-0.3548771350171747,0.7314814814814815
760,760,2015-08-21,60.87,61.29,59.11,59.19,5504623,M,-0.0,0.4351744101903812,1.4365903458703595,0.09903699893973793,0.0848434061845645,0.19748943628591933,-0.024015103832022062,-0.1695763006620473,-1390401.0635511137,61.475887728324864,65.0484758234146,5687654.400000005,-8.367958653449953,61.728000000000016,66.02250000000005,-2.1386422235452467,-1.407462416177583,-0.7311798073676641,0.21428571428571427,-2.25,24.371705761176816,-5290589.2,-1764132.4,59.86333333333334,60.61666666666667,62.04333333333334,62.79666666666667,58.43666666666668,57.68333333333334,56.25666666666668,-0.059729944400317786,-0.15382416011436748,0.028069830308294002,0.0815543719706383,1.5283389676380363,3.2596865767967795,0.2180474371793473,0.3419601889947978,0.036697247706421236,-0.009713587772689878,-0.0014150339250284794,-0.3992242063071077,0.7407407407407407
761,761,2015-08-24,56.01,58.85,55.16,57.12,7017576,M,0.0,0.4475838167743744,1.7823782997543116,0.1558994850362568,0.13544255110035605,0.2252200632662089,-0.061014372144769034,-0.19753759747262176,132104.81893318662,60.02392515221657,64.29338288785131,-14627416.32,-9.804696820615305,60.56200000000002,65.38100000000004,-2.496067662807953,-1.6251834655036574,-0.8708841973042951,0.14285714285714285,-2.0700000000000003,24.559978360053826,-5728648.0,-2272000.0,57.04333333333333,58.92666666666666,60.73333333333333,62.61666666666667,55.23666666666666,53.35333333333333,51.54666666666665,-0.08855911919578753,-0.17073170731707316,0.011090622233982272,0.044948478004015684,2.3603961531914472,3.6812782391020034,0.3224200620039369,0.35997972448606624,0.5311653116531161,-0.011648697522985273,-0.0017260317392353954,-0.4498604772301202,0.75
762,762,2015-08-25,58.85,59.47,56.76,56.77,7456327,M,-0.0,0.4595065799629167,1.906061193120404,0.16927287788537934,0.24014506202875294,0.25025925268364624,0.006158543851261815,-0.2193809619127595,-1751195.9626105588,58.939283434811045,63.57687023186546,-4723123.6799999885,-10.756204227947023,59.38200000000002,64.77550000000004,-2.7755768512581303,-1.855262142654552,-0.9203147086035776,0.14285714285714285,-0.3499999999999943,24.861997140854307,-6178428.2,-2347928.4,57.66666666666666,58.57333333333333,60.37666666666666,61.28333333333333,55.86333333333333,54.95666666666666,53.15333333333333,-0.09007853822727996,-0.17950570891747356,0.12711689955571834,0.11835626886362935,2.5129405086474,4.052667055552384,0.21617672030274815,0.3260473732874286,0.0036900369003708905,-0.013201964066898804,-0.0020616490407005693,-0.4904147214285436,0.7592592592592593
763,763,2015-08-26,57.92,58.78,56.96,58.72,5403451,M,0.0,0.4631274646610308,1.9199197007043496,0.12739588567076446,0.5096366012211807,0.2569845469751215,0.16496628602746452,-0.21701102251405574,1598441.8885254224,58.8661889565407,63.11431116216399,-2582600.0000000023,-11.51185461343303,58.64800000000002,64.25200000000004,-2.8073794706848294,-2.045685608260608,-0.7616938624242211,0.21428571428571427,1.949999999999996,25.157834283714195,-3641335.0,-2366198.95,58.15333333333334,59.34666666666667,59.973333333333336,61.16666666666667,57.52666666666667,56.33333333333334,55.70666666666667,-0.04427083333333332,-0.15303620366363768,0.12711689955571834,0.11835626886362935,1.8678784757047493,4.12794277806138,0.4664621358794874,0.3870936203108131,0.9670329670329658,-0.01265945088782256,-0.0023814399599132057,-0.4821932353921303,0.7685185185185186
764,764,2015-08-27,59.06,59.64,58.17,59.05,5539563,M,0.0,0.4666063538807874,1.8599304072771028,0.07825055518128132,0.6933286333209815,0.2574479499732792,0.21430691204765231,-0.2113777368248803,1565236.1184798342,58.92745930436047,62.72723390862456,-4370221.919999989,-12.316395769602055,58.17000000000003,63.738000000000035,-2.7739783380910907,-2.1913441542267047,-0.582634183864386,0.2857142857142857,0.3299999999999983,25.37087305457085,-1807102.4,-2255628.75,58.95333333333334,59.73666666666668,60.42333333333333,61.20666666666668,58.26666666666668,57.48333333333334,56.79666666666668,-0.002365264402770748,-0.14494642339994215,0.33821326424201675,0.2326258453003768,1.1379586987237842,4.10230435884922,0.5105212425137616,0.4072408427366699,0.5986394557823103,-0.010963357544391508,-0.002675898648783904,-0.4696053620629255,0.7777777777777778
765,765,2015-08-28,59.14,59.51,58.7,59.0,2807240,M,-0.0,0.4709716863609342,1.7199396863068217,0.07554172536622332,0.6976594399262724,0.2550199099210845,0.2373836241117929,-0.20842312322497614,830062.5901890947,58.95163953624032,62.37225925066031,-726939.080000003,-13.04484197207382,58.13200000000002,63.235000000000035,-2.720185674798664,-2.2971124583410965,-0.42307321645756746,0.2857142857142857,-0.049999999999997165,25.466717824748244,-1267625.8,-2229153.05,59.07,59.44,59.88,60.24999999999999,58.63,58.26000000000001,57.82000000000001,0.032913165266106485,-0.13502419000146598,0.33821326424201675,0.23262584530037675,1.0978478947473242,4.031546000964947,0.4638042851326308,0.40372936917797453,0.3703703703703691,-0.008974201270660615,-0.002943135827024533,-0.460201277307194,0.787037037037037
766,766,2015-08-31,58.88,59.11,58.35,58.61,3253989,M,-0.0,0.4774867736493363,1.591947728132579,0.06477695424189903,0.5475571800512924,0.2536336698167025,0.23958302164295106,-0.19866140161878554,358467.38518711255,58.837759690826886,62.01394884583552,1005652.5599999948,-13.992646037390944,58.43000000000003,62.75500000000003,-2.6781522699422102,-2.3733204206613188,-0.3048318492808906,0.2857142857142857,-0.39000000000000057,25.47533646175765,-514908.4,-2195557.2,58.69,59.03,59.45,59.78999999999999,58.27,57.93,57.51,0.0324114849392284,-0.14525302610471044,0.2835199799810641,0.2166635864600444,0.9462293590885406,3.979195237336793,0.4232379444743848,0.3978604066998717,0.34210526315789297,-0.0073114202435258435,-0.003186516770991745,-0.4555154795169668,0.7962962962962963
767,767,2015-09-01,57.61,58.51,57.5,57.95,3887733,M,-0.0,0.4772643987264922,1.5276880310482348,0.03006458071664416,0.09405107760635366,0.24874336266080446,0.22386268930117514,-0.19075601353114,325186.54168583744,58.541839793884584,61.62690609861309,-1134517.6499999969,-14.775098963935134,58.666000000000025,62.224000000000025,-2.667349434001217,-2.432126223329299,-0.2352232106719181,0.2857142857142857,-0.6599999999999966,25.458680598356782,198810.4,-2515412.7,57.98666666666666,58.47333333333332,58.99666666666666,59.48333333333331,57.463333333333324,56.97666666666666,56.45333333333332,-0.0131130790190735,-0.15904803366710193,0.18293709886270987,0.1810143015942152,0.44094217308066186,3.869451749551476,0.4306734811347396,0.4024017541051648,0.4455445544554492,-0.00631235474240844,-0.0034124092995509326,-0.4564976020532021,0.8055555555555556
768,768,2015-09-02,58.58,59.1,57.88,58.62,3458608,M,0.0,0.4672960254828391,1.486662960241803,0.030020646078712174,0.4852322300824496,0.23393469211852375,0.2859863173265612,-0.18066163951407255,651258.2388058635,58.56789319592306,61.340534089221364,2046.1899999995928,-15.253020665928615,58.64600000000003,61.70950000000003,-2.575041235654276,-2.4607092257942944,-0.11433200985998092,0.35714285714285715,0.6699999999999946,25.488990779758,-190158.2,-2552758.2,58.53333333333333,59.18666666666666,59.75333333333332,60.40666666666666,57.96666666666666,57.31333333333333,56.74666666666666,-0.0072819644369178605,-0.13091178650852492,0.3924043665106154,0.2784098769601579,0.4401477024830388,3.608998220822013,0.48930144643955203,0.4218451467664993,0.6065573770491767,-0.005127288199282924,-0.0036087996203682635,-0.44439088718817416,0.8148148148148149
769,769,2015-09-03,58.97,60.13,58.65,59.28,4327079,M,-0.0,0.4599628277729165,1.489774565542897,0.034128631364574814,0.7935482831977488,0.22056150644591987,0.3505248372503328,-0.1648061574723053,286261.1897489879,58.80526213061537,61.14429274739078,584330.1799999992,-15.360580473824331,58.69200000000002,61.301000000000016,-2.4207252257168723,-2.45271242577881,0.03198720006193812,0.42857142857142855,0.6600000000000037,25.57549536665041,-432655.0,-2139910.5,59.35333333333333,60.05666666666666,60.83333333333334,61.53666666666667,58.57666666666666,57.87333333333333,57.09666666666666,0.004745762711864426,-0.11390134529147987,0.6264573296730339,0.4205757764769394,0.5007694080124064,3.380160226660335,0.4680928561849267,0.42220995904356384,0.42567567567567627,-0.0035904982307536897,-0.003767301034139589,-0.422001624599236,0.8240740740740741
770,770,2015-09-04,58.42,59.23,58.23,58.4,2736748,M,-0.0,0.4515339683044492,1.4311379568038447,0.03277803380344397,0.4104108338489904,0.20807919479306014,0.30453190816587383,-0.14965622389870256,-259137.46749593024,58.670174753743574,60.88293153335355,158809.19999999914,-15.265272604399849,58.57200000000002,60.87600000000002,-2.3424351868688547,-2.4306569779968186,0.08822179112796437,0.42857142857142855,-0.8800000000000026,25.61473738988953,-418556.6,-2112267.4,58.62,59.01,59.62,60.01,58.01,57.62,57.01,-0.003583006312915899,-0.1332739685366577,0.5135286439100473,0.3841071059190045,0.4799687489838302,3.166757265555584,0.3687285707899517,0.39818996294417697,0.1700000000000017,-0.0027589560372280157,-0.003902221001410747,-0.4108740487115955,0.8333333333333333
771,771,2015-09-08,59.37,59.37,58.65,59.17,2813863,M,0.0,0.43810294936818606,1.3696528958966652,0.0375650635580439,0.7204613349558966,0.18449254038728213,0.3838682533778496,-0.1253044521584704,513939.95178735093,58.83678316916238,60.71979519684369,166453.75999999914,-14.965101106617036,58.68400000000001,60.46550000000002,-2.19297791783557,-2.383121165964569,0.19014324812899908,0.5,0.7700000000000031,25.53522637323428,795013.8,-2172569.95,59.06333333333333,59.47666666666667,59.78333333333334,60.19666666666666,58.75666666666667,58.34333333333333,58.03666666666667,0.021052631578947347,-0.12379683103805715,0.5512769877589978,0.4044504792082904,0.5511170474600622,2.7888584251968034,0.4865597879340437,0.4290501781135152,0.7222222222222276,-0.0017697227951176731,-0.004003374026071315,-0.3873928704629658,0.8425925925925926
772,772,2015-09-09,59.68,59.91,58.73,58.85,6178225,M,-0.0,0.42923716442196175,1.3443658431104428,0.02500734928547801,0.4904893411187398,0.15032984150879358,0.3690789947704208,-0.10352471139972394,-1180418.3039088738,58.841188779441595,60.541719463810956,1548664.6500000097,-14.974396244692006,58.86400000000002,60.03150000000002,-2.076417631067777,-2.3217804589852107,0.2453628279174338,0.5714285714285714,-0.3200000000000003,25.52385169006811,336915.4,-2824033.35,59.16333333333333,59.59666666666666,60.34333333333333,60.776666666666664,58.41666666666666,57.98333333333333,57.23666666666666,0.00392357557147738,-0.08204648260801745,0.6837795638575562,0.4823867390664242,0.3680081520850945,2.256131470133786,0.3582714970407761,0.3978734864126319,0.10169491525424117,-0.0011237446382288262,-0.004077942071748893,-0.3711943135103615,0.8518518518518519
773,773,2015-09-10,58.89,59.39,58.17,58.39,3884146,M,-0.0,0.42690056646364255,1.3277837306957172,0.02837342105710605,0.2435387155587759,0.13835255466256252,0.33601386157142105,-0.08818125252621697,-990421.7064414165,58.69079251962772,60.33679380059087,-834820.7400000013,-15.003829795238154,58.81800000000002,59.74550000000003,-1.9981277467788632,-2.257049916543941,0.2589221697650781,0.5714285714285714,-0.4600000000000009,25.482468531979247,-1131635.4,-2130868.25,58.65,59.13,59.86999999999999,60.35,57.91,57.43,56.69,-0.015013495276653181,-0.0728802794537948,0.4785977268138439,0.4157122842648629,0.41721696993421614,2.0664856386480333,0.29895695431133684,0.37715485616880573,0.18032786885245825,-0.0009946442683591984,-0.004133715318165934,-0.3620509083949288,0.8611111111111112
774,774,2015-09-11,57.9,58.28,57.12,58.19,3274720,M,0.0,0.4246555997978064,1.320079233269622,0.027295220509489567,0.2436698843196857,0.13080658960660116,0.3309304064935982,-0.07139037677174785,847758.9551462532,58.523861679751825,60.13233724815364,1916313.300000011,-14.829890956360796,58.600000000000016,59.50600000000003,-1.9299732477288103,-2.1916345827809147,0.2616613350521049,0.5714285714285714,-0.20000000000000284,25.33070088866015,-2651995.2,-1978777.9,57.86333333333334,58.606666666666676,59.02333333333335,59.76666666666668,57.44666666666667,56.70333333333333,56.28666666666667,-0.003595890410958919,-0.08159722222222225,0.2677193998258713,0.3182417741719579,0.3998749804640223,1.9459442302826029,0.5067759005753731,0.4290842787340096,0.9224137931034456,-0.0011419443030063275,-0.004173546632238614,-0.356369697996773,0.8703703703703703
775,775,2015-09-14,58.16,58.21,57.4,57.86,2988842,M,0.0,0.4240830657949912,1.2520686688336728,0.03567989230377605,0.19717127215248287,0.118286194334488,0.30431644457597645,-0.05843244500584927,771546.9713494361,58.302574453167885,59.9159241769009,474511.12000000104,-14.476598457944993,58.492000000000026,59.23100000000003,-1.8809066373878447,-2.129488993702301,0.248582356314456,0.5714285714285714,-0.3299999999999983,25.20317888593632,-2702414.0,-2419796.4,57.82333333333333,58.24666666666666,58.63333333333333,59.05666666666666,57.43666666666666,57.01333333333333,56.62666666666666,-0.022139597769139804,-0.08085782366957907,0.2677193998258713,0.318241774171958,0.5217470651581175,1.7515523941565154,0.5271510119062156,0.4423049411943802,0.5679012345679006,-0.0014992828228747373,-0.004201638803130246,-0.35473047729825496,0.8796296296296297
776,776,2015-09-15,57.96,57.99,57.13,57.17,4122755,M,-0.0,0.4260213377759921,1.1997928463225165,0.04323276273327343,0.13288544534396668,0.10677723833261248,0.21844699603854725,-0.0570748448068542,-648677.8927371543,57.92504963544526,59.65440758862462,-864995.6999999966,-13.998918223777196,58.09200000000003,58.94200000000003,-1.8760720379766769,-2.078805602557176,0.20273356458049951,0.5,-0.6899999999999977,25.111278932814287,-4089737.6,-2384570.05,57.43000000000001,57.73000000000001,58.290000000000006,58.59000000000001,56.87000000000001,56.57000000000001,56.01000000000001,-0.028547153780798636,-0.0877612892931227,0.21907024989813087,0.2935245019851405,0.6278694131753303,1.573415995450212,0.366937883906469,0.40461033992891293,0.04651162790697578,-0.0022072982551532886,-0.0042261879404943145,-0.3598757970763237,0.8888888888888888
777,777,2015-09-16,56.9,57.47,56.69,57.28,7714319,M,0.0,0.4316068362523732,1.1438204668128478,0.03742099208103576,0.2696694518465461,0.09179847968258094,0.2414615614772932,-0.05424965282588149,1277797.5407637446,57.71003309029684,59.428273532565136,-2740776.6599999918,-13.47127547576488,57.77800000000002,58.67250000000003,-1.8421295793157741,-2.031470397908896,0.1893408185931218,0.42857142857142855,0.10999999999999943,25.024011290049966,-1311228.8,-1738482.8,57.14666666666667,57.60333333333334,57.92666666666668,58.38333333333334,56.82333333333334,56.36666666666667,56.04333333333334,-0.019010104469943476,-0.08190415130629908,0.15486551235786122,0.2553312296680327,0.5405275201145211,1.346511574794058,0.4967620080743992,0.4381150938795175,0.7564102564102597,-0.002688375728834536,-0.004242825412077796,-0.3618897313186967,0.8981481481481481
778,778,2015-09-17,57.34,57.6,55.91,56.0,6973411,M,-0.0,0.4427053423973756,1.2166444045711355,0.05854101388132485,0.11244933131775443,0.07976946666114493,-0.005501036282860207,-0.061757370692723475,-1291498.331951865,57.140022060197886,59.101771291368465,-3335267.520000005,-13.389892514254074,57.30000000000002,58.353000000000016,-1.896651817352776,-2.004506681797672,0.10785486444489578,0.35714285714285715,-1.2800000000000011,24.722215039821574,-1929081.8,-1723052.6,56.50333333333333,57.09666666666666,58.19333333333333,58.78666666666667,55.40666666666666,54.81333333333333,53.71666666666666,-0.03763533253136274,-0.08854166666666663,0.08965408417090208,0.20063654296014471,0.8386000238499789,1.163696922019448,0.34892615133954097,0.40146169806907056,0.05325443786982435,-0.003691853884607868,-0.004266992405394486,-0.3758958694125976,0.9074074074074074
779,779,2015-09-18,55.42,55.56,53.99,54.06,8806809,M,-0.0,0.4539516295704818,1.3224251506283171,0.10687397823993278,0.10003983345600327,0.08939553494340542,-0.2570158968503948,-0.08065393667740177,-2794967.400856652,56.113348040131925,58.62160259695242,-3517817.799999999,-13.522485193690484,56.47400000000002,57.984000000000016,-2.0725122395486792,-2.0181077933478733,-0.05440444620080598,0.2857142857142857,-1.9399999999999975,24.476984850117315,-3035499.6,-1981813.05,54.53666666666667,55.08333333333334,56.10666666666666,56.65333333333334,53.51333333333334,52.96666666666667,51.94333333333334,-0.06567576909782229,-0.08667004561581343,0.036576766377121164,0.12360872206921762,1.5089002617804916,1.2958776745396057,0.24747942998007624,0.36747353513498254,0.04458598726114667,-0.0056970518891053075,-0.004319064909817242,-0.4051522312043249,0.9166666666666667
780,780,2015-09-21,54.29,54.8,53.72,53.91,4561638,M,-0.0,0.46629205303122795,1.290101797211208,0.11715603642068365,0.22806912487711076,0.10742487251584468,-0.11446026848745244,-0.09264391790512114,-1544385.046692124,55.37889869342128,58.172878540099795,5040605.570000009,-13.618346083614462,55.68400000000001,57.72000000000001,-2.1986420604765518,-2.0542146467736093,-0.14442741370294246,0.2857142857142857,-0.15000000000000568,24.32932446900142,-3350058.8,-1934663.8,54.14333333333334,54.56666666666668,55.22333333333333,55.64666666666668,53.48666666666668,53.06333333333334,52.40666666666668,-0.057022914115795076,-0.056197478991596654,0.03275860043367962,0.11619496922611992,1.6309291830123376,1.5501409104036392,0.22362826196202548,0.3492309056865008,0.1759259259259241,-0.007392567044173634,-0.004389727522732196,-0.4294658349740341,0.9259259259259259
781,781,2015-09-22,53.75,53.99,52.96,53.44,3847202,M,-0.0,0.4784937063842569,1.2554215575830472,0.11899640630085087,0.2708577767731635,0.12653096492822966,-0.06263074723503897,-0.1094732710403636,-34834.613703903284,54.732599128947534,57.722128202947424,3074956.3400000227,-13.692037144778118,54.93800000000001,57.536000000000016,-2.309898848263608,-2.105351487071609,-0.2045473611919988,0.2857142857142857,-0.4699999999999989,24.2849397647056,-3294948.2,-1776145.1,53.46333333333333,53.96666666666666,54.49333333333333,54.99666666666666,52.93666666666666,52.43333333333333,51.90666666666666,-0.06703910614525145,-0.05865774176501683,0.023210579871873038,0.09686777516124756,1.6343561423390367,1.8200213995276555,0.3044253137999252,0.3603536210949984,0.4660194174757246,-0.008614072185456253,-0.004475847785946707,-0.452879868286744,0.9351851851851851
782,782,2015-09-23,53.49,53.7,52.78,52.85,3239370,M,-0.0,0.4920629432327808,1.2106986832386408,0.08782889938085145,0.24680492190068226,0.1462764114150435,-0.03532109186952427,-0.12782765935040194,-204794.21843794078,54.10506608596501,57.25811599314292,1401604.0799999936,-13.92780834160832,54.05200000000002,57.34000000000002,-2.4178077407091583,-2.1678427377991185,-0.2499650029100393,0.21428571428571427,-0.5899999999999963,24.259032219077266,-5485686.0,-1565297.25,53.11000000000001,53.44000000000001,54.03,54.36000000000002,52.52000000000001,52.19000000000001,51.60000000000001,-0.05624999999999997,-0.09996594005449587,0.021165099700519288,0.09255847019242652,1.186831917333446,2.0968723576346493,0.2283125280405299,0.3332806054213546,0.0760869565217393,-0.009470074661012249,-0.004576334664572287,-0.4765193633402294,0.9444444444444444
783,783,2015-09-24,52.38,52.8,51.68,52.08,9543329,M,-0.0,0.5006349696475296,1.2052721921401557,0.06117900511201246,0.13545794343032358,0.16658686011585858,-0.018912522863003718,-0.1439109263442808,-249419.1851015817,53.430044057310006,56.76496208903408,-7746732.719999998,-14.338927660181508,53.26800000000002,57.00800000000002,-2.536222881619956,-2.2415187665632863,-0.2947041150566698,0.14285714285714285,-0.7700000000000031,24.30850185739776,-5999669.6,-2312636.25,52.18666666666667,52.69333333333334,53.30666666666666,53.81333333333333,51.57333333333334,51.06666666666667,50.45333333333334,-0.03662597114317432,-0.11803556308213375,0.012066926903085085,0.07005153311610278,0.8147208110766702,2.374195930371217,0.27125597107463884,0.33555320082340245,0.3571428571428567,-0.0101776744505946,-0.004692489618056297,-0.5015664227211271,0.9537037037037037
784,784,2015-09-25,52.64,53.1,52.33,52.51,4749220,M,-0.0,0.5126855631286016,1.1805692331881352,0.05501217679840456,0.3462243368169769,0.17810643399812345,0.08683542502851534,-0.15595772381890796,-182044.9356283005,53.123362704873344,56.35972760436416,-513349.00000000506,-14.684324530474493,52.95800000000001,56.68100000000002,-2.5657934577566834,-2.306373704801966,-0.25941975295471753,0.21428571428571427,0.4299999999999997,24.348304494725408,-3288463.8,-2352153.4,52.64666666666667,52.96333333333334,53.41666666666667,53.73333333333334,52.19333333333334,51.87666666666666,51.42333333333333,-0.025969207939157832,-0.11000000000000004,0.1513557146459583,0.13763934681341586,0.7283337147224773,2.5238126963619103,0.2587593919718367,0.3258592039608148,0.2337662337662325,-0.010026854850789729,-0.004808470738179522,-0.5117015026816337,0.962962962962963
785,785,2015-09-28,52.15,52.28,50.22,50.29,5230651,M,-0.0,0.5248976788502872,1.3284933354297173,0.09151784439109373,0.09333462768866732,0.20160927692859584,-0.02519421670838621,-0.1778358814402447,-884503.6970014494,52.17890846991556,55.78165830871042,7719693.619999996,-15.4736219986246,52.234000000000016,56.24550000000002,-2.736815493672836,-2.3924620625761404,-0.344353431096696,0.14285714285714285,-2.2199999999999993,24.39823132764286,-3422266.4,-2473323.95,50.93,51.64,52.99000000000001,53.7,49.58,48.87,47.52,-0.05894461077844309,-0.14195529773076268,0.06337429109146002,0.08580378356543616,1.1950857709810978,2.834903646371835,0.1838331221559818,0.29806124001447737,0.03398058252427195,-0.010785738656552432,-0.00494878117698556,-0.5360319377667359,0.9722222222222222
786,786,2015-09-29,50.55,50.82,49.72,50.39,5636167,M,0.0,0.5289411895246141,1.2980275573724218,0.0932887842663644,0.2437675824411713,0.21928465545234896,0.055320480208121525,-0.19197543571533388,850997.7455277706,51.58260564661038,55.26816704121419,-1880327.6399999976,-16.30273455740877,51.62400000000001,55.83450000000003,-2.8316411287219907,-2.4802978758053102,-0.35134325291668045,0.07142857142857142,0.10000000000000142,24.158618134280747,-1525592.6,-2028816.15,50.31,50.90000000000001,51.41,52.00000000000001,49.8,49.21,48.7,-0.04654683065279093,-0.1304572907679034,0.053128701645093854,0.07761756306540661,1.2039850497416988,3.0609122737135466,0.32558571780095785,0.3276831132598519,0.6090909090909099,-0.011198216143063612,-0.005099317738123489,-0.5525799597825575,0.9814814814814814
787,787,2015-09-30,50.99,51.44,50.75,51.32,4726065,M,0.0,0.5320688733939032,1.2649572163894318,0.07715685190918638,0.5005051097755646,0.2289300120007272,0.1707932921902358,-0.19745477502672654,2073046.2671953985,51.49507043107358,54.89215113252713,-519723.5800000006,-16.679632502430565,51.31800000000001,55.50300000000002,-2.7994772686753464,-2.5441337543793177,-0.25534351429602875,0.14285714285714285,0.9299999999999996,23.82002220038513,67494.4,-1598126.25,51.17,51.58999999999999,51.85999999999999,52.27999999999999,50.89999999999999,50.48,50.21,-0.014592933947772618,-0.12453087683384505,0.26063543300724273,0.1907602662285228,0.9898838315689068,3.1765756140190917,0.4924194640412193,0.37515014595146057,0.8260869565217422,-0.010379027685441272,-0.005237569094409304,-0.5439343751046258,0.9907407407407407
788,788,2015-10-01,51.18,51.5,50.75,51.05,4053799,M,-0.0,0.5372385655890242,1.1962962542041744,0.06998080601903954,0.482666355944948,0.23481868383724894,0.1852273361812034,-0.19902495204095935,1145842.2412946098,51.346713620715725,54.52623197704835,-1044362.8799999945,-16.888727985092153,51.11200000000001,55.12450000000002,-2.763913249907453,-2.588089653484945,-0.17582359642250855,0.14285714285714285,-0.2700000000000031,23.528115477966388,1165400.4,-1973746.6,51.1,51.45,51.85,52.2,50.7,50.35,49.95,-0.0278042277661398,-0.13883265856950075,0.28195510089236786,0.2019560007045849,0.8942147393112874,3.236065634296609,0.4616129760274783,0.3775167987179878,0.3999999999999962,-0.009205608569671576,-0.00536344938755945,-0.5389659940298964,0.9907407407407407
789,789,2015-10-02,50.25,51.85,50.03,51.84,4190130,M,0.0,0.5409044151305273,1.2794567536436177,0.05091600829012408,0.8321009548977693,0.2308545896901189,0.2695782520185725,-0.18725608770752536,2238905.431839894,51.511142413810475,54.270400360186606,-278686.2000000017,-16.996722479852153,50.978000000000016,54.75250000000002,-2.6415321725262686,-2.59877815729321,-0.042754015233058766,0.21428571428571427,0.7900000000000063,23.45633042913359,1053582.4,-1980594.05,51.24,52.45,53.06,54.27,50.63,49.42,48.81,0.030821236826406924,-0.11232876712328757,0.18994165421969472,0.16883077037201294,0.6488990676534866,3.15996648050206,0.6392438155201507,0.4362776268882267,0.9945054945054956,-0.007339164150702238,-0.005462182629581596,-0.5167637248003617,0.9814814814814814
790,790,2015-10-05,51.59,51.94,51.21,51.71,4734705,M,0.0,0.5460093049927004,1.2061958531578016,0.045222029834728776,0.6932557460164918,0.22839375574052245,0.28211774694684644,-0.17830959456882875,1721155.9484514126,51.57742827587365,54.026552706835496,449397.9600000025,-16.996760437585053,51.26200000000002,54.41800000000002,-2.5259170016717576,-2.58420592616892,0.05828892449716205,0.2857142857142857,-0.13000000000000256,23.434684688102866,1152771.6,-2080491.9,51.62000000000001,52.03000000000001,52.35,52.76000000000001,51.30000000000001,50.89000000000001,50.57000000000002,0.02619567374479064,-0.12607740408991044,0.2337045106506624,0.1884939871503114,0.5795429233469668,3.107182849971939,0.6544730459632065,0.45995894878928295,0.684931506849318,-0.005558098596215293,-0.0055360710343528,-0.4999591379460129,0.9722222222222222
791,791,2015-10-06,51.31,51.55,50.73,51.39,4243491,M,0.0,0.5470268989257,1.1760364060700952,0.024563534345714174,0.44304196735596896,0.21948855048122126,0.2774638396788465,-0.16783188774077665,1618976.790090001,51.514952183915774,53.775452449041644,-24012.45000000015,-16.913873992760198,51.46200000000001,54.02900000000002,-2.432077001695476,-2.553780141274231,0.12170313957875578,0.2857142857142857,-0.3200000000000003,23.464548270039497,-823160.0,-2433359.6,51.223333333333336,51.71666666666668,52.04333333333334,52.536666666666676,50.89666666666668,50.40333333333334,50.07666666666668,0.0013639906469212835,-0.12676295666949874,0.16652954872531214,0.16403438445037036,0.3160221511247858,2.9646867234874765,0.7046080469023016,0.4928083868836839,0.8048780487804921,-0.0042804597618951706,-0.005590053143353745,-0.4888027565753781,0.962962962962963
792,792,2015-10-07,51.37,51.79,50.84,51.13,3261384,M,-0.0,0.5415514865902812,1.1458982185940818,0.02701044728358663,0.2883346839849664,0.20894200342569905,0.2757906724713246,-0.15308863117172847,202540.86802019968,51.386634789277174,53.523504596751955,854526.1799999975,-16.532535111276854,51.42400000000002,53.64300000000003,-2.3515803977061225,-2.5133401925606096,0.1617597948544871,0.35714285714285715,-0.259999999999998,23.523198957579307,-2420649.8,-2287517.55,51.25333333333333,51.66666666666666,52.20333333333332,52.61666666666665,50.71666666666666,50.30333333333334,49.76666666666666,0.0015670910871695475,-0.12433635896557628,0.3061379380685306,0.22356974894150464,0.3472463102777898,2.8020689724411945,0.5714930838997802,0.4749469365037842,0.3052631578947373,-0.0035105230715836776,-0.005627424808410953,-0.4817670736480127,0.9537037037037037
793,793,2015-10-08,51.27,52.2,51.13,51.47,4710350,M,-0.0,0.5375226263501083,1.1357784561148712,0.021593907017611914,0.4658352944093002,0.19553801783014155,0.3246908536768127,-0.13561312898906494,-537433.5926309159,51.41442319285146,53.32793273039463,37348.7199999992,-16.076098677607018,51.508,53.29700000000002,-2.2345921136950224,-2.4575905767874917,0.22299846309246973,0.42857142857142855,0.3399999999999963,23.59591147511832,-667820.0,-1857792.75,51.6,52.07,52.67000000000001,53.14,51.0,50.53,49.93,-0.007137345679012433,-0.11548376009623645,0.5046001510298134,0.32117392514515675,0.2780647406657886,2.6053974340732653,0.4869143923817837,0.459976467250642,0.3177570093457909,-0.002720422224948832,-0.005642397439710518,-0.4679232731107472,0.9444444444444444
794,794,2015-10-09,51.49,51.67,50.94,51.0,5781619,M,-0.0,0.5398207996193283,1.0816746619662223,0.02189866665008585,0.19758357154289885,0.17991838547718614,0.2965757430769496,-0.12448621644230813,-1782225.3336850759,51.27628212856763,53.106224851309435,-327630.55000000645,-15.455667005645092,51.34000000000001,52.93750000000002,-2.154962066521712,-2.3970648747343364,0.2421028082126244,0.42857142857142855,-0.4699999999999989,23.595770632481923,-2662169.8,-1983137.7,51.20333333333334,51.46666666666668,51.93333333333334,52.19666666666669,50.73666666666668,50.473333333333336,50.00666666666668,-0.013730419648037149,-0.1185620463187003,0.42561899760875177,0.30048628210334644,0.28106938645385193,2.3811073827996356,0.3520068551951627,0.4239969733050495,0.08219178082192047,-0.002363362570763919,-0.005642755797559158,-0.4605959873672357,0.9351851851851851
795,795,2015-10-12,50.97,51.17,49.73,50.36,6752041,M,-0.0,0.5420288484466179,1.1294513737040601,0.03447585052228338,0.09674709768620833,0.16314487244179066,0.24315774440107266,-0.11016554947182047,-860779.8673274027,50.97085475237843,52.8446796273752,-2266277.009999999,-14.855776078077696,51.07000000000001,52.56250000000002,-2.1190700117104697,-2.341465902129563,0.22239589041909325,0.42857142857142855,-0.6400000000000006,23.708610978810743,-3065637.0,-2171297.65,50.42,51.10999999999999,51.86000000000001,52.55,49.66999999999999,48.97999999999999,48.22999999999998,-0.02004280988519169,-0.11911841875109325,0.17767294426096425,0.20237635687417965,0.4401704215432532,2.1438255894304064,0.3805045701301086,0.4252829758474257,0.4375000000000003,-0.0025998977866172088,-0.005637225014872391,-0.4603086130640923,0.9259259259259259
796,796,2015-10-13,50.33,50.85,49.91,50.26,6365207,M,-0.0,0.5460049053401919,1.104191190543519,0.040752560103449215,0.2181498693590057,0.1459901566761444,0.24328258315499424,-0.09695837929855386,-654121.223301224,50.733903168252276,52.59851966286328,-431855.12000000116,-14.30284987958975,50.84400000000002,52.21700000000002,-2.0747777179214917,-2.2881282652879493,0.2133505473664568,0.42857142857142855,-0.10000000000000142,23.84923108105349,-3489980.2,-2283420.25,50.34,50.77,51.28,51.71,49.82999999999999,49.39999999999999,48.88999999999999,-0.01701545081165665,-0.12255586592178774,0.17767294426096425,0.2023763568741796,0.5180057914749431,1.9057920027895587,0.3777831885973773,0.4202408281983294,0.3723404255319145,-0.0029306158108630483,-0.00562469206943183,-0.4609882218346994,0.9166666666666667
797,797,2015-10-14,50.42,50.85,49.48,49.77,5667960,M,-0.0,0.5499556221726883,1.1396323651377172,0.052690076824192925,0.19902154589580445,0.12076225350453708,0.16911569319605166,-0.09430834434964128,-1032958.2675229659,50.41260211216819,52.329136837828685,639607.789999996,-13.904463335923321,50.57200000000002,51.84150000000002,-2.055519906913929,-2.241606593613145,0.1860866866992157,0.42857142857142855,-0.4899999999999949,24.015663647961677,-3971295.4,-2952534.2,50.03333333333333,50.58666666666666,51.40333333333333,51.95666666666667,49.21666666666666,48.66333333333333,47.84666666666666,-0.03302894890227308,-0.11124999999999996,0.12638873034722795,0.17415327923260462,0.6661606412882713,1.565124091263865,0.32241506977051554,0.4003777809524687,0.21167883211679214,-0.003451531690627756,-0.005610224064184446,-0.4661302542200413,0.9074074074074074
798,798,2015-10-15,49.89,50.5,49.45,50.46,4025877,M,0.0,0.5459960069279739,1.1276813831193544,0.035004545309709645,0.5510441666402363,0.0968613522294182,0.2788614887160785,-0.07864808229542103,1129272.9866163323,50.42840140811214,52.15112380565453,-467866.0000000066,-13.511760486957396,50.37000000000001,51.56450000000002,-1.9619644150200912,-2.185678157894534,0.2237137428744429,0.42857142857142855,0.6899999999999977,24.138542260379197,-4108190.0,-2402569.8,50.13666666666666,50.82333333333332,51.18666666666665,51.87333333333332,49.77333333333333,49.08666666666666,48.72333333333333,-0.010588235294117631,-0.06659267480577137,0.12292314264755118,0.17217351078495866,0.4407947368125188,1.2486517992584594,0.5355783004819312,0.4538565410431635,0.9619047619047626,-0.0032728645144143504,-0.005580278456074339,-0.4525254602751157,0.8981481481481481
799,799,2015-10-16,50.56,50.88,50.36,50.47,2807234,M,-0.0,0.543522638035198,1.0466571987034408,0.02299980666223311,0.6781910916002266,0.0873967042245015,0.29625372488045804,-0.0688647677953825,212483.17641448547,50.44226760540808,51.99101677654456,-2002508.199999988,-12.937475421112413,50.26400000000001,51.38500000000002,-1.865509663080239,-2.1216444589316747,0.25613479585143617,0.5,0.009999999999998009,24.15560612634971,-2390419.4,-1821867.65,50.57,50.78,51.09,51.3,50.26,50.05,49.74,0.002184273232724373,-0.06381005379335926,0.4098722851948072,0.2925618035782049,0.2890155705176213,1.122719911644003,0.4275650208341073,0.4307786287093821,0.2115384615384592,-0.002803592676442685,-0.00553502038341955,-0.441058156831207,0.8888888888888888
800,800,2015-10-19,50.32,51.0,50.18,50.71,3460112,M,0.0,0.5411462640009622,1.0164362388763153,0.02807747387394513,0.7660531274043956,0.07497859306736547,0.3659125983435926,-0.06202114154739893,655657.8057342853,50.53151173693872,51.86901517877841,-141441.25,-12.162600456355454,50.333999999999996,51.225000000000016,-1.7495350322090744,-2.047222573587155,0.29768754137808084,0.5714285714285714,0.24000000000000196,24.19287043307441,-347988.8,-1420780.15,50.63,51.08000000000001,51.45,51.90000000000001,50.26000000000001,49.81,49.44000000000001,0.00895344210107447,-0.051085329341317307,0.3367994998851607,0.2705370404132643,0.35331289249278863,0.9601946074689496,0.5004905016942832,0.4513084224908348,0.6463414634146353,-0.002090398141016427,-0.0054714944727789205,-0.4251093260265253,0.8796296296296297
801,801,2015-10-20,50.29,50.92,50.27,50.63,3791071,M,0.0,0.5295228292759682,0.9675780736928064,0.02953362567937632,0.6491202907146802,0.06368985111851035,0.3603070441717537,-0.054929315381960865,585027.3690750931,50.56434115795915,51.751013733180464,157413.92000000362,-11.507678377752779,50.408,51.08450000000003,-1.6451157626409696,-1.966801211397918,0.3216854487569485,0.5,-0.0799999999999983,24.209173702288947,166838.4,-1417973.6,50.60666666666666,50.94333333333332,51.25666666666667,51.59333333333332,50.29333333333332,49.95666666666666,49.64333333333333,0.017279485633916,-0.04200567644276251,0.3367994998851607,0.2705370404132643,0.3721827508115004,0.813391049865886,0.5182757190782402,0.461073920715151,0.5538461538461542,-0.0014690834701170945,-0.005392704651684406,-0.41262680320611456,0.8703703703703703
802,802,2015-10-21,50.99,51.34,50.27,50.33,3162701,M,-0.0,0.5249565087690687,0.9812343305337656,0.0119028474892381,0.18403470002331812,0.05610092609006656,0.2801539759141202,-0.053082981307186486,-520411.3529987463,50.48622743863943,51.615679091925195,113016.18000000074,-11.00000535058983,50.52,50.95850000000002,-1.5684896595589353,-1.8871389010301212,0.31864924147118634,0.5714285714285714,-0.30000000000000426,24.291907256605786,667890.2,-1414140.15,50.64666666666667,51.02333333333333,51.71666666666668,52.09333333333333,49.95333333333333,49.57666666666667,48.88333333333333,-0.0025762980578676684,-0.033602150537634407,0.634669171612548,0.414246839593673,0.1503329637890772,0.7147047605401645,0.3642087348372054,0.4225025726808637,0.056074766355135655,-0.0012003467849595116,-0.005304654151187889,-0.4055956983081929,0.8611111111111112
803,803,2015-10-22,50.44,50.71,49.62,49.88,4190907,M,-0.0,0.5305641172382343,0.9957364197959306,0.02599287814756098,0.10004427911302154,0.05523872782680202,0.1551916208592861,-0.05548270376000647,-729189.2352131731,50.28415162575962,51.45037632126565,-299877.0,-10.638270836344686,50.403999999999996,50.848500000000016,-1.5264778732746151,-1.8150066954790205,0.2885288222044053,0.5,-0.4499999999999957,24.29161049510344,-975466.6,-1146519.05,50.07,50.52,51.16,51.61000000000001,49.43,48.98,48.34,-0.011690112938379163,-0.05008569796229281,0.3216550548385931,0.30451984731679754,0.32753625753741594,0.7022016129752859,0.3223165265887193,0.404981576243805,0.2385321100917471,-0.0013907904911919598,-0.0052144617587053296,-0.4051184165691623,0.8518518518518519
804,804,2015-10-23,50.19,50.36,47.68,47.97,7172173,M,-0.0,0.5376483176826138,1.2203048971564732,0.09049868204747147,0.07176825576396062,0.06749642750479032,-0.27602521848447953,-0.06829706255640677,-1839166.5111227361,49.51276775050641,51.11891190971654,-9462353.919999998,-10.8046771466258,49.903999999999996,50.62150000000001,-1.6285315692253732,-1.7777116702282911,0.14918010100291768,0.42857142857142855,-1.910000000000004,24.49746351014848,-2971348.0,-1742588.7,48.67,49.65999999999999,51.35,52.33999999999999,46.97999999999999,45.99,44.29999999999999,-0.05403273516071785,-0.046132431895008964,0.10508903188414696,0.1574303309424534,1.1290615572242542,0.8541926012334362,0.25094733613377296,0.3767175170990503,0.10820895522388027,-0.003015811126799852,-0.0051499962990493005,-0.4276038261165713,0.8425925925925926
805,805,2015-10-26,47.69,49.02,47.1,48.66,6415746,M,0.0,0.5429250201655635,1.3135975775356104,0.09176050498402484,0.31636405183711075,0.07588737751121759,0.009822845052079202,-0.0708003573413946,937984.872097726,49.22851183367094,50.88472982307687,-2714303.580000013,-10.833627965939947,49.494,50.54000000000002,-1.6348866692525874,-1.7491466700331504,0.11426000078056298,0.42857142857142855,0.6899999999999977,24.756890136720887,-2380221.2,-1160268.85,48.26,49.42,50.18,51.34,47.49999999999999,46.34,45.57999999999999,-0.038909737309895435,-0.03433220877158174,0.08198496407954155,0.13447946753335274,1.1353986084198315,0.9588370148542346,0.4381315574225142,0.4182206107086643,0.8124999999999968,-0.004038406163141558,-0.005091978725832638,-0.4254771112008468,0.8333333333333333
806,806,2015-10-27,48.91,49.11,48.27,49.05,4173092,M,0.0,0.5353179261979538,1.250451233864195,0.07677514922746942,0.4660985372014658,0.08044222108848016,0.14952122055714628,-0.07085347258567712,1851078.324588127,49.16900788911396,50.7099936494505,-3239007.479999995,-10.674569251076312,49.178000000000004,50.47300000000002,-1.5901234380003757,-1.7173420236265953,0.12721858562621954,0.42857142857142855,0.39000000000000057,24.89938085568087,-787388.6,-1233422.6,48.81,49.35,49.65,50.19,48.51000000000001,47.97000000000001,47.67000000000001,-0.025432147824359253,-0.04423226812159008,0.12383165941788372,0.1570164063301543,0.9439120721771228,1.0150400562497153,0.6016115144721513,0.4668254505051178,0.9285714285714256,-0.0041880866927472005,-0.005030303879155964,-0.4127361349241801,0.8240740740740741
807,807,2015-10-28,49.15,49.93,48.94,49.87,4146462,M,0.0,0.5234105795631964,1.2157244026823026,0.06661895659584248,0.7397510916303338,0.07960805684514648,0.3677811060035239,-0.061634226702740665,2077630.881016273,49.402671926075975,50.629994254264744,-2745833.640000002,-10.458705386149909,49.086000000000006,50.40050000000002,-1.4715183600905206,-1.6681772909193802,0.19665893082885955,0.42857142857142855,0.8200000000000003,25.00213203668817,674444.0,-1262402.75,49.58000000000001,50.22000000000001,50.57000000000001,51.21000000000002,49.23000000000001,48.59,48.24000000000001,-0.00020048115477155402,-0.02311459353574926,0.44597075794967617,0.3416120454709323,0.8175145258658809,1.0030714672559515,0.7142056561127467,0.5118319732564339,0.9393939393939372,-0.003279033109271556,-0.004950744168452063,-0.3798516791801189,0.8148148148148149
808,808,2015-10-29,49.86,50.28,49.32,49.7,3424044,M,-0.0,0.5072732657422461,1.1816278156579956,0.06334402242359255,0.7092033847387974,0.0796683613252664,0.3421425768326753,-0.05554928988336739,595053.1504544185,49.501781284050644,50.5414233729062,-486881.2000000042,-10.212332627587637,49.05,50.33300000000001,-1.375385967311118,-1.6096190261977277,0.2342330588866097,0.5,-0.1699999999999946,25.045244544890085,827816.6,-1230915.0,49.76666666666667,50.21333333333335,50.72666666666668,51.173333333333346,49.25333333333335,48.80666666666667,48.29333333333334,0.0360642067959142,-0.04128086419753088,0.5457674907982407,0.4071036934442607,0.7767560749693035,1.0024869076461589,0.6080815485196097,0.5007844837399484,0.3958333333333357,-0.002290276164878109,-0.00485839321833945,-0.3560713906146649,0.8055555555555556
809,809,2015-10-30,49.93,51.63,49.82,50.98,5869280,M,0.0,0.4917687877574113,1.281410773570263,0.07160255903115832,0.8735362756353064,0.07568876481511043,0.6812742167017323,-0.041007506224453864,687622.0967000684,49.99452085603377,50.58319257548654,1912327.979999999,-9.685289934189099,49.652,50.290000000000006,-1.1822863892952142,-1.5241524988172253,0.34186610952201096,0.5714285714285714,1.2799999999999943,25.211464116644816,3436107.2,-1146957.5,50.81,51.8,52.62,53.61000000000001,49.99,49.0,48.18,0.04767776407727087,-0.014117192032488957,0.7697403086173705,0.5920739425338679,0.8888025652537682,0.951596995637976,0.6190156916465898,0.5141272927076247,0.6408839779005499,-0.0004949384616074298,-0.004734721117258771,-0.3035257674228207,0.7962962962962963
810,810,2015-11-02,51.02,51.42,49.86,51.34,7794310,M,0.0,0.4847354333399617,1.3185560037608943,0.07549139895786451,0.8040570770579768,0.07366275561819809,0.7885391323066181,-0.025557288258885414,2362426.926593069,50.443013904022514,50.655269473059256,7167236.240000002,-9.082891555050036,50.188,50.27150000000002,-0.9888062482366564,-1.4170832487011116,0.4282770004644552,0.6428571428571429,0.3600000000000065,25.233514533917013,3711820.0,-520506.75,50.87333333333334,51.88666666666667,52.43333333333334,53.44666666666667,50.32666666666667,49.31333333333333,48.76666666666666,0.0466870540265037,-0.0009729519361742977,0.7697403086173705,0.5920739425338679,0.947190582724326,0.9257843047650616,0.7289164440037098,0.5555168789943223,0.94871794871795,0.0013624663488804546,-0.0045809391260015885,-0.2536189210387311,0.787037037037037
811,811,2015-11-03,51.24,52.48,50.96,51.18,7898476,M,-0.0,0.46671958970831295,1.3454152032594413,0.060836304559867826,0.6838158450067255,0.07270375255029286,0.7514939598504153,-0.016341080878219134,-1178499.9316239972,50.688675936015,50.705243808958386,405839.2000000058,-8.422971725828571,50.614,50.26100000000002,-0.8387143286239791,-1.301409464685685,0.46269513606170604,0.7142857142857143,-0.1600000000000037,25.29020817500373,1297506.4,-703256.0,51.54,52.12,53.06,53.63999999999999,50.6,50.02,49.08000000000001,0.026268297573691646,0.0009778994719342297,0.8690837012479259,0.6960616616412105,0.7697921797482876,0.9135408267325676,0.5341899100375608,0.5163949707191738,0.14473684210526278,0.002582013762210636,-0.004406982631650464,-0.21658537273647005,0.7777777777777778
812,812,2015-11-04,50.57,50.78,49.55,50.44,7776251,M,0.0,0.4494102497484937,1.3833598428248497,0.052631512844254574,0.3921304432933073,0.07101948999845241,0.5598532054959486,-0.013080672958294674,372112.8571598083,50.60578395734334,50.679982493819494,16253.100000000102,-7.836453951277622,50.728,50.226500000000016,-0.7705942852963901,-1.1952464288078262,0.4246521435114361,0.6428571428571429,-0.7400000000000021,25.386873541315907,-1087036.2,-928999.35,50.25666666666666,50.96333333333333,51.48666666666666,52.19333333333333,49.73333333333332,49.026666666666664,48.50333333333332,0.014889336016096474,-0.020011657276083183,0.481898906848425,0.496923643787904,0.6674728458908364,0.8917651036018178,0.5973190186158258,0.5361266150099531,0.7235772357723559,0.0026462005671108266,-0.004230195451358471,-0.19851454721618844,0.7685185185185186
813,813,2015-11-05,50.57,50.77,49.72,50.45,3782772,M,0.0,0.44013117097996296,1.3389118637815371,0.032654999773623516,0.2423892079237716,0.06735069220143826,0.5812285267152049,-0.009556872061403751,336229.5998510099,50.55385597156222,50.658079399170006,3004463.9199999874,-6.907396441742536,50.878,50.17550000000002,-0.7076444589252517,-1.0977260348313114,0.3900815759060596,0.6428571428571429,0.010000000000005116,25.477448852179165,354327.0,-975378.25,50.31333333333333,50.90666666666666,51.36333333333334,51.95666666666667,49.85666666666666,49.26333333333333,48.80666666666666,-0.010396233817183092,-0.01078431372549014,0.4818989068484251,0.4969236437879041,0.4153552696206044,0.8448386641383167,0.6299587108232493,0.5512800893173952,0.6952380952380962,0.0022621201242570897,-0.0040519390208157416,-0.1838524051490759,0.7592592592592593
814,814,2015-11-06,50.25,50.45,48.74,48.9,7896959,M,-0.0,0.44347848288577374,1.3883902819439988,0.0765135303880771,0.09544429566945874,0.06927641219226438,0.1625541416461993,-0.010506958558626765,-2221458.756328504,50.00257064770816,50.49064326591573,-185890.3199999999,-6.5640875868264805,50.462,50.07050000000002,-0.7739071937179459,-1.0329622666086382,0.2590550728906922,0.5714285714285714,-1.5500000000000045,25.490854336736504,-2398920.8,-1081145.25,49.36333333333334,49.98666666666667,51.07333333333333,51.69666666666667,48.27666666666667,47.65333333333334,46.56666666666667,-0.047526295286326535,-0.028991262907069118,0.2998928517992709,0.38891286976471506,0.9652564426107864,0.8671761491681935,0.4511615577028283,0.5076883904740229,0.09356725146198626,0.0006182426894660669,-0.0038984334428048533,-0.19686348559891514,0.75
815,815,2015-11-09,48.52,48.59,45.83,46.24,14204162,M,-0.0,0.4466945276580233,1.6126049110181324,0.1596642395177652,0.09438160660491067,0.09742906003271573,-0.2460503231382411,-0.03241414790435045,-4200127.545460145,48.74838043180544,50.085820097733276,-43874051.90000001,-6.594259386052537,49.44199999999999,49.86450000000002,-1.029196718769562,-1.032209157040823,0.0030124382712610753,0.5714285714285714,-2.6599999999999966,25.724801884784604,-6798615.2,-1453751.3,46.88666666666666,47.94333333333333,49.64666666666666,50.70333333333333,45.18333333333332,44.12666666666666,42.42333333333332,-0.09652207893708477,-0.07998408276959801,0.11668569061862445,0.2206256798340311,1.973529832559337,1.2145628410003388,0.35029128001444626,0.4734848032515144,0.14855072463768226,-0.0029542599681005744,-0.0038069304918650813,-0.2461251992221879,0.7407407407407407
816,816,2015-11-10,46.24,47.75,45.86,47.02,9673295,M,0.0,0.4595752911942224,1.6495909228823815,0.15915578161245028,0.29448236979666714,0.10991055619318928,0.008954097930301549,-0.0444704756914766,-750743.5390917694,48.172253621203616,49.793837231282474,-3339511.679999992,-6.529204760533244,48.60999999999999,49.70250000000002,-1.1552589196644831,-1.056819109565555,-0.0984398100989281,0.5,0.7800000000000011,25.9713805906063,-3284261.0,-651826.2,46.87666666666666,47.89333333333333,48.76666666666666,49.78333333333333,46.00333333333333,44.98666666666666,44.11333333333333,-0.06780333068992853,-0.055254169178219806,0.11668569061862448,0.22062567983403114,1.9341406360453015,1.365707354797998,0.4381130579285027,0.4868440232996193,0.6137566137566155,-0.005504874096134604,-0.00374863820679618,-0.2644999909106993,0.7314814814814815
817,817,2015-11-11,42.66,42.81,39.75,40.44,39157583,M,-0.0,0.4719509267486097,2.3989787998313976,0.3278097970286178,0.09618343314271684,0.2014934888985504,-0.3866279969575068,-0.09930579764795272,-6811999.942122698,45.59483574746909,48.902995590207965,-144729841.8000001,-7.788589086193406,46.60999999999999,49.23600000000002,-1.7657605423637437,-1.1986073961251928,-0.5671531462385506,0.5,-6.5800000000000045,26.313768537349585,-9560527.4,-2326307.35,41.0,42.25,44.06,45.31,39.19,37.94,36.13,-0.1984142715559961,-0.19857312722948875,0.03320510528879538,0.09723643239213534,3.819803659875968,2.480183354852258,0.3672387706451453,0.4619531826118871,0.2254901960784305,-0.01180877968604206,-0.0038205056539634898,-0.35249883342720423,0.7222222222222222
818,818,2015-11-12,40.12,41.58,39.93,40.82,15440473,M,0.0,0.4846825424851053,2.299114959853878,0.3426156479308205,0.2476066660387487,0.2536192207098395,-0.14165233552839518,-0.1430301969042758,-1444894.8011116078,44.00322383164606,48.13318648637864,-35756503.60000002,-8.950712844364448,44.68399999999999,48.75400000000002,-2.1936377619445158,-1.3976134692890574,-0.7960242926554579,0.5,0.38000000000000256,26.54024199967578,-7228987.2,-1755577.55,40.77666666666666,41.62333333333333,42.426666666666655,43.27333333333333,39.97333333333333,39.126666666666665,38.32333333333333,-0.16523517382413086,-0.19120269467010104,0.03320510528879539,0.09723643239213532,3.8273594030351954,3.09123787162188,0.4246238268947436,0.4693284927816064,0.5393939393939402,-0.017038385254392833,-0.0039794663094460106,-0.4012724264138247,0.712962962962963
819,819,2015-11-13,40.17,40.17,39.01,39.1,13247057,M,-0.0,0.4978723554521704,2.2338996318733613,0.34013142121490003,0.2506154588888717,0.31022498489265776,-0.1077929955727899,-0.1962768505882444,-3065907.222126309,42.368815887764036,47.27288301148543,34720104.83999991,-10.589328648094742,42.724,48.18550000000002,-2.6410784580611306,-1.6463064670434724,-0.9947719910176582,0.5,-1.7199999999999989,26.693022896985003,-8299006.8,-2558292.1,39.42666666666667,39.84333333333335,40.586666666666666,41.00333333333335,38.683333333333344,38.266666666666666,37.52333333333333,-0.15441176470588236,-0.2289489252612897,0.027416404829888785,0.08700337719405007,3.632943709996346,3.7370865023862923,0.3089446202286805,0.4320197036496967,0.07758620689655442,-0.02146389695873085,-0.004225419106784496,-0.4477525477592819,0.7037037037037037
820,820,2015-11-16,38.88,39.02,37.87,38.62,10923533,M,0.0,0.5106457829700974,2.1000463476235804,0.3280231824421195,0.30909471471776045,0.35727520590008177,-0.0271327921441984,-0.24665316068668955,1168407.8521863914,41.119210591842695,46.448798915153475,9937268.000000013,-12.440978880883828,41.2,47.58100000000002,-2.9998302460948167,-1.9170112228537413,-1.0828190232410753,0.42857142857142855,-0.4800000000000039,26.686227300655432,-7642881.0,-3277474.35,38.50333333333333,39.136666666666656,39.65333333333334,40.28666666666667,37.98666666666666,37.35333333333333,36.83666666666665,-0.17864738409187592,-0.23721113964052945,0.021050234958314925,0.07538538341165123,3.3786387791538304,4.2498778929829495,0.4233543845002787,0.4529867712110089,0.652173913043475,-0.024307613952206573,-0.0045360530261810365,-0.4834398388112669,0.6944444444444444
821,821,2015-11-17,38.96,38.96,37.75,38.03,9943028,M,-0.0,0.521371441288476,1.9813735012737697,0.12090070634207445,0.2119903717901932,0.39919680845420974,0.024027751213679453,-0.2912153417185945,37092.992225630216,40.08947372789513,45.647008542281725,3535311.0300000007,-14.414162988420212,39.402,46.95100000000002,-3.2937830116927813,-2.1923655806215496,-1.1014174310712317,0.35714285714285715,-0.5899999999999963,26.65794330534213,-11566145.6,-3585072.2,38.24666666666667,38.74333333333335,39.45666666666668,39.95333333333335,37.533333333333346,37.03666666666667,36.323333333333345,-0.05959446092977243,-0.2443870454997019,0.020353742489583132,0.07415354425717839,1.190932407822604,4.6856723384334025,0.35937124255941466,0.4318837414459306,0.23140495867768676,-0.02570413303503734,-0.004894948708340657,-0.5130035505976573,0.6851851851851851
822,822,2015-11-18,38.35,39.12,37.95,38.92,10483096,M,0.0,0.5311350145101382,1.8731903677706,0.10688611645256746,0.4574064182385795,0.4260670708061613,0.12246733124198672,-0.32280410226324546,3465591.7829618123,39.699649151930096,45.00634106206442,-132131.10000000187,-16.22656576301704,39.09799999999999,46.38050000000001,-3.415554745290123,-2.4370034135552645,-0.9785513317348586,0.35714285714285715,0.8900000000000006,26.547214849156052,-1638009.8,-2902782.35,38.66333333333333,39.376666666666665,39.83333333333333,40.54666666666665,38.20666666666667,37.49333333333335,37.036666666666676,-0.04654581087702103,-0.2197273456295108,0.07733972887458045,0.0973945131377888,1.0447583452656204,4.940300944381292,0.5159341047262204,0.4697100355043974,0.8290598290598319,-0.02477461005867639,-0.005264142771280466,-0.5190095219864524,0.6759259259259259
823,823,2015-11-19,38.9,39.17,38.25,38.54,5917453,M,-0.0,0.5346162084034138,1.7460983187345198,0.04244339211439615,0.4378085776073482,0.4508051816041967,0.1478229330099694,-0.3523658277527626,1662100.4662062589,39.313099434620064,44.39049905615352,-2053043.2499999919,-18.23746498359779,38.64199999999999,45.81350000000001,-3.502349639187869,-2.6500726586817858,-0.8522769805060837,0.2857142857142857,-0.38000000000000256,26.40818553232543,-5909595.0,-2989109.65,38.653333333333336,39.05666666666667,39.573333333333345,39.97666666666667,38.13666666666667,37.73333333333333,37.21666666666667,-0.014322250639386247,-0.19658119658119655,0.10023809243863707,0.10568549990383523,0.4100243895211239,5.163240796855968,0.4490285335855957,0.4549964503424878,0.31521739130434634,-0.022827724682254868,-0.005635752763919156,-0.5256976522222601,0.6666666666666666
824,824,2015-11-20,39.04,39.69,38.4,38.6,10613325,M,-0.0,0.5315044100336509,1.6852852095699171,0.033407773938145015,0.545044960275311,0.4743993378817153,0.18644879541725345,-0.3712871476376133,-860809.9762561312,39.07539962308004,43.839022955567465,-41673.28000000004,-19.878703482832996,38.54199999999999,45.34500000000001,-3.525652195498779,-2.8251885660451848,-0.7004636294535942,0.2857142857142857,0.060000000000002274,26.373460122527824,-1137518.6,-2099834.75,38.89666666666667,39.393333333333345,40.18666666666668,40.683333333333344,38.103333333333346,37.60666666666667,36.81333333333335,-0.0005178663904711554,-0.20674064940402787,0.3390647964944601,0.19641041276639026,0.32190060578099616,5.377909494061597,0.3510319422870387,0.4264290512327198,0.15503875968992478,-0.020209705478924082,-0.00599630803470213,-0.5298377799355382,0.6574074074074074
825,825,2015-11-23,39.14,40.29,38.83,40.04,10647206,M,0.0,0.528514642972506,1.6859138482939278,0.07725269860312492,0.9047458247011536,0.4847728068876717,0.2761456490870379,-0.3656474138840487,2742751.1409776416,39.39693308205336,43.47721124551343,7094629.5,-21.28475672344809,38.82599999999999,44.91400000000001,-3.3888590165913897,-2.9379226561544263,-0.4509363604369634,0.2857142857142857,1.4399999999999975,26.38206109753898,3176629.2,-1888261.75,39.72,40.61,41.17999999999999,42.07,39.15,38.26,37.69,0.052853010780962335,-0.18369011213047906,0.5374118419411438,0.2940663683662565,0.7498533189912318,5.443271462138222,0.5102770026205828,0.464746962857001,0.8287671232876713,-0.01605464555206422,-0.006312433358519838,-0.5075903865166642,0.6481481481481481
826,826,2015-11-24,39.6,40.07,39.25,39.63,14529354,M,-0.0,0.518641342529896,1.570458668521404,0.06758521524713365,0.6829389864463568,0.4926774727006749,0.2801888139374441,-0.3667364177162101,1401767.7546980765,39.47462205470225,43.110810174512146,4033509.870000004,-21.999393267509266,39.145999999999994,44.44300000000001,-3.275771950306776,-3.005492514984897,-0.27027943532187937,0.2857142857142857,-0.4099999999999966,26.375189663146163,2259364.0,-2823384.05,39.65,40.05,40.47,40.87,39.23,38.83,38.41,0.01824254881808841,-0.205333868056948,0.5374118419411438,0.2940663683662565,0.6614227090160733,5.474016229809026,0.49465621312917,0.4646200744083671,0.4634146341463444,-0.012229651115097615,-0.006590807005260095,-0.4924315178717592,0.6388888888888888
827,827,2015-11-25,39.9,40.69,39.79,40.38,7486204,M,0.0,0.5101547485092737,1.5023975127185496,0.08478670766469427,0.7817138822060302,0.4903043870628672,0.33354167445204264,-0.3320055796513679,1805075.3442026768,39.776414703134826,42.85073301503481,-1074740.6800000109,-22.48612105649841,39.43799999999999,43.96850000000001,-3.0900111781429587,-3.0223962476165096,-0.06761493052644907,0.2857142857142857,0.75,26.2967767185884,1659985.6,-2656396.95,40.286666666666655,40.78333333333333,41.18666666666665,41.68333333333332,39.88333333333333,39.386666666666656,38.98333333333333,0.04774260508562542,-0.1875251509054326,0.7122856794591186,0.3994050509205516,0.835954544220053,5.3894871106434215,0.5482893272713002,0.4828044059461951,0.6555555555555603,-0.008345021117156392,-0.006817337031763121,-0.4673870029853716,0.6296296296296297
828,828,2015-11-27,40.59,40.62,39.63,39.99,4170337,M,-0.0,0.5067674175060907,1.4340778443560755,0.06889876808914476,0.595717893491183,0.4859176484088824,0.3346834195744033,-0.2999132069649902,703019.7283608158,39.84760980208989,42.578282251698155,-3729246.1199999936,-22.780556143130056,39.728,43.48300000000001,-2.940369420144052,-3.0059908821220183,0.0656214619779667,0.2857142857142857,-0.39000000000000057,26.17970785621048,2009408.8,-2693711.6,40.08000000000001,40.53000000000001,41.07,41.52,39.540000000000006,39.09000000000001,38.550000000000026,0.03601036269430053,-0.2155747351902706,0.6266921537780283,0.3820194982974141,0.6843025646613856,5.282289276440861,0.4867383393929885,0.4714550685833541,0.3636363636363649,-0.005475906443008902,-0.0070017320599890095,-0.449770252530276,0.6203703703703703
829,829,2015-11-30,40.16,40.19,38.8,39.08,9125258,M,-0.0,0.5035129230128363,1.4282007984419325,0.049577028703329716,0.12316818542677367,0.4718208928159397,0.31181544456023386,-0.2761791369731156,-1183582.6806387429,39.59173986805993,42.245112513441185,-2130770.2000000067,-23.13021165528456,39.824,42.88800000000001,-2.8622128357273056,-2.977235272843076,0.11502243711577045,0.2857142857142857,-0.9100000000000036,25.84860434439013,-1938307.8,-3443438.5,39.356666666666655,39.91333333333333,40.746666666666655,41.30333333333333,38.52333333333333,37.966666666666654,37.13333333333333,-0.023976023976024,-0.23880015582391906,0.33464348800301874,0.3015482795199257,0.4935888977703506,5.058863612772507,0.3916385092356136,0.4457392381393073,0.20143884892086408,-0.004286895698642284,-0.0071611570103675545,-0.4415159915747571,0.6111111111111112
830,830,2015-12-01,39.38,39.79,38.98,39.33,5784385,M,-0.0,0.5042143047502422,1.3457740253163415,0.05216117883798197,0.3299401808645172,0.4448675333960068,0.3427893256565097,-0.2276127146788923,-363979.37266173796,39.50449324537328,41.967482750256316,-1065271.680000006,-23.28678658547081,39.681999999999995,42.28750000000001,-2.748418214480836,-2.9314718611706283,0.1830536466897925,0.35714285714285715,0.25,25.45812135882371,-2910872.0,-3543934.75,39.36666666666667,39.753333333333345,40.17666666666667,40.56333333333335,38.943333333333335,38.556666666666665,38.13333333333333,-0.007570022710068238,-0.231535756154748,0.3346434880030188,0.3015482795199257,0.5174649746622002,4.703083954620911,0.4051252613011089,0.4444401455005257,0.4320987654320993,-0.003524630770209647,-0.007288970505806041,-0.4305283198288247,0.6018518518518519
831,831,2015-12-02,39.54,39.94,38.25,38.44,9690063,M,-0.0,0.5061972670633443,1.3916708219408291,0.07735963546425915,0.1709678403023214,0.4109347731868761,0.31242301014724433,-0.19486927385985034,-2135593.0539692063,39.149662163582185,41.631532012136674,-361475.2000000003,-23.1951618054215,39.444,41.650500000000015,-2.6989390301483454,-2.884965294966172,0.1860262648178268,0.35714285714285715,-0.8900000000000006,25.304913587533456,-1943013.8,-3633514.1,38.876666666666665,39.50333333333333,40.566666666666656,41.19333333333333,37.81333333333333,37.18666666666667,36.123333333333335,-0.048043585933630624,-0.2379064234734338,0.18556825589361628,0.23955933406378854,0.7628433653130596,4.278909692654997,0.30755885270172506,0.41281975407218585,0.1124260355029574,-0.0037828845660552468,-0.007400670080783343,-0.4277495934912529,0.5925925925925926
832,832,2015-12-03,38.51,39.25,37.97,38.98,13099935,M,0.0,0.5013957162061844,1.376781379015385,0.057661298841605514,0.4185208742826203,0.36788289564530985,0.3612003506450882,-0.1597162113152699,2133456.4139035773,39.09310810905479,41.37900515383794,-2560442.5000000102,-22.68305194659337,39.164,41.07750000000002,-2.5863392244160717,-2.8252400808561524,0.2389008564400803,0.35714285714285715,0.5399999999999991,25.232926304838923,-820267.6,-2589704.8,38.73333333333333,39.496666666666655,40.01333333333332,40.77666666666666,38.216666666666654,37.45333333333333,36.93666666666665,-0.025256314078519755,-0.2273538156590685,0.14974675737074286,0.21913899722135588,0.5645617769581596,3.777927411467556,0.468060068467816,0.4486523965415013,0.7890624999999978,-0.003642896332789643,-0.007483136064992761,-0.4160255732537472,0.5833333333333334
833,833,2015-12-04,38.49,39.68,38.33,39.32,8679574,M,0.0,0.49678246146107,1.3732105284800011,0.0372065280262766,0.6997010284351965,0.3040327788498277,0.4025139567057003,-0.12370162076850767,2565002.2319303984,39.16873873936985,41.18290942490099,-889230.3200000026,-21.94204219983039,39.03,40.52100000000002,-2.4415235450028523,-2.7484967736854924,0.3069732286826405,0.42857142857142855,0.3400000000000034,25.227645621949225,1749714.6,-2344864.7,39.10999999999999,39.88999999999999,40.46,41.23999999999999,38.53999999999999,37.75999999999999,37.189999999999976,0.006141248720573234,-0.19591002044989766,0.3991266632593067,0.3237585132649316,0.3630426972163939,3.0799280579434685,0.5564844900896553,0.4757648667121521,0.7333333333333341,-0.0029691691614568035,-0.007530395612544631,-0.4004310949157088,0.5740740740740741
834,834,2015-12-07,39.06,39.12,38.45,38.55,7419329,M,-0.0,0.4955616198398603,1.3061157913493338,0.04295624056874494,0.27631963001985954,0.2390059022597349,0.3479773076589149,-0.09895985718571297,-436433.88833773055,38.96249249291324,40.932156146339004,2442660.579999998,-21.256013750928272,38.924,40.003500000000024,-2.361664838397012,-2.6711303866277967,0.3094655482307851,0.42857142857142855,-0.7700000000000031,25.06426807048707,2090900.4,-2320983.2,38.706666666666656,38.96333333333333,39.37666666666665,39.63333333333332,38.29333333333333,38.03666666666667,37.623333333333335,-0.01983218916857364,-0.1663062283737025,0.3991266632593067,0.3237585132649316,0.41800717697445705,2.3902681527618266,0.4207409038408623,0.4446685681055925,0.1492537313432763,-0.0029205660497707998,-0.007558467639429221,-0.3935341677410588,0.5648148148148148
835,835,2015-12-08,38.12,39.01,38.0,38.44,6010050,M,-0.0,0.4919506087507446,1.2666336858360892,0.040312483929434366,0.3040907267731069,0.19251396513440366,0.34612160805531583,-0.09047497964472828,-214744.13255043875,38.78832832860883,40.69480794192576,2349181.120000006,-20.369434101104535,38.746,39.61350000000002,-2.28095884503464,-2.593096078309165,0.3121372332745258,0.42857142857142855,-0.10999999999999943,24.88427543991889,-267986.6,-1911277.6,38.48333333333333,38.966666666666654,39.49333333333333,39.97666666666665,37.956666666666656,37.47333333333333,36.94666666666666,0.0,-0.18247554232241608,0.24920378234616164,0.27073905624368844,0.390486875582466,1.9065379894629264,0.42570845734605295,0.4438090439390059,0.4356435643564343,-0.0030690239156197217,-0.0075681028869157545,-0.3887313004656601,0.5555555555555556
836,836,2015-12-09,38.43,39.14,37.97,38.15,4805665,M,-0.0,0.4898883741156579,1.2537491943912773,0.04779203102119118,0.2090284621971069,0.08254599082152675,0.18453541191480788,-0.08265494732430198,-916985.0557929784,38.57555221907256,40.452445280789966,1045465.5999999964,-19.93365525570605,38.688,39.17000000000002,-2.2148677237959187,-2.5174504074065163,0.30258268361059715,0.35714285714285715,-0.28999999999999915,24.728308217122716,708893.0,-2635225.6,38.42,38.86999999999999,39.59,40.03999999999999,37.69999999999999,37.24999999999999,36.52999999999999,-0.021292970754232896,-0.056627101879327374,0.34822212755518495,0.30935363611539657,0.4622445240369611,0.8083316151198011,0.3350876895127531,0.4161935305968295,0.15384615384615338,-0.0034004502847561338,-0.00756354057099053,-0.3871070402996055,0.5462962962962963
837,837,2015-12-10,38.4,38.86,37.8,37.88,5838212,M,-0.0,0.4948058812665064,1.2279159684724406,0.05648367068347492,0.2293831675162709,0.08188924123809782,0.13654786541309755,-0.08227490004429631,-1639531.1214443815,38.34370147938171,40.20745049214331,96229.27999999915,-19.167571405537146,38.468,39.042000000000016,-2.1593847345200534,-2.445837272829224,0.2864525383091707,0.35714285714285715,-0.269999999999996,24.61504080810411,-3078736.4,-969257.05,38.18,38.56,39.24,39.62000000000001,37.5,37.12,36.44,-0.036622583926754784,-0.07202351788339044,0.28049629883893445,0.2859534189142536,0.5432034609629784,0.7992799391044543,0.24854902571290624,0.3837438322650564,0.07547169811321247,-0.0038343595778328587,-0.007547980310131624,-0.3880194019631975,0.537037037037037
838,838,2015-12-11,37.22,37.47,36.68,36.76,5998536,M,-0.0,0.5018431015018837,1.2241938393427825,0.07564498212955224,0.08344666383582336,0.08636172453754001,-0.11981936931936515,-0.096895513575555,-1730919.4672872387,37.815800986254466,39.879121873843935,-1658090.6900000006,-18.613635366927646,37.955999999999996,38.83900000000001,-2.180651512329326,-2.3928001207292446,0.212148608399918,0.2857142857142857,-1.1200000000000043,24.517038318674732,-6014358.4,-2041207.5,36.97,37.26,37.76,38.05,36.47,36.18,35.68,-0.046433203631647185,-0.059846547314578086,0.10039643390207696,0.17996283909927974,0.7177952354273213,0.8385507548283794,0.1994546247368735,0.35684116469550897,0.10126582278480807,-0.0051134391047449,-0.007539879941736547,-0.3983463388462541,0.5277777777777778
839,839,2015-12-14,36.91,37.17,36.12,36.37,9660633,M,-0.0,0.5098430692205634,1.2009679940970786,0.09643621768309267,0.18217003356407965,0.10339430511668717,-0.08288920764987849,-0.10684284691076552,-1698986.6830886675,37.33386732416964,39.54491979062071,-5771855.71000002,-18.447307170194296,37.52,38.702500000000015,-2.203573899361324,-2.3549548764556607,0.15138097709433707,0.21428571428571427,-0.39000000000000057,24.387042799655838,-6462619.2,-1861886.3,36.553333333333335,36.98666666666667,37.60333333333333,38.036666666666676,35.93666666666667,35.50333333333333,34.88666666666666,-0.053850156087408965,-0.058259968928016576,0.0692650491572719,0.14762856935120594,0.9045717218674094,1.0004045234446466,0.2123348291896614,0.3455320288288164,0.23809523809523714,-0.006513165799526906,-0.0075397163772003345,-0.4101856431200292,0.5185185185185185
840,840,2015-12-15,36.51,36.91,35.78,35.94,12648486,M,-0.0,0.518930089140813,1.1915055948841342,0.10353901889511484,0.21823743276292315,0.12197482037364399,-0.058733930093520764,-0.12308035996510193,-2806196.1187652755,36.86924488277975,39.20159409627588,-5452959.000000002,-18.29698736713448,37.02,38.568500000000014,-2.2307230755332768,-2.330108516271184,0.09938544073790734,0.21428571428571427,-0.4299999999999997,24.135838932103898,-7790306.4,-1948133.95,36.21,36.64,37.34,37.77,35.51000000000001,35.080000000000005,34.38000000000001,-0.05792922673656621,-0.05495661320010527,0.054816864906623415,0.13076968416111034,0.958253619874288,1.1760964648952226,0.18875419291110088,0.3261092565931177,0.14159292035397986,-0.00778073479266762,-0.007548499247866013,-0.4236473139534385,0.5092592592592593
841,841,2015-12-16,36.15,36.28,35.36,35.87,11558866,M,0.0,0.5299608014184891,1.1553048488995834,0.08952744030405765,0.2879932919681005,0.1371465746606093,0.008884427140947353,-0.13158996662701125,280558.13910366176,36.5361632551865,38.884299420440094,-949116.5,-18.545274477213614,36.56400000000001,38.46050000000001,-2.2321564975992345,-2.3105181125367937,0.07836161493755966,0.14285714285714285,-0.07000000000000027,23.89458124872252,-9140946.6,-2028925.85,35.836666666666666,36.31333333333333,36.75666666666668,37.23333333333333,35.39333333333333,34.916666666666664,34.47333333333333,-0.05306230200633593,-0.07836587872559106,0.04028451925840042,0.11208348001589076,0.8183703318193912,1.3186814586835915,0.3106187373030517,0.34784626321157824,0.5543478260869533,-0.008486449162823656,-0.007560052617476077,-0.4354367477676856,0.5
842,842,2015-12-17,35.99,36.0,34.48,34.5,13722651,M,-0.0,0.540936186799832,1.203930869046306,0.09526681639698904,0.09402568512421676,0.16545782269101647,-0.09103612649587478,-0.14986928726340912,-3133342.658262436,35.857442170124344,38.46674709468389,-1546797.5999999975,-19.13255922203518,35.88800000000001,38.239500000000014,-2.317129617478848,-2.311840413525205,-0.005289203953643185,0.14285714285714285,-1.3699999999999974,23.64132434911064,-10717834.4,-3239213.2,34.99333333333333,35.50666666666667,36.51333333333334,37.02666666666667,33.986666666666665,33.47333333333333,32.46666666666666,-0.06147986942328613,-0.10482615464452516,0.02266169905168116,0.0827897520019141,0.8547338767137856,1.5817561026982816,0.21146512311431587,0.3159711804996988,0.013157894736844136,-0.00988510376930844,-0.00759443036230567,-0.4568704203412514,0.5
843,843,2015-12-18,34.53,35.17,34.31,34.87,11151738,M,0.0,0.5514811649113184,1.1580734198401317,0.08876415737525019,0.2969552956995493,0.18384361819505388,0.04461987250828677,-0.16381548919810093,1079042.2552830689,35.52829478008289,38.12419975233304,407128.0,-19.563242044113927,35.51000000000001,38.056000000000026,-2.3277822941084025,-2.3150287896418447,-0.012753504466557876,0.14285714285714285,0.36999999999999744,23.440993084015464,-7287779.6,-2385753.65,34.78333333333333,35.25666666666665,35.64333333333333,36.11666666666665,34.39666666666666,33.92333333333333,33.53666666666666,-0.04124278251306022,-0.0966321243523317,0.02026418751516634,0.07812792407169185,0.7880038070987837,1.7490881835077434,0.35803101230876705,0.3478941909947436,0.6511627906976692,-0.010443440620272472,-0.007633187299113231,-0.4660150462850278,0.5024038461538461
844,844,2015-12-21,35.02,35.17,34.52,35.02,6548809,M,0.0,0.5627353549229058,1.0903302971947806,0.07223119388728749,0.4135705025363677,0.19743126163713567,0.11795128292684222,-0.16685616634444833,2753458.726875319,35.35886318672193,37.82856168068227,-3730397.8400000217,-19.883564912703733,35.24000000000001,37.877000000000024,-2.29763516275996,-2.311550064265468,0.013914901505507782,0.14285714285714285,0.15000000000000568,23.292068209563915,-4045891.2,-2588979.45,34.903333333333336,35.28666666666667,35.55333333333333,35.93666666666667,34.63666666666667,34.25333333333334,33.98666666666667,-0.025598219254312597,-0.12537462537462524,0.020264187515166343,0.07812792407169185,0.636356818147003,1.8695259742574484,0.495097597949435,0.3880214841600796,0.7692307692307709,-0.010093998428823431,-0.007666344463242772,-0.4700637032301544,0.5048076923076923
845,845,2015-12-22,34.54,35.47,34.05,35.43,12345553,M,0.0,0.5580643074694732,1.1342862575688102,0.06007200953300058,0.638335502728875,0.1990086128763988,0.20415021566469352,-0.16731435336332834,5772961.482204036,35.38257545781462,37.600127234903006,668536.4000000027,-19.87073234397012,35.13800000000001,37.646500000000024,-2.215125186201945,-2.292265088652764,0.07713990245081838,0.21428571428571427,0.4099999999999966,23.295287808007718,952916.6,-2504062.1,34.98333333333333,35.91666666666666,36.40333333333332,37.33666666666666,34.49666666666665,33.563333333333325,33.076666666666654,-0.01226651798160016,-0.10598031794095387,0.012880147060392505,0.0641741931018336,0.5277025677426438,1.8729944361628372,0.6540087272714545,0.4436223890891667,0.9718309859154936,-0.008785946247024305,-0.007681276119717916,-0.4637200705165001,0.5072115384615384
846,846,2015-12-23,35.6,36.21,35.28,36.06,8194089,M,0.0,0.5536492596277987,1.1070480898929689,0.06777481747243001,0.8707980621332766,0.19685086377825775,0.3091004878941324,-0.16192869078743427,4542745.164448564,35.608383638543074,37.45344845062653,1711091.1999999988,-20.055607820087573,35.17600000000001,37.46800000000001,-2.074980615551638,-2.2488081940325384,0.17382757848090025,0.2857142857142857,0.6300000000000026,23.317855194294108,4903507.6,-1367889.95,35.85,36.42,36.78,37.35,35.49,34.92,34.56,0.04521739130434789,-0.10698365527488857,0.4525750081623627,0.2976017039123165,0.5960117448525497,1.8439020410109408,0.7155757106540884,0.4812497498825181,0.8387096774193563,-0.006558296744269337,-0.0076643055552235145,-0.4433955065969908,0.5096153846153846
847,847,2015-12-24,36.07,36.16,35.27,35.48,3654375,M,-0.0,0.5494907737693147,1.0781083445739053,0.0525651140400753,0.5580853389790106,0.1891577215432025,0.2524505643319842,-0.15848616661221665,1246283.8936387436,35.565589092362046,37.265500979138295,-434558.8999999753,-19.83588775636421,35.37200000000001,37.223000000000006,-1.9878020417879867,-2.196606963583628,0.20880492179564136,0.21428571428571427,-0.5800000000000054,23.350805830075263,6917162.8,-1924918.9,35.636666666666656,36.00333333333332,36.52666666666665,36.893333333333324,35.11333333333333,34.74666666666667,34.223333333333336,0.017493547462001706,-0.11277819454863727,0.4487929876343991,0.2964208810239165,0.464833303456386,1.7602544672506577,0.5557021591626489,0.4578883504822564,0.23595505617976997,-0.004967886728529555,-0.007629551863241299,-0.432117129692396,0.5120192307692307
848,848,2015-12-28,35.46,35.88,35.26,35.5,5748142,M,-0.0,0.5417407173427662,1.017027231964052,0.04175639561915519,0.5013492831813118,0.1808657420155706,0.27606791918078444,-0.14980853954864995,-14517.137327291768,35.5437260615747,37.097358028744175,1369730.3200000057,-19.7459055317833,35.49800000000001,36.998500000000014,-1.8952512840895253,-2.136335827684808,0.2410845435952824,0.21428571428571427,0.02000000000000313,23.374301056100013,5836443.6,-1428994.95,35.54666666666667,35.833333333333336,36.16666666666668,36.45333333333335,35.21333333333333,34.92666666666666,34.59333333333333,0.013706453455168384,-0.09160696008188328,0.4436031240152152,0.29503738769140925,0.3705671329221927,1.6729402889907727,0.4995003641729489,0.4511462955976176,0.3870967741935488,-0.003775617389479772,-0.007576274659081122,-0.422337330912878,0.5144230769230769
849,849,2015-12-29,35.67,36.04,35.33,35.7,4990437,M,0.0,0.5352287829641018,0.9760902677021784,0.0291164489413666,0.5636122786692209,0.1761125489024375,0.3258593706643021,-0.1375964341171509,-48897.020002328616,35.59581737438314,36.96427631172092,293933.640000008,-19.171277491110814,35.63400000000001,36.82950000000001,-1.7851872855042499,-2.066106119248696,0.2809188337444461,0.2857142857142857,0.20000000000000284,23.365229573992423,5524769.2,-723210.2,35.69000000000001,36.05000000000001,36.40000000000001,36.76000000000001,35.34000000000001,34.980000000000004,34.63000000000001,0.007620660457239715,-0.09229595728451552,0.5580766061111664,0.35220820119284346,0.2593838853941644,1.6215342799505812,0.5067091629697612,0.4578111017848337,0.521126760563386,-0.002664685907602892,-0.00750069049059065,-0.4092095693188033,0.5168269230769231
850,850,2015-12-30,35.74,35.99,35.25,35.38,6558645,M,-0.0,0.5323315943903575,0.944611565341888,0.030312481521039256,0.2740430764884961,0.16809575712673905,0.29667679508494305,-0.12741152115604645,-1479236.254732473,35.523878249588755,36.81339285346178,-97260.35999999793,-18.67057066890681,35.62400000000001,36.63200000000001,-1.7041378588576208,-1.993712467170481,0.2895746083128603,0.2857142857142857,-0.3200000000000003,23.320047806297346,1743929.6,-1340361.7,35.54,35.83,36.28,36.57,35.09,34.8,34.349999999999994,-0.018857459789240142,-0.07960457856399572,0.4878213170385291,0.33610175454742663,0.2699629604263757,1.5394209437666766,0.3963646672050671,0.4309410612030095,0.17567567567567866,-0.002096663979875191,-0.00741094100358093,-0.4016428986276221,0.5192307692307693
851,851,2015-12-31,35.27,35.55,34.95,34.98,4673398,M,-0.0,0.534755695062889,0.8986633566296356,0.030042060802260444,0.09764198986374152,0.16674477112458627,0.2567173165978752,-0.11756106612842555,-1914563.276986733,35.34258549972584,36.63878401027494,228268.0800000019,-17.71641927360506,35.408,36.459000000000024,-1.6531260532643088,-1.9255951843892467,0.2724691311249379,0.2857142857142857,-0.4000000000000057,23.29937426874355,-829567.8,-1089528.45,35.16,35.36999999999999,35.75999999999999,35.969999999999985,34.77,34.56,34.17,-0.014092446448703496,-0.1026167265264238,0.29370666638351245,0.27946377741658884,0.26593232222160945,1.5198369026078231,0.2809097781367082,0.3946609601360553,0.049999999999990524,-0.002175048285996013,-0.0073152769654723565,-0.3997498974340318,0.5216346153846154
852,852,2016-01-04,34.45,35.89,34.33,35.79,10887194,M,0.0,0.5159700521881488,0.9868415757456844,0.03585703545701898,0.7516021854862617,0.15475085533362526,0.4092993316558245,-0.0922874004488131,2439681.724637669,35.491723666483885,36.557947437867796,1774705.0899999854,-16.602200705966887,35.47000000000001,36.29950000000001,-1.529705110953138,-1.8464171697020249,0.31671205874888697,0.35714285714285715,0.8100000000000023,23.45504298821561,2078746.0,-1200165.5,35.336666666666666,36.34333333333333,36.896666666666654,37.903333333333336,34.78333333333333,33.776666666666664,33.22333333333333,0.008169014084507018,-0.08977619532044764,0.1365239389017016,0.19797890711383376,0.31796226191511584,1.4043446682957328,0.4992389973902838,0.4462072911609487,0.9358974358974352,-0.0015059038495703256,-0.007195313154350427,-0.3768620244808204,0.5240384615384616
853,853,2016-01-05,36.65,37.39,36.23,36.96,13382687,M,0.0,0.4991622475592806,1.0685960323129269,0.08289930663971105,0.9040955994271388,0.13541402870147293,0.6588943263874172,-0.05945013802030135,2080423.5643171503,35.981149110989264,36.59623815807087,17244392.220000036,-15.07062881814618,35.76200000000001,36.181500000000014,-1.3222419212682794,-1.741582120015276,0.4193401987469967,0.42857142857142855,1.1700000000000017,23.64082285040585,3605655.0,-965009.85,36.86000000000001,37.490000000000016,38.02,38.65000000000003,36.33000000000001,35.7,35.17000000000001,0.03529411764705877,-0.04124513618677034,0.6930047884056747,0.5626177111029319,0.7411612510123369,1.2248706698655862,0.5425961132027184,0.4636456772244381,0.6293103448275876,0.00048645465248879464,-0.007030020462890578,-0.3280096085445975,0.5264423076923077
854,854,2016-01-06,36.35,36.69,35.73,36.15,13051000,M,-0.0,0.4913008838143338,1.0901165613378705,0.08466595878488582,0.5981734482603017,0.12099867330889574,0.5202823781089034,-0.04135497804739805,124011.12062741617,36.03743274065951,36.55373928587364,778970.1599999988,-13.58159818448419,35.85200000000001,36.06150000000001,-1.2092466367998824,-1.6351150233721972,0.4258683865723147,0.42857142857142855,-0.8100000000000023,23.75579809947217,-2632.4,-1246593.4,36.19,36.65,37.15,37.61,35.69,35.23,34.73,0.021763708309779424,-0.059573361082206025,0.5327729347855769,0.4771567825790897,0.7588609885889318,1.0908484143821864,0.5075640754684794,0.4611556127268727,0.4375000000000014,0.0014937949216338215,-0.006845644637365785,-0.2995779732831651,0.5288461538461539
855,855,2016-01-07,36.55,38.45,36.29,36.89,18245349,M,-0.0,0.4762643568245294,1.251434353159488,0.09093392937957598,0.7238697955794934,0.10673749480191078,0.7358857763336273,-0.013748004197933858,-2748689.6627572486,36.32162182710634,36.58576411579043,-340386.34000000136,-12.167644727715507,36.15400000000001,35.984000000000016,-1.0479056402870268,-1.5176731467551634,0.4697675064681364,0.5,0.7400000000000021,24.081222001203738,4958166.4,-33823.45,37.21,38.13,39.37,40.290000000000006,35.97,35.05,33.809999999999995,0.0546026300743283,-0.03302752293577976,0.7816102673289291,0.6796105163407448,0.8219063206972977,0.9602105032379896,0.4309686429049122,0.4436910570174351,0.277777777777778,0.002657950756275079,-0.006630243181380747,-0.259220326020195,0.53125
856,856,2016-01-08,36.85,37.12,35.55,35.89,10980997,M,-0.0,0.4717483242886554,1.293909772738223,0.060992707917647764,0.29875744316476244,0.09073601092155087,0.5058375475986394,-0.006787068771965952,-3074503.046606905,36.17774788473756,36.519500866667535,538200.7799999958,-10.706602775454325,36.33600000000001,35.871000000000016,-0.9893290117907868,-1.4120043197622882,0.4226753079715016,0.5,-1.0,24.313065564174327,3696646.6,-342590.05,36.18666666666665,36.82333333333332,37.75666666666665,38.39333333333333,35.25333333333332,34.61666666666666,33.68333333333332,0.0027940765576977213,-0.05253431890179519,0.595060158726216,0.5699477759200808,0.5540577587239124,0.8136978619417382,0.35949926512132224,0.4220595763066453,0.21656050955414227,0.002426540243255385,-0.006412306432307446,-0.2415134496018184,0.5336538461538461
857,857,2016-01-11,37.0,38.85,36.95,38.82,16954193,M,0.0,0.4685416461489758,1.5160551363731267,0.12421172175319126,0.90927253566513,0.10594703417564456,1.2625993981280206,0.031291846543680564,4276521.607000561,37.05849858982504,36.73859602222301,-2491931.08,-8.455672303201183,36.94200000000001,35.91800000000002,-0.6984290434613598,-1.2692892645021026,0.5708602210407427,0.5714285714285714,2.93,24.56776806891088,4910046.4,797030.2,38.20666666666667,39.463333333333345,40.10666666666667,41.363333333333344,37.56333333333335,36.30666666666667,35.66333333333334,0.050324675324675314,0.056039173014145884,0.7726556268635446,0.7025557483458138,1.1471573562515978,0.9513513933802008,0.5677363521861444,0.4755977620218018,0.9842105263157888,0.004781007774216479,-0.006130100289505314,-0.16431886989489214,0.5360576923076923
858,858,2016-01-12,38.87,39.1,37.61,38.61,10161368,M,0.0,0.4675964778227026,1.5125811181900433,0.14696536126395873,0.7442634177247772,0.12370014435357313,1.0835666489122435,0.05784970702448114,2777474.406410142,37.57566572655003,36.91682497248749,-2229390.879999999,-6.434773009194744,37.27200000000001,36.01050000000002,-0.47930879427492107,-1.1112931704566662,0.6319843761817452,0.5714285714285714,-0.21000000000000085,24.75865641079727,201235.4,588888.6,38.44000000000001,39.27000000000001,39.93000000000001,40.76000000000001,37.78000000000001,36.95,36.290000000000006,0.06804979253112035,0.06158922188616998,0.7911836001609156,0.7174359857833946,1.3694232362575676,1.1136260120610868,0.6022045479898678,0.4942209217908983,0.6711409395973146,0.006868297840097961,-0.005805304652464556,-0.11106142102907036,0.5384615384615384
859,859,2016-01-13,38.44,39.57,38.18,38.64,9876516,M,-0.0,0.4602021357987058,1.4962369690980375,0.13882940319933118,0.6659169711871149,0.1393483770741555,0.9998191459818714,0.07531346250030799,-257504.1493533084,37.930443817700024,37.08093687986963,1273981.859999998,-4.489737096191578,37.77000000000001,36.124000000000024,-0.29977801449324915,-0.9489901392639828,0.6492121247707336,0.5714285714285714,0.030000000000001137,24.977401808043012,4786738.6,1565746.05,38.79666666666667,39.41333333333333,40.18666666666668,40.803333333333335,38.02333333333333,37.406666666666666,36.63333333333333,0.04743833017077799,0.07512520868113531,0.8280640551994807,0.7457014827221478,1.310896639709685,1.258455193356699,0.5117814492594324,0.478669905601152,0.33093525179856165,0.008081402249457114,-0.0054505044095941035,-0.07023195418866382,0.5408653846153846
860,860,2016-01-14,38.7,38.76,37.59,37.64,7295476,M,-0.0,0.4457208241549137,1.4527387065516315,0.1292334014641872,0.44286332975014703,0.14383500215118744,0.7747631702671658,0.08430324491396371,-2535982.6190462746,37.83362921180001,37.13418098654872,2779915.239999997,-2.852658498141152,37.920000000000016,36.209000000000024,-0.23547580224841624,-0.8062872718608695,0.5708114696124532,0.5,-1.0,25.137332305129966,-321426.4,1833396.55,37.996666666666655,38.40333333333332,39.16666666666666,39.57333333333332,37.23333333333333,36.82666666666667,36.06333333333333,0.04876010030649206,0.0493448564259828,0.6319197217909291,0.6493374347087361,1.2251326458804952,1.3020303982230872,0.3554326470846351,0.4371522996139032,0.0427350427350405,0.007387258160305316,-0.005098609265993682,-0.054281215631393584,0.5432692307692307
861,861,2016-01-15,36.82,38.14,36.82,37.88,7767191,M,0.0,0.4422117600727644,1.4350402123447474,0.054554918350706534,0.29047426765945816,0.14884632718581678,0.7905892535918502,0.09623843136377178,383149.00386013044,37.84908614120001,37.20521136878217,1603086.999999996,-1.7123489931233928,38.318000000000026,36.309500000000014,-0.1632677920594645,-0.6776833759005886,0.5144155838411241,0.5,0.24000000000000196,25.251940618460626,3428211.2,2799699.4,37.613333333333344,38.40666666666667,38.93333333333333,39.72666666666667,37.08666666666667,36.293333333333344,35.76666666666667,-0.024214322514167896,0.0979710144927537,0.44104099137903374,0.5414237105994718,0.5226088403405934,1.3511339292383542,0.5046318657331916,0.4719978237487986,0.8030303030303045,0.006287248116500783,-0.0047478813340734866,-0.037782462658027004,0.5456730769230769
862,862,2016-01-19,37.99,40.01,37.47,38.76,12758967,M,0.0,0.4394177919910308,1.5823681840321142,0.053120058087301456,0.7231158931003568,0.15181773688059413,0.9035339077374628,0.10941296374815994,108633.89039242124,38.15272409413334,37.35328647651721,6119109.919999986,-0.4615045012179735,38.306000000000026,36.522500000000015,-0.034634532885107205,-0.5490736072974923,0.5144390744123851,0.5714285714285714,0.8799999999999955,25.49121107235955,2589166.0,4123780.3,38.746666666666655,40.02333333333333,41.286666666666655,42.56333333333333,37.48333333333333,36.206666666666656,34.94333333333333,0.0038850038850038477,0.11155721250358476,0.7242445318149103,0.6895193628606769,0.5087042362730426,1.3861908238053753,0.5057125824048049,0.4754146039392018,0.5078740157480314,0.006001775853316168,-0.004383235587082151,-0.010017105901003813,0.5480769230769231
863,863,2016-01-20,38.13,40.14,37.52,39.73,10790189,M,0.0,0.4423736818530626,1.7207190928278318,0.08560191943827836,0.8638301907574408,0.1634545126785768,0.9933033479053498,0.1255009170881342,2281240.45969911,38.67848272942223,37.579640145420335,5592546.299999983,0.8405466271603022,38.530000000000015,36.765500000000024,0.14392012353792438,-0.4104748611304089,0.5543949846683334,0.5714285714285714,0.9699999999999988,25.833108713746057,6779477.4,4105702.85,39.13,40.73999999999999,41.74999999999999,43.35999999999999,38.11999999999999,36.51,35.49999999999999,0.02820910973084877,0.13449457452884048,0.7372034332594755,0.697544358686083,0.8245604889892166,1.5023717214710546,0.6183122050637625,0.510471446457533,0.8435114503816779,0.006760511636830575,-0.003991870719443839,0.0273299671156092,0.5504807692307693
864,864,2016-01-21,39.8,41.6,39.73,40.61,9145386,M,-0.0,0.44587733732022655,1.7406232137841218,0.12853476125314678,0.8369919380085664,0.18043553507831486,1.0333445520122275,0.1543778305063952,432762.387059904,39.32232181961482,37.8682458458565,-6685124.850000005,2.304076590847637,38.92400000000002,37.045000000000016,0.35237268770369923,-0.2579053513635873,0.6102780390672865,0.6428571428571429,0.8800000000000026,26.10522559795859,6633251.4,4235531.7,40.64666666666667,41.56333333333335,42.51666666666667,43.43333333333334,39.693333333333335,38.77666666666666,37.82333333333333,0.07890541976620613,0.14620378210556026,0.8488713473031835,0.7748011455636089,1.250771761754372,1.6710585992440448,0.5690708818072143,0.5066730453943505,0.4705882352941178,0.008224814315105222,-0.0035670580673301845,0.0698429881189442,0.5528846153846154
865,865,2016-01-22,41.0,41.8,40.6,41.35,8388063,M,0.0,0.43641164142235495,1.6685401186129052,0.1402911638226847,0.8026170278777369,0.2014999124025723,1.0328135370490352,0.17653652123257316,475627.38699618354,39.99821454640988,38.19984147958446,-3891444.1200000113,4.120354273724542,39.666000000000025,37.34100000000002,0.5707059195976356,-0.09218309717134264,0.6628890167689783,0.7142857142857143,0.7400000000000021,26.245087157169966,9769959.2,4037657.2,41.25,41.9,42.45,43.1,40.7,40.05,39.50000000000001,0.09160506863780356,0.14669994453688295,0.8602590854722967,0.7837438964557482,1.3911973260476531,1.8810520572561145,0.5877139212048103,0.5179422791663174,0.6250000000000022,0.009900404487010598,-0.0031080264529241915,0.11360220824609092,0.5552884615384616
866,866,2016-01-25,41.25,41.46,39.25,39.32,7350705,M,-0.0,0.4273171492851843,1.7407347694645177,0.10328029617590367,0.3463574459669164,0.2032098621020034,0.7382832270324481,0.17342490109093042,-2408005.630368914,39.77214303093992,38.306523243433546,2315138.4899999984,4.77605182151887,39.95400000000002,37.504000000000026,0.5733236264137105,0.040918247545668016,0.5324053788680425,0.6428571428571429,-2.0300000000000007,26.428272112136227,6746380.0,3260417.5,40.01,40.77,42.22,42.98,38.56,37.8,36.35,0.014447884416924725,0.10822998872604296,0.5024673436843905,0.5951967554708147,1.0316152383530144,1.9052956670683847,0.4023673501848057,0.471631034307125,0.0316742081447965,0.008824055278099584,-0.002677107811893812,0.11225173675376973,0.5576923076923077
867,867,2016-01-26,39.56,40.57,39.53,40.18,5290257,M,0.0,0.4214442736216128,1.6753034668692486,0.0782598264037984,0.4815815649454714,0.20479355890746087,0.8158356125714354,0.16853190681399838,-757250.6207362806,39.908095353959936,38.484949601201784,3624433.020000005,5.395187995894978,40.23800000000002,37.739000000000026,0.6374449223361154,0.16022358250375754,0.4772213398323578,0.6428571428571429,0.8599999999999994,26.42915374279139,5252638.0,3707649.1,40.09333333333333,40.656666666666666,41.13333333333333,41.696666666666665,39.61666666666667,39.053333333333335,38.57666666666667,0.01132645356154047,0.13183098591549294,0.5024673436843905,0.5951967554708149,0.7872547237090104,1.9321760299021675,0.4765782334565369,0.4862376024683511,0.6249999999999991,0.007735186435911715,-0.0022565209283481645,0.12266233549855796,0.5600961538461539
868,868,2016-01-27,39.83,41.05,39.82,40.29,5551650,M,-0.0,0.4101148681402847,1.6159296712866815,0.07286413944063767,0.4795923089327683,0.20399963768102988,0.7983504476863333,0.16255845868955413,-850393.0157420239,40.035396902639974,38.6568591629921,-1745083.3499999982,6.1796200418905505,40.35000000000002,37.97850000000001,0.6891930040720595,0.26601746681741795,0.4231755372546416,0.7142857142857143,0.10999999999999943,26.428033391914088,4204930.2,3697824.5,40.386666666666656,40.95333333333333,41.61666666666667,42.18333333333332,39.72333333333333,39.156666666666666,38.49333333333333,-0.007879832553558244,0.12857142857142845,0.6142691776625915,0.6383970357817734,0.735017006607433,1.936900059917249,0.4450900960170951,0.4763210518654806,0.3821138211382114,0.006740646288980719,-0.001849803215716377,0.13205614235088906,0.5625
869,869,2016-01-28,40.62,40.62,39.24,39.57,5278275,M,-0.0,0.3992297530699889,1.5844723817817905,0.07854817978426837,0.31859013643112444,0.1980547500510983,0.6849170657534153,0.1560212567818723,-1270947.311930413,39.880264601759976,38.74382495699285,7309.019999999992,7.031745913165022,40.142000000000024,38.17200000000001,0.6644464241891441,0.34570325829176324,0.3187431658973809,0.6428571428571429,-0.7199999999999989,26.47241774009645,1320198.0,3184388.9,39.81,40.38,41.19000000000001,41.76,39.00000000000001,38.43000000000001,37.62000000000001,-0.04304715840386943,0.11842849067269635,0.4450778468811761,0.553972579561288,0.7882702582250257,1.8900364797376317,0.3764368756055995,0.4537314692861595,0.23913043478260826,0.0050982484251350536,-0.0014782362644230225,0.12737112338835138,0.5649038461538461
870,870,2016-01-29,39.99,40.61,39.84,40.41,5753186,M,0.0,0.3933706129805072,1.5118760642108848,0.048047962937012634,0.7375360867810165,0.19079525845659054,0.7709717833042827,0.1484810632613851,428403.13604223006,40.05684306783999,38.902508294422105,24184.319999999483,8.227595181202974,39.95400000000002,38.42350000000001,0.7044945861134835,0.4174615238561074,0.2870330622573761,0.7142857142857143,0.8399999999999963,26.36557483904665,793222.6,3799980.45,40.28666666666667,40.73333333333333,41.05666666666667,41.50333333333333,39.963333333333345,39.51666666666667,39.19333333333334,0.027721261444557384,0.15523156089193824,0.4450778468811761,0.553972579561288,0.4799270777963509,1.8327554033267024,0.4977111638236447,0.4810198760455476,0.7402597402597352,0.004301317353439566,-0.0011222101567086127,0.13442771462242645,0.5673076923076923
871,871,2016-02-01,40.22,41.21,39.63,40.91,4905142,M,0.0,0.3904496129980364,1.5209592556494334,0.04783280994375663,0.8312009594525146,0.1779670687579926,0.8178111419719123,0.14685896083349118,1173072.7296792641,40.34122871189332,39.09369798066761,-499998.2199999986,9.099274306581147,40.27200000000003,38.72000000000001,0.7677289627081905,0.4875150116265241,0.2802139510816664,0.7142857142857143,0.5,26.322446830530925,3244392.0,4278907.45,40.583333333333336,41.53666666666667,42.16333333333333,43.11666666666667,39.95666666666667,39.003333333333345,38.37666666666667,0.018168242906918788,0.14305671975412118,0.6439311156113878,0.6255250693457508,0.48158073051374195,1.722721225577369,0.6018496366419225,0.5123633718772553,0.8101265822784781,0.004265718227467403,-0.000774651041611617,0.14627438090590464,0.5697115384615384
872,872,2016-02-02,41.22,41.6,40.35,40.9,4186512,M,-0.0,0.3829079933927818,1.4848313548961756,0.05443208807237123,0.7200072730871321,0.16855292392911395,0.7929475899220434,0.1408300899808514,243172.8145277184,40.52748580792888,39.26572674441355,-767670.2600000032,9.747453818705177,40.416000000000025,38.97550000000001,0.807724796647534,0.5515569686307261,0.25616782801680793,0.7142857142857143,-0.009999999999998009,26.293310738659407,1349038.2,3525222.15,40.95,41.54999999999999,42.2,42.79999999999999,40.29999999999999,39.7,39.04999999999999,0.015140233308513263,0.10660173160173153,0.7314903510501882,0.6666097663884313,0.5499818178832392,1.6423586216497956,0.5478997577612809,0.5054716221746594,0.4399999999999977,0.004289727471089124,-0.0004418738710071986,0.15555027595677567,0.5721153846153846
873,873,2016-02-03,40.98,41.93,39.98,41.62,4479931,M,0.0,0.3697926479110338,1.5468538409100192,0.07439334080967237,0.8099320442094704,0.1705411481864027,0.8606432896546101,0.143099106519145,972719.3594795223,40.891657205285924,39.48994324494559,-301899.81000000035,10.207829942295344,40.68200000000002,39.20850000000001,0.8872916204273835,0.6187038989900576,0.2685877214373259,0.7142857142857143,0.7199999999999989,26.39298660352248,1134694.4,3080084.35,41.17666666666667,42.37333333333334,43.12666666666667,44.32333333333335,40.423333333333346,39.22666666666667,38.473333333333336,0.051806924437705265,0.15131396957123094,0.5513970596276275,0.5935913084023835,0.7566174727047733,1.6716656521666429,0.6456083855160673,0.5374291477795147,0.84102564102564,0.004831094605575003,-0.00011212033815142849,0.17204144967720364,0.5745192307692307
874,874,2016-02-04,39.94,40.82,39.48,40.74,7023874,M,0.0,0.3615605349885394,1.6259399954553502,0.043250936887368016,0.4005456053220952,0.15614620497655804,0.7114290547144458,0.1313906809564271,2178542.0301400675,40.84110480352396,39.60899626923649,-453977.9199999903,10.541005721069496,40.916000000000025,39.43800000000001,0.8693192844095776,0.6688269760739617,0.20049230833561596,0.7142857142857143,-0.8799999999999955,26.494284399275173,785574.6,3381440.65,40.34666666666666,41.21333333333333,41.68666666666665,42.553333333333335,39.87333333333333,39.00666666666665,38.53333333333333,0.0081662954714181,0.1043643263757116,0.3761787438693509,0.5052114819012538,0.4424138334208877,1.5395235079663745,0.7438384261649409,0.5757976582255312,0.940298507462688,0.004380906081541928,0.0001871095954951313,0.1698768283888278,0.5769230769230769
875,875,2016-02-05,41.28,41.28,40.16,40.26,5453415,M,-0.0,0.3525208927943793,1.5584813293946376,0.04774611200452447,0.17932751564993302,0.14403914882834884,0.6145509195482722,0.10974498475149866,-919559.4979335173,40.647403202349295,39.67099662454729,-1323938.2399999995,10.875709532709338,40.88600000000002,39.60650000000001,0.8070410236046328,0.6964697855800961,0.11057123802453683,0.7857142857142857,-0.4800000000000039,26.565231912337538,-1455745.6,2196502.45,40.566666666666656,40.97333333333333,41.68666666666667,42.09333333333333,39.85333333333333,39.44666666666666,38.73333333333332,-0.01588853581031529,0.1217609361939258,0.5573506191685239,0.5741498379612114,0.4880368838542472,1.4262216370175,0.5256541888718657,0.5294631873741201,0.08928571428571519,0.0031529433115101537,0.00044492174729906955,0.15971458918679435,0.5793269230769231
876,876,2016-02-08,40.0,40.43,39.02,39.65,5638555,M,-0.0,0.3457157032552844,1.5386838188086855,0.07237697070820037,0.16541603757752715,0.1132778646422074,0.4679447077274476,0.0909511845673972,-868904.1544319573,40.31493546823287,39.668996946018986,1509997.7100000046,11.023714009565651,40.634000000000036,39.794500000000006,0.7003894970639593,0.6972537278768687,0.003135769187090576,0.7142857142857143,-0.6099999999999994,26.6709240785248,-3564485.0,2463624.55,39.7,40.37999999999999,41.10999999999999,41.78999999999999,38.96999999999999,38.29,37.56,-0.030562347188264064,0.02138073158165889,0.27761473532134684,0.4077554237508485,0.7352414569392539,1.126958996126081,0.4993722961273424,0.5215913133992798,0.4468085106382957,0.0013423703841160845,0.0006511966952495389,0.1408534468679133,0.5817307692307693
877,877,2016-02-09,39.48,39.89,38.79,39.51,4083351,M,0.0,0.3381758592466278,1.4801926429675276,0.08538702294112345,0.2544893264707178,0.11106694950409618,0.42788818334690576,0.06645789881498851,-176744.28872108774,40.04662364548858,39.65385437973146,1027548.0,10.857418521702748,40.35600000000002,39.82900000000001,0.5976808708903363,0.6773391564795622,-0.07965828558922594,0.6428571428571429,-0.14000000000000054,26.594573173089767,-3543852.8,1411747.35,39.39666666666667,40.003333333333345,40.496666666666655,41.103333333333346,38.903333333333336,38.29666666666667,37.803333333333335,-0.05069678039404132,0.023310023310023274,0.24314513157728435,0.3814001229638352,0.8614696744529949,1.1059213829496621,0.5510966822667124,0.5342536125560581,0.6545454545454527,-0.0003457378926559492,0.0008102080230204207,0.12313674501586212,0.5841346153846154
878,878,2016-02-10,39.8,39.97,38.72,38.81,4962605,M,-0.0,0.33877424895440456,1.4495002905718573,0.07423554589528157,0.16690693073219473,0.10995966152892236,0.2651051193575481,0.03652727633433458,-1630739.22055066,39.634415763659064,39.57348729594752,567797.9999999976,10.396052283829498,39.794000000000025,39.83900000000001,0.4545595156729263,0.6327832283182351,-0.17822371264530878,0.5714285714285714,-0.6999999999999957,26.48921861272945,-5432360.0,1671685.5,39.16666666666666,39.61333333333333,40.41666666666666,40.86333333333333,38.36333333333333,37.91666666666666,37.11333333333333,-0.047373588610702,0.004399585921325096,0.2862971762350286,0.3974105376763143,0.7385323283392093,1.0951707389126846,0.3913977881778092,0.4902294589792908,0.07200000000000273,-0.0021915481088142412,0.0009136862624944764,0.09650997920367174,0.5865384615384616
879,879,2016-02-11,38.32,39.17,37.73,37.9,5352149,M,-0.0,0.3375150637977815,1.4482335851622767,0.09207167496017167,0.13285006454134826,0.11547043578129602,0.08615776353101716,0.015646384893244825,-2026542.713951088,39.056277175772706,39.41410755347632,-2042764.7799999998,9.445372253066447,39.22600000000002,39.80200000000001,0.26465464174848563,0.5591575110042852,-0.2945028692557996,0.5,-0.9100000000000036,26.424896936839037,-5098015.0,910252.25,38.26666666666667,38.80333333333335,39.70666666666667,40.24333333333336,37.363333333333344,36.82666666666667,35.923333333333346,-0.05861897665176353,0.006907545164718332,0.14402830880828746,0.28828786602521683,0.9029008804969241,1.1489885712417862,0.3002837106370582,0.4547843253198875,0.11805555555555634,-0.004368952619329269,0.0009522315175103977,0.05942574827246759,0.5889423076923077
880,880,2016-02-12,38.06,39.3,37.71,39.25,4473052,M,0.0,0.3298822359351328,1.467135773807306,0.07226722078870892,0.5801374101546104,0.1043920797046741,0.348081520071422,0.003374022257588535,630370.0078962839,39.12085145051513,39.39847826266905,-215403.3199999989,8.886039193097973,39.02400000000002,39.88250000000001,0.22054507224360265,0.4914350232521487,-0.2708899510085461,0.5714285714285714,1.3500000000000014,26.218864793398144,-3112721.6,1498678.65,38.75333333333333,39.79666666666665,40.34333333333333,41.386666666666656,38.206666666666656,37.16333333333333,36.61666666666667,-0.010088272383354316,0.03616684266103478,0.21567937219275013,0.3173760082243461,0.7050390060146446,1.0408542797054163,0.5230402934645383,0.5037147190150886,0.9685534591194984,-0.004691508774294672,0.0009712273184482246,0.04980567738074248,0.5913461538461539
881,881,2016-02-16,39.56,41.01,39.04,40.47,5158119,M,0.0,0.324805271260713,1.5341843372996649,0.09619824874167936,0.8400695603069611,0.09339777446888813,0.6225571604385894,0.0016173442617034414,1067715.5852880836,39.570567633676745,39.500527951938665,-498657.1,8.901640719774731,39.18800000000002,40.01200000000001,0.2807948958823019,0.44930699777817934,-0.16851210189587745,0.5714285714285714,1.2199999999999989,26.07608458574921,-953386.8,1368225.05,40.17333333333333,41.306666666666665,42.143333333333345,43.276666666666664,39.336666666666666,38.20333333333333,37.36666666666667,0.024297646165527736,0.04411764705882355,0.6913948153505197,0.5825830757070837,0.9424542429222332,0.934257938012288,0.5906563039340578,0.5248741100491846,0.7258883248730967,-0.0030737153069912725,0.0010017288693291227,0.0601609352175159,0.59375
882,882,2016-02-17,40.95,41.32,40.87,41.1,5685144,M,0.0,0.3127494250928009,1.4429597589930434,0.13005184870678455,0.8102478121229026,0.0912606148223386,0.7651413738079916,0.009242487368661132,448297.89045165264,40.08037842245117,39.6528586231826,2242370.2000000016,8.75576449070463,39.50600000000002,40.12900000000001,0.3750556420849023,0.434456726639524,-0.059401084554621675,0.5714285714285714,0.6300000000000026,25.766207292851387,1000312.2,1014533.9,41.09666666666666,41.32333333333333,41.54666666666665,41.77333333333333,40.87333333333333,40.646666666666654,40.42333333333333,0.05900541097655241,0.034482758620689766,0.7325635756257675,0.6146580342952428,1.2844570837525582,0.9155493030514064,0.5641412396597442,0.5235633482455591,0.5111111111111167,-0.0005862461715215572,0.0010531066989504538,0.07723496430266133,0.5961538461538461
883,883,2016-02-18,40.67,41.15,40.15,41.13,5136203,M,0.0,0.3095335022064855,1.3838984577939706,0.13863014342023638,0.7093467236542343,0.09320755409016043,0.7484753550300169,0.008660978023332743,1682823.9537350757,40.43025228163412,39.793538754308074,-14464.560000000081,8.49863859393468,39.97000000000003,40.19900000000001,0.4470256780888136,0.4369705169293819,0.010055161159431614,0.5714285714285714,0.030000000000001137,25.481451012649227,3020073.8,731834.6,40.81,41.47000000000001,41.81000000000001,42.47000000000001,40.47000000000001,39.81,39.47000000000001,0.08522427440633258,0.012804727899532213,0.5109338226718533,0.5075959551571078,1.385261708126713,0.93671261671759,0.7027608264398308,0.5670335055555062,0.980000000000004,0.0015663314425510627,0.0011182646722681562,0.09111944137823264,0.5985576923076923
884,884,2016-02-19,40.78,40.83,38.83,40.23,6105582,M,0.0,0.2988194230436867,1.5060453300881085,0.07618773337838958,0.4331326704692479,0.09276039352430167,0.5134152104343733,0.0017880252421194156,1243070.8674659987,40.363501521089404,39.83510649199301,-365781.06000000186,8.06265862541883,40.43600000000002,40.18000000000001,0.4265232769170808,0.4348810689269218,-0.008357792009840992,0.5,-0.9000000000000057,25.353786971288176,2869387.2,-30713.8,39.96333333333333,41.09666666666666,41.96333333333333,43.09666666666666,39.09666666666666,37.96333333333333,37.09666666666666,0.02496815286624196,-0.027085852478839288,0.28760388054350383,0.3685192505614877,0.7701817967221406,0.9317781529516106,0.7018405509598871,0.5796969812168865,0.6999999999999993,0.002159304388400692,0.0011708005058719308,0.08709117220494908,0.6009615384615384
885,885,2016-02-22,40.49,41.71,40.35,41.06,6753474,M,0.0,0.2968025101223701,1.5025726194096944,0.041022959057535564,0.6565436422236376,0.09109438955516652,0.7444756094106818,0.005787078831382923,267892.80224404624,40.59566768072627,39.9517630165651,-113208.97000000047,7.563067177975637,40.798000000000016,40.1655,0.4718103041823482,0.4422669159780071,0.02954338820434121,0.5,0.8300000000000054,25.282215422078142,3325471.6,-112443.25,41.04,41.73,42.4,43.09,40.37,39.68,39.01,0.014578700271806359,0.04425228891149547,0.4940229769382144,0.4806353613373289,0.4184136709073341,0.9147129259195104,0.6419133084830622,0.5742076328656985,0.5220588235294126,0.0028254332729784697,0.0012300820065802,0.09551733942859722,0.6033653846153846
886,886,2016-02-23,42.0,43.53,40.52,42.31,16298162,M,0.0,0.2948646918254189,1.7035629368217349,0.07208955915178387,0.8854916585763729,0.1000877101137379,0.9944193765725508,0.01994680619757919,731825.5503179141,41.16711178715085,40.17635701498747,21200566.40000005,7.828625529366971,41.166000000000025,40.31500000000001,0.601629937462171,0.4741395202748398,0.12749041718733115,0.5,1.25,25.412726521022204,5553480.2,1070000.1,42.12000000000001,43.72000000000001,45.13,46.73,40.71000000000001,39.11000000000001,37.70000000000001,0.029440389294403912,0.05301144848183182,0.7248580770874252,0.6378103220472491,0.7419096980105842,1.008759008308836,0.6261703341160615,0.5761577997720186,0.5946843853820599,0.004387570070781647,0.0013194733938027494,0.11928284813304303,0.6057692307692307
887,887,2016-02-24,41.48,43.05,40.88,42.85,6677370,M,0.0,0.2957865383844948,1.7657545452455028,0.1012886998617414,0.8172337096131784,0.11430801091508845,1.0194018624516321,0.04110691623047175,1606045.1874145106,41.728074524767244,40.43098968022677,-136226.15999999995,7.956780625603242,41.51600000000003,40.44850000000001,0.7395612178100492,0.5272238597818817,0.2123373580281676,0.5,0.5399999999999991,25.4210667258195,5751925.4,1139355.75,42.26,43.63999999999999,44.43,45.80999999999999,41.47,40.09,39.3,0.041818623875516624,0.06353933978654759,0.7248580770874252,0.6378103220472491,1.0512754158650146,1.1558968948747392,0.7200582565382044,0.607746018973016,0.9078341013824902,0.0061277743130304955,0.001439493396229277,0.1450234942438097,0.6081730769230769
888,888,2016-02-25,43.21,43.57,42.56,43.37,4398502,M,0.0,0.2988791438776731,1.664987272546102,0.12341539808425328,0.7714807835138958,0.1306603664760562,1.0216641386639664,0.06904081865696261,929949.9473540336,42.27538301651149,40.71089542496708,-12613639.599999942,8.512274600359568,41.96400000000003,40.602500000000006,0.8806804691616819,0.5979151816578417,0.2827652875038401,0.5714285714285714,0.519999999999996,25.238335696712465,5604385.2,1081698.35,43.16666666666666,43.77333333333333,44.17666666666666,44.78333333333333,42.76333333333333,42.156666666666666,41.75333333333333,0.07805120556798413,0.09603234773818542,0.780847450368101,0.6768373463667304,1.2947509413019016,1.3262843824610182,0.7473655703654026,0.6262445122155668,0.8019801980197988,0.007693955124248506,0.001589112180318329,0.1720123732105766,0.6105769230769231
889,889,2016-02-26,43.96,44.0,42.8,43.43,4475369,M,0.0,0.3018504707240601,1.6029889695399555,0.09150963990653298,0.7118667598934943,0.1415622826102548,0.9561822530431272,0.10035057240299956,-205233.00603501312,42.66025534434099,40.9698577654464,-1277160.5799999963,9.04159541021617,42.604000000000035,40.7955,0.9859940653014264,0.6755309583865587,0.3104631069148676,0.5714285714285714,0.060000000000002274,25.04877023488843,7720575.4,1569380.55,43.41,44.02,44.61,45.22,42.81999999999999,42.21,41.61999999999999,0.05772040915733068,0.07473397673843117,0.8226321190681406,0.7076255638835337,0.9746691746444832,1.4437760250566627,0.6732437135769355,0.6166021777188463,0.5250000000000009,0.008542959926922288,0.001756397996731067,0.194328614810955,0.6129807692307693
890,890,2016-02-29,43.47,43.5,42.89,43.21,4088213,M,0.0,0.3064519834279376,1.4705904402679617,0.0430669453372677,0.5949635372735022,0.15020335620684785,0.869918630820803,0.11747572245242892,-658194.0118653524,42.84350356289399,41.183204644927685,49646.239999998936,9.424095761941937,43.03400000000003,40.93550000000001,1.039718460393246,0.7483684587878963,0.29135000160534963,0.5714285714285714,-0.21999999999999886,24.864061853608565,5552238.0,1077310.6,43.2,43.50999999999999,43.80999999999999,44.11999999999999,42.89999999999999,42.59,42.28999999999999,0.021271567005436032,0.056220972867269715,0.8226321190681406,0.7076255638835337,0.4633357314109949,1.5371623720013552,0.6236925303627661,0.6078391287869968,0.5245901639344271,0.008424615914822745,0.00192570351519571,0.20836728994138187,0.6153846153846154
891,891,2016-03-01,43.47,43.8,43.15,43.7,2604470,M,0.0,0.31205614548727817,1.3611783815655665,0.028899308778461905,0.8099816829890343,0.1613320675310431,0.8961238908268597,0.133536620293709,-273922.02601143066,43.12900237526266,41.42289944064886,-505142.7300000058,9.827765302818742,43.31200000000002,41.07500000000001,1.1090498985945985,0.8205047467492368,0.2885451518453617,0.6428571428571429,0.490000000000002,24.584835478098807,2813499.6,962277.0,43.54999999999999,43.94999999999998,44.2,44.59999999999998,43.29999999999998,42.89999999999999,42.649999999999984,0.019836639439906684,0.0684596577017116,0.8593125657258139,0.7324627176023011,0.3129217154531857,1.656678668459399,0.6978463022931288,0.6305357685362213,0.8461538461538546,0.008170746740953833,0.0021009498932363768,0.2259408229358931,0.6177884615384616
892,892,2016-03-02,43.58,44.0,43.21,43.96,3095984,M,0.0,0.31959584444937883,1.2850212640234908,0.027245824508594654,0.8591543006357897,0.17237070251451111,0.8844368198354436,0.15098102274917394,219800.52159744804,43.406001583508434,41.66452806534897,-744171.75,10.36693667807415,43.53400000000002,41.228000000000016,1.1714713969165018,0.89069807678269,0.28077332013381184,0.7142857142857143,0.259999999999998,24.38162029570579,2097222.4,1326401.8,43.723333333333336,44.23666666666667,44.51333333333333,45.02666666666667,43.44666666666667,42.933333333333344,42.65666666666667,0.013603873645377068,0.056222969726093315,0.8820742792881502,0.7492457393401443,0.29652993103929004,1.776624830817067,0.7816865643979511,0.6609006561620665,0.949367088607596,0.00785936846285986,0.002279576450756529,0.2435849506254145,0.6201923076923077
893,893,2016-03-03,43.96,44.37,43.48,44.09,3328916,M,0.0,0.3305585390405644,1.232351762153692,0.033344167238952935,0.7828880464543821,0.182599095437664,0.8626793724060008,0.15903520698063,-90796.94955342356,43.63400105567229,41.8955253924586,282533.9400000004,11.09861187188372,43.67800000000002,41.351500000000016,1.2173973982010151,0.956037941066355,0.2613594571346604,0.7857142857142857,0.13000000000000256,24.224222829707628,1883305.2,1268851.05,43.98,44.48,44.87,45.37,43.59,43.09,42.7,0.015196868524061794,0.08222876779577812,0.9168971927237684,0.7794896055068921,0.3641016341657468,1.8876866237476408,0.7495887957409585,0.6632332849492005,0.6853932584269732,0.007424789912195786,0.002456539577239811,0.2598055362122982,0.6225961538461539
894,894,2016-03-04,44.12,45.13,43.98,44.58,4268387,M,0.0,0.34109132403993875,1.2213715271998673,0.04595519684429879,0.8330358505400765,0.1938519521256514,0.8770509366981566,0.16824425501392815,-543293.7321297353,43.94933403711486,42.15118964079586,726889.8599999971,11.734099465659954,43.90800000000002,41.543500000000016,1.2785941525042404,1.0205491833539322,0.25804496915030817,0.7857142857142857,0.4899999999999949,24.119589474212336,1841908.8,1833464.1,44.56333333333333,45.14666666666667,45.71333333333333,46.29666666666667,43.99666666666666,43.41333333333333,42.84666666666666,0.031705623698217944,0.10730253353204174,0.9550594878309384,0.8294301959321255,0.5044501957598679,2.0133221432830006,0.6736389073055661,0.6497576511859224,0.5217391304347813,0.007211944463678324,0.0026358681330141557,0.279390042148512,0.625
895,895,2016-03-07,44.23,45.05,44.23,44.62,2748002,M,-0.0,0.3469049653966669,1.1678553235732183,0.03620728671669767,0.7687499999981651,0.20125362109115372,0.8401092188983849,0.16899023694004006,-780716.4607486677,44.172889358076574,42.386314436910546,-307884.4199999965,11.717319105353207,44.19000000000001,41.76150000000003,1.3151603371862135,1.0794714141203885,0.23568892306582526,0.7857142857142857,0.03999999999999915,24.07443763810997,3209151.8,2243534.95,44.63333333333333,45.03666666666667,45.45333333333334,45.85666666666667,44.21666666666667,43.81333333333333,43.39666666666667,0.021052631578947243,0.12534678436317778,0.9550594878309386,0.8294301959321255,0.4000000000027176,2.1011632742995547,0.6076291902362313,0.6331721373679833,0.4756097560975615,0.0068759581988450435,0.0028103861660774897,0.2962228581338583,0.6274038461538461
896,896,2016-03-08,44.51,44.75,44.01,44.04,3133851,M,-0.0,0.35007114300016834,1.1108079470967895,0.028554659753556626,0.32750054809074514,0.1999261313349323,0.7453205925166232,0.15856291299455866,-1680503.474409684,44.12859290538438,42.54380830006193,612649.439999999,11.765285340110404,44.25800000000002,41.981000000000016,1.2825536689206771,1.1200878650804462,0.1624658038402309,0.7142857142857143,-0.5799999999999983,23.97181745825767,2061487.6,2368770.15,44.26666666666666,44.52333333333332,45.00666666666665,45.26333333333332,43.78333333333332,43.526666666666664,43.04333333333332,0.0018198362147406344,0.11465451784358395,0.7576555688296783,0.7598533390959769,0.3159430328432274,2.0982747298929487,0.41859964033766817,0.5767310329082269,0.04054054054054197,0.005830371360583529,0.002961253292892028,0.2969000243099064,0.6298076923076923
897,897,2016-03-09,44.13,44.72,43.89,44.31,2878231,M,0.0,0.3499566795841982,1.0733668874838842,0.024241540050104312,0.4832492536965061,0.1965989415112677,0.7516684355456651,0.15436769217474872,-968505.7012199081,44.189061936922926,42.712017033389365,-40370.98999999937,11.835077644233401,44.32800000000002,42.221000000000025,1.2639295992662554,1.148856211917608,0.11507338734864735,0.7857142857142857,0.2700000000000031,23.88143393645367,2017937.0,2716849.25,44.30666666666667,44.723333333333336,45.13666666666667,45.55333333333334,43.89333333333335,43.47666666666667,43.06333333333335,0.004989793603991809,0.1417160525637722,0.6543708867530955,0.7208723747795778,0.2686447468352561,2.075150977386809,0.44774112568696056,0.5699970389536858,0.5060240963855452,0.004866428199696787,0.0030936786121054005,0.30093334690414364,0.6322115384615384
898,898,2016-03-10,44.7,44.8,43.74,44.2,3123426,M,-0.0,0.34984670492963865,1.0715846358193657,0.022366803639877298,0.3487854052753834,0.18407816183895392,0.7185621703408002,0.1436846765498979,-731480.5534106006,44.192707957948606,42.853729696876094,-1668.0000000000384,11.7722411675763,44.350000000000016,42.490500000000026,1.226159406810318,1.16431685089615,0.06184255591416776,0.7857142857142857,-0.10999999999999943,23.75992996252656,727468.6,2808808.2,44.24666666666667,44.75333333333334,45.30666666666666,45.81333333333333,43.69333333333334,43.18666666666668,42.63333333333335,-0.008524001794526592,0.16622691292876002,0.5283309448023189,0.670089607290419,0.2479919353571396,1.9553932839045187,0.4431481718416224,0.5570413461153296,0.4339622641509462,0.0039026798808098335,0.0032036062070137238,0.3016151138991082,0.6346153846153846
899,899,2016-03-11,44.42,44.65,43.99,44.35,3357923,M,0.0,0.34003113508700394,1.016706684376783,0.01928600554641693,0.5538359778731369,0.15597365760205134,0.73016906319464,0.13017820182795206,-339628.5868713695,44.245138638632405,42.996231630506934,19187.67999999959,12.041784289609346,44.304000000000016,42.81300000000002,1.1945598610763497,1.17036545293219,0.024194408144159633,0.7857142857142857,0.14999999999999858,23.628955986608442,545375.8,3244311.8,44.33000000000001,44.67000000000001,44.99,45.33000000000001,44.01000000000001,43.67000000000001,43.350000000000016,-0.006051098162258988,0.1299363057324841,0.5283309448023189,0.6700896072904189,0.213611797432114,1.6694250507291568,0.4772502963792642,0.5559378412904933,0.5454545454545474,0.003172708475636609,0.00329421101605602,0.3042309616370062,0.6370192307692308
900,900,2016-03-14,44.19,44.58,43.54,43.87,2989454,M,-0.0,0.3326641395067173,1.0198124597932117,0.01803441146824581,0.14334664598350608,0.13535193509637927,0.6417760771149466,0.11361456684132107,-593130.3467947068,44.120092425754926,43.079447665696755,44210.76000000072,11.691750457283433,44.15400000000002,43.04400000000002,1.1178985661443048,1.159872075574613,-0.041973509430307976,0.7142857142857143,-0.4800000000000039,23.57884178761996,-602115.4,2871186.5,43.99666666666667,44.45333333333334,45.03666666666667,45.49333333333334,43.41333333333334,42.95666666666667,42.37333333333334,-0.003860127157129921,0.08401284902396834,0.24774483722471216,0.5173735255780016,0.19907285099223146,1.4565221735721383,0.423936095022073,0.5332111604349883,0.3173076923076909,0.00217748063586882,0.003354694752393384,0.2938804873105393,0.6394230769230769
901,901,2016-03-15,44.04,44.58,42.91,43.11,4433001,M,-0.0,0.33134831676724874,1.1065041318207838,0.04688713177483489,0.08380495029102733,0.12271879381253994,0.48754366004164,0.08941263259127925,-1368020.4431026315,43.78339495050329,43.08235741182088,-1333096.720000002,11.2111974318751,43.96800000000002,43.176000000000016,0.9844699326090094,1.1247916469814925,-0.14032171437248284,0.6428571428571429,-0.7599999999999979,23.650066389164824,-861945.4,2391630.5,43.53333333333333,44.15666666666666,45.20333333333333,45.82666666666667,42.486666666666665,41.86333333333333,40.816666666666656,-0.02708192281652004,0.04890510948905105,0.12138896987539888,0.3757040065077518,0.5153833524689854,1.3246266604125572,0.322544223028688,0.4938349050642196,0.11976047904191775,0.0006424534975396608,0.003371978116714981,0.2651918158649749,0.6418269230769231
902,902,2016-03-16,43.13,43.51,42.41,43.5,3753434,M,0.0,0.3194446533711151,1.1056369142446794,0.0464102400214525,0.34948699963345337,0.11383420934643786,0.541391350544116,0.07154628682034236,684560.8619278059,43.6889299670022,43.12213289640937,-282672.5999999981,10.666134725261363,43.80600000000002,43.29600000000002,0.8998239099519054,1.079798099575575,-0.1799741896236695,0.5714285714285714,0.39000000000000057,23.743236623538213,-686904.8,2295045.0,43.13999999999999,43.86999999999999,44.24,44.96999999999999,42.76999999999999,42.03999999999999,41.66999999999999,-0.015837104072398252,0.05762217359591532,0.07748099028584607,0.29892892584007885,0.5082617435949374,1.2321414819658436,0.5453325123221563,0.5411753037161123,0.9909090909090928,-0.00034786903105491266,0.003362345592882541,0.2475914682995232,0.6442307692307692
903,903,2016-03-17,43.4,44.17,43.14,43.97,2932768,M,0.0,0.31900171444501,1.095551992345389,0.043223365329411664,0.6110256702893743,0.10393537837142663,0.6178361134553525,0.06124092841182125,860223.798262025,43.78261997800146,43.20288214437039,-1290200.3799999992,9.911960367443156,43.76000000000002,43.43800000000002,0.8607442749931806,1.035987334659096,-0.17524305966591536,0.5714285714285714,0.4699999999999989,23.82001803932189,524334.0,2184873.25,43.76,44.38,44.790000000000006,45.41,43.35,42.73,42.31999999999999,-0.00856820744081178,0.09296544867014672,0.4470788242871283,0.4683965805377422,0.4728636167037638,1.1286862414245082,0.6321634224542522,0.5663800598115725,0.805825242718444,-0.0005124376365280234,0.003340138177804853,0.2406583921270917,0.6466346153846154
904,904,2016-03-18,44.12,45.5,43.93,44.87,5371760,M,0.0,0.3159534596973728,1.1588117266993372,0.05987295534227894,0.8830531625509167,0.08107973951393325,0.8389110346868542,0.0561568713627298,620604.6139527261,44.14507998533431,43.361655273477965,2217106.619999996,9.473322578683248,43.86400000000002,43.670000000000016,0.8921121476039459,1.007212297248066,-0.11510014964411995,0.6428571428571429,0.8999999999999986,23.941101999486467,927101.4,2758740.35,44.76666666666667,45.603333333333346,46.33666666666668,47.173333333333346,44.03333333333335,43.19666666666667,42.46333333333335,0.022794620469569184,0.09279103750608853,0.7404479154936989,0.6626202500457729,0.6565668282834313,0.8851880561433667,0.6210176531860614,0.5694606364628207,0.5987261146496801,0.0003884967837935101,0.003325307538012965,0.2495836741348473,0.6490384615384616
905,905,2016-03-21,44.65,44.93,43.74,44.15,3521988,M,-0.0,0.31044838944189945,1.1629701631394251,0.0609316163341282,0.5859454333609482,0.058587553114396285,0.6267735531745853,0.04481720709909588,-219756.6174852192,44.14671999022286,43.436735723622924,106059.59999999985,8.981489480961761,43.92000000000003,43.82450000000002,0.8490856985371309,0.975586977505879,-0.12650127896874808,0.5714285714285714,-0.7199999999999989,24.01099830306089,820594.6,2244967.25,44.27333333333333,44.80666666666666,45.46333333333333,45.99666666666666,43.61666666666667,43.08333333333334,42.42666666666667,0.024124333101368568,0.04348853698889143,0.6694124968910227,0.6241223741401113,0.6690291473487281,0.6418925553654653,0.5288577071660571,0.5480394153831281,0.3445378151260482,0.0007497219894338986,0.003297885911835404,0.2375620908406469,0.6514423076923077
906,906,2016-03-22,44.12,44.35,43.56,43.78,3078087,M,-0.0,0.29982308362125754,1.1132408080541685,0.04683170302481149,0.3671916857261157,0.04870652861587299,0.4448113087537717,0.03431684277326025,-629038.4614175642,44.024479993481926,43.46942755946836,2500103.5699999915,8.434600213913996,44.054000000000016,43.89800000000002,0.776183657831929,0.9357063135710892,-0.15952265573916016,0.5,-0.36999999999999744,23.945652568609013,1091577.4,1276154.8,43.89666666666667,44.23333333333333,44.68666666666667,45.02333333333333,43.44333333333334,43.10666666666667,42.653333333333336,0.006436781609195428,0.02170361726954492,0.5938503350130695,0.5860033532749085,0.5157809612637615,0.5345297982948984,0.44539880899678025,0.5223671865521851,0.2784810126582267,0.0005173842642517739,0.0032510926907763967,0.21827594863371969,0.6538461538461539
907,907,2016-03-23,43.59,43.83,42.9,43.42,2522485,M,0.0,0.2898538789101308,1.0888087003136124,0.048869082431370656,0.21283817602088828,0.04452577296881923,0.2410348152873712,0.01969443563644412,-210446.85113920388,43.822986662321284,43.46472017285232,729637.1899999969,7.818505548455353,44.03800000000002,43.92650000000002,0.6815033278454408,0.8848657164259595,-0.2033623885805187,0.42857142857142855,-0.35999999999999943,23.98917636626511,-163606.4,816162.05,43.38333333333333,43.86666666666665,44.31333333333333,44.79666666666665,42.93666666666665,42.45333333333333,42.00666666666665,-0.01250852854218779,0.0011528706479134025,0.3759874106766162,0.4633670099029169,0.5380241630281756,0.4889653415787097,0.4833124676466001,0.5258693387801904,0.5591397849462401,-0.00015241829312955462,0.0031807895128055665,0.1934974302357483,0.65625
908,908,2016-03-24,43.45,43.55,42.88,43.48,2622149,M,0.0,0.2889356621209945,1.0329675402717968,0.05417433161111895,0.3067568014524301,0.04397323053658685,0.2660251986514783,0.008506597540778002,544979.0574680227,43.70865777488085,43.466175394485425,136781.40000000194,7.136794895154784,43.94000000000002,43.932000000000016,0.6043434872253144,0.8287612705858304,-0.22441778336051602,0.35714285714285715,0.059999999999995175,24.00070295535123,-225730.2,727344.4,43.30333333333334,43.72666666666667,43.97333333333332,44.39666666666666,43.05666666666667,42.63333333333335,42.38666666666668,-0.03097838199242257,0.001151277918489458,0.37022523576587213,0.4599200347938695,0.5951050327481421,0.4829579909833337,0.6207157744509668,0.5610743910925248,0.8955223880597002,-0.0007220423457798214,0.003093494827535079,0.174555024622066,0.6586538461538461
909,909,2016-03-28,43.51,44.71,43.51,44.38,2664981,M,0.0,0.2880534538333929,1.0592385349022244,0.038092830321949565,0.822142982883954,0.04344524300192492,0.7096090367187805,0.008486614668599752,526065.6180103909,43.93243851658724,43.55320630929634,136796.16000000012,7.001438181833956,43.84200000000003,43.979500000000016,0.6087983871699336,0.7847686939026511,-0.17597030673271752,0.35714285714285715,0.9000000000000057,23.95204772939327,-767086.0,636825.0,44.2,44.88999999999999,45.4,46.09,43.68999999999999,42.99999999999999,42.48999999999999,0.00520951302378265,0.027077065494098627,0.7194050083830791,0.6423093202000264,0.4175164667437285,0.4776750161507895,0.6554771829673119,0.5766863538456178,0.7250000000000021,-0.00032968963706821376,0.003012073208693052,0.17549522179768384,0.6610576923076923
910,910,2016-03-29,44.59,44.66,44.19,44.42,2561116,M,-0.0,0.2820253549243191,0.980673396915261,0.043747341543926635,0.7728692976349559,0.04095948047129105,0.7106598870009956,0.0096744212469957,71589.02029903478,44.094959011058165,43.63575808936336,-57371.020000000295,6.909199983148455,43.89600000000003,44.04000000000002,0.608541703227182,0.7495232957675574,-0.14098159254037534,0.42857142857142855,0.03999999999999915,23.829450969388805,449534.8,969291.45,44.42333333333333,44.65666666666665,44.893333333333324,45.12666666666665,44.18666666666665,43.95333333333333,43.71666666666666,0.014618547281863875,0.01647597254004574,0.7194050083830792,0.6423093202000263,0.4800833261030512,0.4509638799889146,0.6001053560207644,0.5683697203486704,0.4893617021276692,0.00029265468931359464,0.002935186309408598,0.17697773351478496,0.6634615384615384
911,911,2016-03-30,44.62,44.84,43.85,44.1,2364771,M,-0.0,0.2732924869036797,0.9819169439932264,0.0438652258171072,0.5726022336935861,0.0403001458663067,0.5225272863983444,0.011679447557661577,-475916.4386254416,44.09663934070543,43.67997160466209,84058.80000000034,6.718143320699405,43.96000000000003,44.06000000000002,0.5758785838620284,0.7147943533864517,-0.1389157695244233,0.35714285714285715,-0.3200000000000003,23.560558906449,592198.0,720829.4,44.26333333333333,44.67666666666666,45.25333333333332,45.66666666666666,43.68666666666665,43.27333333333333,42.69666666666665,0.015660985720865953,0.003184713375796191,0.5456142958146278,0.5642957274398848,0.4820788317300084,0.4439061067173685,0.4842453215222602,0.5382892948416781,0.25252525252525204,0.0005408758716956982,0.002854324259920838,0.1697598770454338,0.6658653846153846
912,912,2016-03-31,44.09,44.45,43.65,44.09,2860886,M,0.0,0.26939313150353666,0.9576613514607968,0.03409736642169564,0.4973395220926794,0.040240650098556534,0.513252393297475,0.010956049941385665,-193189.19172638614,44.094426227136964,43.71902192802761,-98924.09999999947,6.4077615039988585,44.09400000000003,44.06650000000002,0.542927381124521,0.6804209589340656,-0.13749357780954466,0.35714285714285715,-0.009999999999998009,23.2811874738618,524517.8,422985.9,44.06333333333333,44.47666666666667,44.86333333333334,45.27666666666667,43.67666666666666,43.26333333333333,42.87666666666666,0.014029438822447251,0.0,0.4550788102406463,0.5203587047133432,0.3758723187495621,0.4433161518920105,0.506163547681508,0.5394046000948519,0.5500000000000032,0.0005852235566366303,0.002769886108948438,0.1635728830699724,0.6682692307692308
913,913,2016-04-01,44.01,44.07,42.91,42.96,3766608,M,-0.0,0.2726946295853807,0.987306504599358,0.05417765532097929,0.06782160047851643,0.04612791287877136,-0.01721858964148762,0.0010161660272067627,-1246143.7140449036,43.71628415142464,43.646734125358314,-1598094.1800000009,5.559674389119913,43.990000000000016,44.01000000000002,0.42078125497832986,0.6284930181429185,-0.2077117631645886,0.2857142857142857,-1.1300000000000026,23.18345283120244,-753233.6,68209.7,43.31333333333333,43.71666666666667,44.47333333333333,44.87666666666667,42.556666666666665,42.15333333333333,41.396666666666654,-0.03199639477242005,-0.03633916554508743,0.2447273941771139,0.3881918244893439,0.5958187643924701,0.507522361448682,0.3518101812129605,0.492137823731139,0.0431034482758656,-0.0004155357377519114,0.0026592014786563875,0.1284135410562891,0.6706730769230769
914,914,2016-04-04,43.1,43.13,42.1,42.16,3836276,M,-0.0,0.2806989033414701,0.9929989706527772,0.08751893581192909,0.13632543014991458,0.05801475464861736,-0.17904858365260018,-0.014156473616191543,-1546885.4840145563,43.19752276761643,43.50514039913371,-1882502.700000007,4.835581840854899,43.54600000000003,43.88900000000002,0.25646983130278755,0.5540883807748923,-0.29761854947210475,0.2857142857142857,-0.8000000000000043,23.16329427973853,-2053485.0,-337023.45,42.46333333333333,42.826666666666654,43.49333333333333,43.85666666666666,41.79666666666665,41.43333333333333,40.76666666666666,-0.05087798289058994,-0.055132227700582716,0.14325472065893466,0.29218839559684096,0.9527748947165666,0.6365523916932919,0.2539575965367941,0.4508154050124077,0.05825242718446126,-0.0021253677289506685,0.0025133394769255965,0.08007136516094188,0.6730769230769231
915,915,2016-04-05,42.0,42.1,41.34,41.47,3095629,M,-0.0,0.2913816996842754,0.9699324412324059,0.10855920568713363,0.1813394372741658,0.07424863371409203,-0.19648818195249093,-0.031104172671801468,-1098875.1468691688,42.62168184507761,43.31131750397812,999758.7100000014,4.178094599557385,42.95600000000003,43.73150000000002,0.06977034174157383,0.4572247729682286,-0.3874544312266548,0.2857142857142857,-0.6899999999999977,23.212475353898352,-3184834.0,-629205.0,41.636666666666656,41.93333333333332,42.396666666666654,42.69333333333332,41.17333333333333,40.876666666666665,40.41333333333333,-0.059637188208616826,-0.0583560399636694,0.09274208864026452,0.22930532494359698,1.1658173098741291,0.811751031316954,0.22632260821751,0.4241713313520776,0.17105263157894182,-0.004113094302269011,0.002329125546270231,0.0255008325444481,0.6754807692307692
916,916,2016-04-06,41.65,41.86,40.75,41.57,3628341,M,0.0,0.30344026606897984,0.9886081157347518,0.1028839781051945,0.2985082683549207,0.08623123651946538,-0.04196769067315511,-0.04455111238328493,383542.4562678479,42.27112123005174,43.145477741694485,122681.64999999925,3.5744022801372664,42.45000000000003,43.60800000000002,-0.0693220827493164,0.3519154018247196,-0.421237484574036,0.2857142857142857,0.10000000000000142,23.363539750195407,-1986211.6,-291095.4,41.393333333333345,42.036666666666676,42.50333333333333,43.14666666666668,40.92666666666668,40.283333333333346,39.81666666666668,-0.05715581764572473,-0.06183705709772065,0.06704756710270185,0.19149449886589176,1.0918562176413775,0.940092940535212,0.3971279850579199,0.4541301320555692,0.7387387387387394,-0.0054477508064801426,0.0021216292215595228,-0.0151712347071546,0.6778846153846154
917,917,2016-04-07,41.4,41.73,40.35,40.62,3551752,M,-0.0,0.31872289582827706,1.0407937003034509,0.08323278843213153,0.17313757530216758,0.10470103777233733,-0.11663014025840875,-0.06539718035524482,-284004.64559849026,41.72074748670116,42.9049560520093,-387704.5500000006,2.736161020676769,41.756000000000036,43.42350000000002,-0.2532911095413297,0.2308740995515097,-0.4841652090928394,0.21428571428571427,-0.9500000000000028,23.60733883543887,-2124384.8,-612594.55,40.9,41.45,42.28,42.82999999999999,40.07,39.52,38.69000000000001,-0.054469273743016834,-0.08099547511312229,0.05308738683887598,0.16914717961801815,0.8688670784430216,1.1366213784267731,0.32996938134296033,0.4295131836610427,0.19565217391304124,-0.006865121218079158,0.001881182147080636,-0.06812076048249485,0.6802884615384616
918,918,2016-04-08,40.18,40.22,39.31,39.68,5153742,M,-0.0,0.3307470598572651,1.0766878735963232,0.09395886778664228,0.13228720014002446,0.1291061735593489,-0.1307082082400451,-0.08780537615505797,-149726.0726362547,41.04049832446744,42.597817380389365,-2883007.890000001,1.37364102525448,41.10000000000003,43.19750000000002,-0.4695256335573816,0.09079415292973142,-0.5603197864871129,0.14285714285714285,-0.9399999999999976,23.815975959512137,-2401811.6,-714110.35,39.73666666666667,40.16333333333334,40.64666666666668,41.073333333333345,39.25333333333335,38.82666666666668,38.34333333333335,-0.058823529411764636,-0.10529875986471254,0.030199396830353394,0.12450238593801967,0.96542736650775,1.3942659830824942,0.35551072309310866,0.4273303477498391,0.4065934065934053,-0.008516885002163407,0.001601963390298998,-0.12826415637883645,0.6826923076923077
919,919,2016-04-11,39.75,40.38,39.57,39.82,5569079,M,-0.0,0.3434351708444712,1.0411294904501471,0.0873314920294347,0.2711678982748583,0.14482171117993822,-0.006336538152727347,-0.10696826182437033,-453006.223722541,40.633665549644974,42.333263344161814,-1613861.5999999943,-0.05693183927237255,40.632000000000026,42.97100000000002,-0.6224213360365454,-0.051848944863523976,-0.5705723911730214,0.21428571428571427,0.14000000000000054,23.946172023205104,-520740.6,-603552.55,39.923333333333346,40.27666666666668,40.73333333333334,41.08666666666668,39.46666666666668,39.113333333333344,38.65666666666667,-0.039787798408488034,-0.09231821290175513,0.11260347574278592,0.16459289180648162,0.8871132960349983,1.5557834377782818,0.3398878071649529,0.4160266932316298,0.3086419753086411,-0.009411211983919391,0.0013029360881086096,-0.17132221839260506,0.6850961538461539
920,920,2016-04-12,39.94,40.35,39.28,40.07,4214930,M,0.0,0.35503273149359216,1.0449788917234608,0.07629418786792196,0.4084006084233965,0.15597496716678,0.09372164741101256,-0.11935262265813933,781494.6750251796,40.44577703309665,42.11771445424164,-366136.68000000046,-1.3503945412870983,40.352000000000025,42.78100000000003,-0.7151752757448762,-0.18451421103979448,-0.5306610647050817,0.21428571428571427,0.25,24.105740598846943,941371.2,-243333.35,39.9,40.52,40.97,41.59,39.45,38.83,38.38,-0.0360837142169834,-0.07051728137323125,0.0926311225540076,0.14989045782625404,0.7696557672115971,1.6681912675905046,0.4726977904464169,0.4467210802580788,0.7383177570093448,-0.009305974977664958,0.0010009781141259158,-0.1988099920664524,0.6875
921,921,2016-04-13,40.11,40.38,39.35,40.33,3990358,M,0.0,0.3674846285502825,1.0429817061603328,0.037944739949606135,0.6485146057776812,0.16443874437367775,0.17027937681941313,-0.12636753316767518,1722641.6596866143,40.4071846887311,41.94745593479005,-805147.7099999968,-2.502796505756533,40.104000000000035,42.64200000000002,-0.7589548549950536,-0.2994023398308463,-0.4595525151642073,0.2857142857142857,0.259999999999998,24.28500742113248,1013774.6,177834.6,40.02,40.69000000000001,41.05,41.72000000000001,39.66,38.99,38.63,-0.007139340226489394,-0.07287356321839085,0.11535578167303975,0.15907399250859547,0.38043396273475133,1.752999234395593,0.6322839638574804,0.4947911022029864,0.9514563106796076,-0.008364475420632338,0.0007089895212402069,-0.2138292593929016,0.6899038461538461
922,922,2016-04-14,40.35,40.44,39.06,39.66,6045163,M,-0.0,0.3733194485914809,1.0879174786722876,0.028588321561389324,0.27914441231980336,0.17536311157937967,0.1252097659906566,-0.14099716569902795,553774.872269048,40.15812312582073,41.72960298861958,-750395.5300000069,-3.7731971949272136,39.912000000000035,42.45000000000002,-0.8380533304190436,-0.4071325379484858,-0.4309207924705578,0.2857142857142857,-0.6700000000000017,24.514930154911,515092.4,-312095.25,39.72,40.38,41.1,41.75999999999999,39.0,38.34,37.62000000000001,-0.0005040322580645949,-0.09802137821241763,0.08615478473064232,0.14159880021486956,0.2852542725395429,1.8610410216361684,0.5664501788035368,0.48907600758324,0.4347826086956495,-0.007701252951489507,0.00041752479943972835,-0.2374585547969407,0.6923076923076923
923,923,2016-04-15,39.79,40.72,39.76,40.64,4712939,M,0.0,0.3685334685963567,1.0841951481826495,0.039182981382175776,0.8410983513156425,0.17660290731551453,0.2799096855577564,-0.1406523224149445,1525788.0535210809,40.318748750547144,41.62583127541771,224000.11000000164,-4.857052326258088,40.104000000000035,42.283500000000025,-0.8122979669430279,-0.4881656237473943,-0.3241323431956336,0.2857142857142857,0.980000000000004,24.668023345880044,2488428.6,-223086.7,40.37333333333333,40.98666666666666,41.333333333333336,41.94666666666666,40.02666666666666,39.41333333333333,39.066666666666656,0.020592667001506783,-0.09427234232226424,0.3191303432806208,0.23721581149273424,0.3928485713376946,1.8668472578688904,0.6831890080912473,0.5297989274959476,0.9166666666666684,-0.006138089299572343,0.00015334184332434475,-0.2294131376801757,0.6947115384615384
924,924,2016-04-18,40.73,41.27,40.41,40.72,4201186,M,-0.0,0.3639351740912373,1.054302461758297,0.043113932534772234,0.7510361490811254,0.17049329438025254,0.3109755685184753,-0.13522455263998465,162034.8879555969,40.452499167031434,41.53956163013983,-1954615.6200000043,-5.836917974100716,40.284000000000034,42.07600000000002,-0.7764805400949513,-0.5458286070169057,-0.23065193307804555,0.2857142857142857,0.0799999999999983,24.810448381549172,2214850.0,-281615.4,40.8,41.19000000000001,41.66000000000001,42.050000000000026,40.33000000000001,39.94,39.47,0.016221612178687263,-0.07768969422423555,0.5997437952214137,0.3939341984115062,0.4342004145576915,1.7934189635858773,0.5756143774871881,0.5136718978562449,0.3604651162790697,-0.004402124056270981,-8.256027935580906e-05,-0.22094060450148675,0.6971153846153846
925,925,2016-04-19,40.85,41.27,40.54,41.15,3505672,M,0.0,0.35186613558543645,1.011062133523858,0.0546566509166756,0.7936400684431953,0.16556216160369536,0.38820633264317855,-0.12416521738960025,711170.1535732439,40.684999444687634,41.50246052250746,-615706.1699999976,-6.590796821810723,40.500000000000036,41.92600000000002,-0.705267678147365,-0.5777164212429976,-0.12755125690436742,0.35714285714285715,0.4299999999999997,24.861965579638696,2072998.4,69767.6,40.98666666666667,41.433333333333344,41.71666666666668,42.16333333333335,40.70333333333335,40.25666666666667,39.973333333333336,0.020332258864368964,-0.06007309273640937,0.5997437952214139,0.3939341984115062,0.5533985905313409,1.7353397968491338,0.6622817311101784,0.5443332826657605,0.8356164383561591,-0.0025065599739167773,-0.0002828389362498375,-0.20265107992409576,0.6995192307692308
926,926,2016-04-20,41.21,42.04,41.16,41.36,3460586,M,-0.0,0.3402703927073141,0.994920515720677,0.06450297284852081,0.7490804197723896,0.1610178223659784,0.4338914191405247,-0.1092798447458276,-478153.7360463407,40.90999962979175,41.48889285369723,-473984.0000000004,-6.964393223420532,40.70600000000004,41.80500000000002,-0.6246847500898767,-0.5871100870123734,-0.037574663077503234,0.42857142857142855,0.21000000000000085,24.777502421256262,1967044.0,396701.25,41.52,41.88,42.40000000000001,42.76,40.99999999999999,40.63999999999999,40.11999999999999,0.04286434694906715,-0.04744357438968223,0.8121666675171688,0.5676339581512209,0.6564145031929727,1.6828375160024325,0.5172787298310291,0.5141370392949958,0.22727272727272985,-0.0007673695690481109,-0.0004472361710228336,-0.1824070119224084,0.7019230769230769
927,927,2016-04-21,41.4,41.81,41.18,41.55,3925633,M,0.0,0.33173914538856103,0.9462644469579204,0.03855687629011654,0.7941787878413771,0.15724993247810848,0.4753778342177922,-0.08787870300079947,-102538.51332546014,41.12333308652783,41.494712581916545,167984.39999999938,-7.008919075923346,41.084000000000046,41.71150000000002,-0.5392743677076339,-0.5775429431514255,0.03826857544379159,0.42857142857142855,0.18999999999999773,24.65509754577661,3961203.2,719107.15,41.513333333333335,41.84666666666667,42.143333333333345,42.47666666666667,41.21666666666667,40.88333333333333,40.586666666666666,0.022391732283464482,-0.044388224471021163,0.8121666675171688,0.5676339581512208,0.3960176763757874,1.6397826396401562,0.5406196823212129,0.5211050914860991,0.5873015873015809,0.0006754185611001124,-0.0005767045733944057,-0.16097150512067704,0.7043269230769231
928,928,2016-04-22,41.4,41.66,40.7,40.96,4173769,M,-0.0,0.3302970397777891,0.9480958540301968,0.03168958855053088,0.3558241509512409,0.15321562253438278,0.4018291985864028,-0.06827166286695888,-766321.4254201434,41.06888872435189,41.443787574114964,-285273.19999999896,-7.095839940204162,41.148000000000046,41.585500000000025,-0.5132773516793065,-0.5646898248570017,0.05141247317769515,0.42857142857142855,-0.5899999999999963,24.577965397758536,2183861.6,379311.25,41.106666666666655,41.51333333333332,42.06666666666665,42.47333333333332,40.55333333333333,40.14666666666667,39.59333333333333,0.005893909626719106,-0.07706173952230737,0.4926880412287978,0.4542761955489567,0.3259907974193115,1.5928870677258946,0.450690899325253,0.4972696859477404,0.27083333333333304,0.00109268584260487,-0.0006885624468991697,-0.15486776174253747,0.7067307692307692
929,929,2016-04-25,40.78,40.93,40.1,40.33,2445247,M,-0.0,0.330762178259046,0.9363497401595038,0.04569773063309841,0.10571306783954793,0.14225735805427853,0.3211324076196523,-0.05895346405444104,-706362.7991459515,40.82259248290126,41.3377125670564,1806070.9199999985,-7.328545240853258,41.070000000000036,41.38300000000002,-0.5373164148858294,-0.5592151428627673,0.02189872797693793,0.42857142857142855,-0.6300000000000026,24.43138381451518,854575.0,123799.85,40.45333333333333,40.806666666666665,41.28333333333333,41.636666666666656,39.97666666666667,39.623333333333335,39.14666666666667,-0.019927095990279472,-0.09207564160288166,0.29180934215850923,0.35078846174963235,0.4692014492753384,1.4717590620900534,0.3928300774618141,0.4763019476417591,0.2771084337349365,0.00048529693297450654,-0.0007968213970610887,-0.16211133203238634,0.7091346153846154
930,930,2016-04-26,40.26,40.59,39.91,40.54,2876550,M,0.0,0.3226159414388793,0.902169774804904,0.05077452369912319,0.3037626771713862,0.12581402783053308,0.37476250204782097,-0.046460106907163685,509882.559730592,40.728394988600826,41.261739941622466,544831.9800000022,-7.438147074256466,40.948000000000036,41.189000000000036,-0.5332750380261402,-0.5540271218954419,0.02075208386930172,0.42857142857142855,0.21000000000000085,24.276683708816535,728750.6,139571.55,40.34666666666666,40.78333333333333,41.02666666666667,41.463333333333345,40.10333333333333,39.66666666666666,39.42333333333332,-0.019825918762088984,-0.08072562358276647,0.24713775790817194,0.3232312510040777,0.5197787991079246,1.2955384980779576,0.570710247719639,0.5191751515078096,0.9264705882352886,-9.438728692295865e-05,-0.0008947807834986963,-0.1623038421401211,0.7115384615384616
931,931,2016-04-27,40.67,41.07,40.24,41.01,2632270,M,0.0,0.3147891648861701,0.8925471381642499,0.04616402471956591,0.569948857754246,0.10718181636440204,0.4944294788713493,-0.028852988786564313,896866.8063581823,40.82226332573389,41.237764709086974,127175.63999999994,-7.090662067720735,40.878000000000036,41.03450000000002,-0.4865386312212365,-0.5405294237606009,0.05399079253936434,0.5,0.4699999999999989,24.205739673917503,563087.4,389423.6,40.77333333333333,41.306666666666665,41.60333333333333,42.136666666666656,40.47666666666667,39.943333333333335,39.64666666666667,-0.012996389891696731,-0.0698571104558858,0.511584125605447,0.4518076436190418,0.4717732506216042,1.0995380609012646,0.689710446270923,0.5580833126378746,0.9277108433734912,-8.607298772261305e-05,-0.000972333408811373,-0.14980364996400033,0.7139423076923077
932,932,2016-04-28,40.91,41.04,40.53,40.6,2297510,M,-0.0,0.3195721456708848,0.8415408530756829,0.028470622963206373,0.4240339824842751,0.08164104460896217,0.4220589175984167,-0.015736152808892494,-273157.20088852034,40.74817555048927,41.17702521298347,-34742.40000000132,-6.815632519017939,40.688000000000045,40.860000000000035,-0.4770837412034865,-0.527840287249178,0.05075654604569146,0.5,-0.4099999999999966,24.11206072399174,-681541.2,417592.4,40.72333333333333,40.91666666666666,41.23333333333332,41.426666666666655,40.40666666666665,40.21333333333333,39.896666666666654,-0.008789062499999986,-0.054934823091247656,0.511584125605447,0.4518076436190418,0.2896031767817356,0.8339632706805493,0.5055585981675438,0.5180044163829137,0.1372549019607854,-0.00027440772359630186,-0.001040361159038574,-0.14790075864320687,0.7163461538461539
933,933,2016-04-29,40.65,40.65,39.3,39.59,3272984,M,-0.0,0.3241675585816892,0.9093354059989256,0.05170752990540374,0.10568655754429762,0.07077593111822837,0.11753190697782025,-0.019750606999826236,-790604.7679236153,40.36211703365951,41.02587995460409,-909813.8799999964,-6.6794121377054045,40.41400000000005,40.691500000000026,-0.5448090126573462,-0.5312340323308116,-0.013574980326534591,0.42857142857142855,-1.009999999999998,24.20139862598289,-501384.2,442273.6,39.84666666666666,40.39333333333333,41.19666666666667,41.74333333333333,39.04333333333333,38.496666666666655,37.69333333333333,-0.018348623853210882,-0.06095825426944956,0.18507650434105147,0.2689388267735735,0.5224270283992473,0.7199947002743479,0.4086440037166356,0.4891292162335713,0.21481481481481926,-0.001378454683592265,-0.00111940109997188,-0.16634575140989746,0.71875
934,934,2016-05-02,39.78,40.15,39.62,39.91,2913889,M,0.0,0.3319836539306658,0.8627573518657348,0.05661618894741514,0.3160581981550743,0.06416459176266233,0.24306140681371116,-0.02166977459963167,-248962.06667998587,40.211411355773,40.91960567321322,-425301.510000003,-6.6694341494864915,40.33000000000004,40.57900000000002,-0.5661344075268175,-0.5382141073700127,-0.0279203001568048,0.5,0.3199999999999932,24.17526693072209,570443.0,779781.85,39.89333333333333,40.16666666666666,40.42333333333333,40.696666666666665,39.636666666666656,39.36333333333333,39.106666666666655,-0.015540207202762769,-0.037617554858934234,0.18507650434105144,0.2689388267735736,0.5708327250623138,0.6509337422842688,0.4548192729180077,0.49465689195615997,0.5471698113207519,-0.0021290615863346725,-0.0011972072021889488,-0.1721800972036375,0.7211538461538461
935,935,2016-05-03,39.68,39.77,39.15,39.49,2909790,M,0.0,0.3443149969377354,0.8490563716169699,0.06584034688390054,0.2615004769991156,0.06509987457989841,0.12432305903884648,-0.02584375256459603,-2617.058120248497,39.97094090384866,40.783452751954826,36319.40000000052,-6.714052009873437,40.12000000000005,40.480000000000025,-0.6098949373245262,-0.5525502733609154,-0.05734466396361071,0.42857142857142855,-0.4199999999999946,24.203460137063335,-586825.0,789073.8,39.47,39.79,40.09000000000001,40.41,39.17,38.85,38.54999999999999,-0.037064130699829216,-0.05003608371421695,0.1252211721333844,0.22116440917974414,0.6603786792455232,0.6588107307485723,0.4860085475367368,0.4997740543197824,0.5483870967741951,-0.0028868010319779533,-0.0012797937818008619,-0.1848343722731639,0.7235576923076923
936,936,2016-05-04,39.16,39.16,38.23,38.68,3903108,M,-0.0,0.35875330412202233,0.9038488554013746,0.07025177306424303,0.15036519003440196,0.07151446403074266,-0.07391536522093144,-0.04169493422178405,-31260.50534660376,39.54062726923244,40.58312391843531,-1216739.3699999969,-6.9307901868864645,39.654000000000046,40.335500000000025,-0.7018452676523594,-0.5824092722192042,-0.1194359954331552,0.42857142857142855,-0.8100000000000023,24.244655382592427,-1893900.6,412501.35,38.69,39.15,39.62,40.08,38.22,37.76,37.29,-0.047290640394088715,-0.04775972427375672,0.06638535104398513,0.15674925849689478,0.6964409522723739,0.7211429159780054,0.4852960209384707,0.498259474645702,0.4838709677419386,-0.0040879155928228075,-0.001379468008183967,-0.20993034046778364,0.7259615384615384
937,937,2016-05-05,38.45,38.45,37.52,37.9,5173972,M,-0.0,0.3741628339630605,0.9380023413478576,0.08345301854873123,0.1280843913632685,0.08947096232846183,-0.13933820000185887,-0.06267756560443126,-301005.13454212627,38.993751512821625,40.32758830715576,-3600049.3800000083,-7.284096279805013,39.11400000000005,40.199500000000015,-0.8281101103006421,-0.6315494398354918,-0.19656067046515024,0.35714285714285715,-0.7800000000000011,24.323425734062038,-2469193.0,331390.35,37.95666666666667,38.393333333333345,38.886666666666656,39.323333333333345,37.463333333333345,37.02666666666667,36.533333333333346,-0.042687547360444666,-0.04485887096774197,0.04403239653313398,0.12384976792889706,0.8160453418787692,0.8991719875307507,0.4597313974715238,0.4897206818735047,0.4086021505376297,-0.005685062425598393,-0.0015043122524527044,-0.2433474281376887,0.7283653846153846
938,938,2016-05-06,37.48,37.69,37.0,37.65,4274625,M,0.0,0.3823899645063984,0.9329353625014764,0.10104095334262747,0.2250129797873793,0.1058333193510332,-0.07685449941043825,-0.08143895820040567,1119353.1169332669,38.54583434188108,40.07257989695046,-382662.5100000004,-7.524491545521915,38.72600000000005,40.09800000000002,-0.9375414245088294,-0.6927478367701594,-0.24479358773867,0.2857142857142857,-0.25,24.318187184407893,-2669521.2,375346.2,37.446666666666665,37.89333333333333,38.136666666666656,38.58333333333333,37.20333333333333,36.75666666666667,36.513333333333335,-0.056627411676271576,-0.054495228528377744,0.032731718217249475,0.1048092427363165,0.978227989786649,1.0609261098344331,0.6204972601500983,0.5327976631719564,0.9420289855072476,-0.0070277008684710065,-0.001648778193195255,-0.27358707951351197,0.7307692307692308
939,939,2016-05-09,37.06,38.04,36.93,37.74,4737703,M,0.0,0.39039682924967467,0.9565439808346128,0.08185795324284505,0.3238956247300929,0.11845558235591233,0.024222897332684942,-0.09422175878868616,1088847.713078428,38.277222894587396,39.85042943057421,69803.03999999851,-7.908499336171223,38.292000000000044,39.994000000000014,-1.0054144892074532,-0.7552811672576183,-0.2501333219498349,0.2857142857142857,0.09000000000000341,24.360618393981326,-2304758.4,333777.4,37.57,38.21,38.68,39.32,37.1,36.46,35.99,-0.044315016459863264,-0.058148240578986723,0.22109959943638804,0.20235507137614392,0.7836261863937567,1.1843781401855895,0.6569080833433096,0.5515530980822209,0.7297297297297322,-0.007625744786098874,-0.0018011763623437935,-0.2949206684410741,0.7331730769230769
940,940,2016-05-10,37.25,37.83,36.91,36.99,9811567,M,-0.0,0.4089210088359111,0.9516714500566646,0.06408237147403045,0.1688414920492344,0.13665066501491652,-0.02349649795341189,-0.11296600749193635,-2294160.1927961125,37.84814859639159,39.57800758004333,-3654381.719999981,-8.664643709183958,37.792000000000044,39.840000000000025,-1.1069627366014458,-0.8256174811263839,-0.28134525547506195,0.21428571428571427,-0.75,24.43956048762281,-3685113.8,-367547.45,37.24333333333333,37.57666666666667,38.16333333333333,38.49666666666667,36.656666666666666,36.32333333333333,35.736666666666665,-0.04369183040330914,-0.08281676171584419,0.21770784830529796,0.20087686303360008,0.6054502456866405,1.361040623548569,0.4669242294752518,0.5073058050971652,0.08695652173913615,-0.008280571885058128,-0.001969844721705327,-0.32382061885735186,0.7355769230769231
941,941,2016-05-11,33.86,34.45,31.35,31.38,35425707,M,-0.0,0.4273682734612944,1.5767819233824427,0.3071528319454192,0.05625159338066466,0.2358736350169336,-0.3623331842003454,-0.17764627779715325,-11944279.974567786,35.692099064261065,38.79724495337254,-195175705.4400001,-10.801943572715132,36.33200000000005,39.39250000000001,-1.6214297368491444,-0.9847799322709362,-0.6366498045782082,0.21428571428571427,-5.610000000000002,24.847987442692965,-9989633.6,-2338350.7,32.39333333333334,33.436666666666675,35.49333333333333,36.536666666666676,30.336666666666673,29.293333333333337,27.236666666666668,-0.17203166226912928,-0.20877458396369133,0.031232858753705225,0.05908087552400605,2.7898691725602465,2.32291304185114,0.3145086261017805,0.4599126255026578,0.009677419354837926,-0.013792080670450192,-0.002261052757051989,-0.4210585372312805,0.7379807692307692
942,942,2016-05-12,31.21,31.52,30.36,31.21,16822927,M,0.0,0.4372214731026332,1.5212110002647836,0.3874533547051933,0.22091395917349765,0.3032423370808913,-0.15666138810754285,-0.22851335082482466,-1260763.7482123002,34.19806604284071,38.074650195908475,-40525660.8,-12.876977793231804,34.99400000000005,38.97000000000001,-2.0195855947429417,-1.1917410647653377,-0.8278445299776047,0.21428571428571427,-0.16999999999999815,25.059726868037657,-12319424.6,-2877238.9,31.03,31.700000000000006,32.19,32.86,30.540000000000006,29.87,29.380000000000006,-0.17104913678618852,-0.23203740157480315,0.025737445209732816,0.05143995512921736,3.3896356736383884,2.9543384690105836,0.4539252909644058,0.4858979583776101,0.7327586206896564,-0.019171885972327243,-0.002638622366636721,-0.48691629231207706,0.7403846153846154
943,943,2016-05-13,31.06,32.37,30.44,31.22,15940199,M,-0.0,0.4466882727580372,1.575716200229479,0.3974798454989898,0.3143041156400723,0.35247581022909297,-0.036405167342232335,-0.267204273060272,-239746.2917080736,33.2053773618938,37.421826367726716,3117681.2800000026,-14.882944401575589,33.708000000000055,38.499000000000024,-2.3077181262011166,-1.4149364770524937,-0.8927816491486231,0.2857142857142857,0.009999999999998009,25.329318688667378,-8276459.8,-2315875.9,31.34333333333333,32.24666666666667,33.27333333333333,34.17666666666666,30.31666666666667,29.413333333333334,28.386666666666674,-0.17276099629040814,-0.2333005893909627,0.195818030270238,0.16147906323813874,3.3495626580199915,3.3924915545024645,0.4373318865496729,0.4781119697435717,0.4041450777202068,-0.022630036063800898,-0.003069754772990989,-0.5330123442498375,0.7427884615384616
944,944,2016-05-16,31.47,31.55,30.5,30.73,7989978,M,-0.0,0.4563668984392249,1.5056207068655485,0.3256015003367609,0.3501741925111141,0.39615632263767575,0.01709681804845209,-0.30601951570711383,-256443.8189932397,32.380251574595874,36.78450957080036,4239815.520000004,-16.95451951277757,32.306000000000054,37.999500000000026,-2.5462525240535285,-1.6411996864527008,-0.9050528376008278,0.2857142857142857,-0.4899999999999984,25.517077659206358,-10821996.0,-2925434.1,30.926666666666666,31.35333333333333,31.97666666666667,32.403333333333336,30.30333333333333,29.876666666666665,29.25333333333333,-0.169234928359016,-0.2532199270959902,0.195818030270238,0.16147906323813874,2.629720517469853,3.763435545517592,0.3645704640489884,0.4534391744391952,0.2190476190476193,-0.0244539379547575,-0.003539058965775669,-0.5708390436775072,0.7451923076923077
945,945,2016-05-17,30.75,30.98,30.21,30.4,9046273,M,-0.0,0.4662350836552168,1.4075379459501416,0.052792894326636364,0.14057497940722202,0.4320957644780669,0.06372859906984632,-0.3379098554002568,-269320.7751229275,31.72016771639724,36.176461040247936,5653019.320000002,-19.056495879301163,30.988000000000053,37.462000000000025,-2.730446111840408,-1.8590489715302423,-0.8713971403101652,0.21428571428571427,-0.33000000000000185,25.57125554946398,-10668937.2,-3553031.35,30.53,30.85,31.300000000000004,31.62,30.08,29.76,29.31,-0.031230082855321875,-0.2649903288201161,0.1753481601536459,0.1530202110257891,0.4089865523484525,4.0467928822193375,0.3252980582837402,0.43375480037386654,0.24675324675324395,-0.02489979561766653,-0.004030753006976732,-0.6017270972299713,0.7475961538461539
946,946,2016-05-18,30.19,30.61,29.94,30.07,8340853,M,-0.0,0.4721249380863458,1.309199553156789,0.06557523790070144,0.1744198354604767,0.4614338565402336,0.09898990026617158,-0.3606645036000944,-416267.5864882199,31.170111810931488,35.594893322129096,-231577.50000000012,-21.209699018493094,30.72600000000005,36.89750000000002,-2.869965918661009,-2.061232360956396,-0.8087335577046133,0.21428571428571427,-0.3299999999999983,25.531928702737176,-5251966.4,-4143103.3,30.20666666666667,30.47333333333333,30.87666666666666,31.14333333333333,29.80333333333333,29.53666666666667,29.133333333333336,-0.036526754245434175,-0.27629362214199754,0.1543209736826503,0.14468103290989354,0.5037161899342388,4.25643893042332,0.2815419891045827,0.4109238527902857,0.19402985074626766,-0.024353441745545025,-0.004532423548043286,-0.62771089945305,0.75
947,947,2016-05-19,30.2,30.89,30.1,30.87,14740214,M,0.0,0.4724008461027713,1.2439729460692173,0.057551163871061975,0.6201539161264755,0.4742791604936845,0.18147068413872647,-0.3699978253735614,5638089.720216664,31.070074540620993,35.14490348192632,2676152.270000014,-22.93115994177011,30.658000000000047,36.36350000000002,-2.882752480487284,-2.2255363848625733,-0.6572160956247104,0.2857142857142857,0.8000000000000007,25.394298595936107,1060661.8,-3602374.25,30.62,31.14,31.410000000000004,31.93,30.35,29.83,29.56,-0.011210762331838495,-0.246337890625,0.27972232331124985,0.1982320911160172,0.4411008954897552,4.311612563153027,0.5125891741709878,0.4646152519820488,0.9746835443037979,-0.021972046640986138,-0.005010583591987247,-0.6259911824171505,0.7524038461538461
948,948,2016-05-20,31.0,31.31,30.5,31.29,9077164,M,0.0,0.464522941105672,1.1861098865933215,0.060500534196868724,0.8330329238249681,0.4806275264883731,0.2338345925807531,-0.3711930950304575,5895284.305628503,31.14338302708066,34.777769816980964,898299.4199999991,-24.321804816034266,30.672000000000047,35.880000000000024,-2.826414288408301,-2.345711965571719,-0.4807023228365823,0.2857142857142857,0.41999999999999815,25.267011906926374,-311945.2,-2939827.6,31.03333333333333,31.566666666666666,31.84333333333333,32.376666666666665,30.756666666666664,30.22333333333333,29.946666666666665,0.018223234624145743,-0.22415075626084802,0.4507558904158141,0.2783298928325013,0.46391809622159,4.3112289126007095,0.6668289967724282,0.5132527176956927,0.9753086419753092,-0.0183692496264716,-0.005448304798998354,-0.6132190272433067,0.7548076923076923
949,949,2016-05-23,31.31,32.01,31.26,31.29,8380851,M,-0.0,0.4580962985834919,1.1279619017142115,0.07047604314880697,0.7332297537250009,0.4848118051215998,0.2590812151473558,-0.3695145339348516,265699.72853163385,31.192255351387104,34.44560126298277,-2670932.4599999883,-25.574801099667415,30.784000000000038,35.42800000000001,-2.7500648297890606,-2.426582538415188,-0.32348229137387285,0.35714285714285715,0.0,25.15596594296688,1286050.4,-2817565.25,31.52,31.78,32.27,32.529999999999994,31.03,30.770000000000003,30.280000000000005,0.029276315789473706,-0.2281697089294524,0.6465751099649693,0.396987973267422,0.5423836280732193,4.293978157962011,0.4578859978482845,0.4681810302961026,0.03999999999999697,-0.014614851879332631,-0.005842345837465543,-0.603073458055509,0.7572115384615384
950,950,2016-05-24,31.35,31.62,31.08,31.19,6214660,M,-0.0,0.4473945801876228,1.0495669814856503,0.0668385986413571,0.6199156768919777,0.4824195471777845,0.276438809717982,-0.3630289804526224,-779950.7524367622,31.1915035675914,34.13554399984155,286250.3999999939,-25.873893624658212,30.942000000000046,34.96050000000002,-2.6668843157165583,-2.474642893875462,-0.1922414218410964,0.35714285714285715,-0.09999999999999787,25.045138274100122,1852373.0,-3272125.75,31.29666666666667,31.513333333333332,31.836666666666673,32.05333333333334,30.97333333333333,30.756666666666664,30.43333333333333,0.03724642500831397,-0.2394537917581077,0.5730276037991437,0.3780956480620025,0.5170299797902186,4.216407144777237,0.3731585664667591,0.44299271347777935,0.20370370370370824,-0.011337809852082536,-0.006193085044340911,-0.5955346361068,0.7596153846153846
951,951,2016-05-25,31.33,32.0,31.19,31.81,6562722,M,0.0,0.43385130278670825,1.0176247172875637,0.04320037136172662,0.8846894715087096,0.4659536603644737,0.33263490842197857,-0.3227345996917,1143493.6377252734,31.39766904506093,33.91406361890426,-945427.0799999993,-25.853506192554683,31.29000000000004,34.50050000000002,-2.521863863771252,-2.48408708785462,-0.03777677591663142,0.42857142857142855,0.6199999999999974,24.95554131252615,4833088.0,-3075603.15,31.66666666666667,32.14333333333333,32.476666666666674,32.95333333333333,31.333333333333336,30.85666666666667,30.523333333333333,0.030450275348234458,-0.21650246305418724,0.6804559391515347,0.4440991745926031,0.3379349049771069,4.018908564851134,0.5039164105663162,0.4737012263623176,0.7654320987654302,-0.0079119171216108,-0.00648596848969924,-0.5722220683314672,0.7620192307692308
952,952,2016-05-26,32.16,32.28,31.4,31.57,5342134,M,-0.0,0.41885857180609065,0.9992747549825556,0.032496711002198926,0.6370705787458628,0.4462753271460652,0.33685668291185805,-0.29168326373496084,-325155.4792636468,31.455112696707285,33.6908194647229,-331559.87999999913,-25.71672877884965,31.43000000000004,34.04900000000002,-2.398649961377963,-2.4669996625592887,0.06834970118132587,0.5,-0.23999999999999844,24.93682229652679,816618.4,-3227834.35,31.75,32.1,32.63,32.980000000000004,31.22,30.87,30.34,0.008948545861297575,-0.2025764081838849,0.7463030547665559,0.4911292955389737,0.2553429066997784,3.798807153499096,0.4003382131048173,0.4469850922498891,0.1931818181818196,-0.005296179340186267,-0.0067295379884684675,-0.5550235618431947,0.7644230769230769
953,953,2016-05-27,31.66,32.84,31.51,32.72,10193824,M,0.0,0.4083713802501431,1.0433714543182149,0.07713719227583174,0.9103849983573992,0.4243151817315031,0.4310923746532268,-0.2509027576392209,2804831.8577907067,31.876741797804858,33.598360468082625,3304302.8200000008,-25.08926114394602,31.716000000000047,33.70550000000001,-2.1830419186324757,-2.4102081137739257,0.2271661951414501,0.5,1.1499999999999986,24.986649682439523,1039950.4,-2554493.95,32.35666666666667,33.20333333333333,33.68666666666667,34.53333333333334,31.87333333333333,31.02666666666667,30.54333333333333,0.045701502077340986,-0.18015534953645695,0.8391252617758552,0.5759295980313504,0.6116207975550707,3.5754388394627963,0.5701502874332856,0.4910602678537304,0.9097744360902222,-0.002062173328737048,-0.0069007509332241965,-0.5093853922020225,0.7668269230769231
954,954,2016-05-31,32.63,33.25,32.54,33.21,9122829,M,0.0,0.3996213697356861,0.9989219270757864,0.10443527396777806,0.8311088096824836,0.3912210237715937,0.4877060869375213,-0.18000765701204674,3747749.8496317486,32.32116119853657,33.56137375683666,6200339.800000003,-24.159867295933854,32.10000000000005,33.37050000000002,-1.9501519487477448,-2.31819688076869,0.3680449320209447,0.5714285714285714,0.490000000000002,24.997266465316237,2864516.2,-2244046.95,33.0,33.46,33.71,34.17,32.75,32.29,32.04,0.06476434754729077,-0.15902760192453788,0.8830023395135077,0.6293707853342502,0.83809307359142,3.2638102934424937,0.6946541822325195,0.5341651920420406,0.9436619718309872,0.0011725749934056778,-0.006997774054235835,-0.4596991592807248,0.7692307692307692
955,955,2016-06-01,33.05,33.39,32.72,33.03,6846798,M,-0.0,0.40035378160121976,0.9550656701323486,0.0907261045995692,0.6907868834636383,0.35449390441918555,0.4985062061551239,-0.12094666471213865,1054556.4162445338,32.557440799024384,33.510766732376034,-1037578.0600000076,-22.545594512053533,32.46800000000005,33.04750000000002,-1.7598233176557514,-2.2065221681461025,0.4466988504903511,0.6428571428571429,-0.17999999999999972,25.000781955717454,2738088.6,-2440897.35,33.04666666666667,33.37333333333333,33.71666666666667,34.04333333333334,32.70333333333333,32.376666666666665,32.03333333333333,0.03835271927066968,-0.14607032057911062,0.8964973582379301,0.6473069618642776,0.7364237910347041,2.9287843265732603,0.6173316438764068,0.527357703958435,0.4626865671641813,0.0033055218467712387,-0.007035406600974552,-0.4214149727671384,0.7716346153846154
956,956,2016-06-02,33.05,34.61,33.05,34.35,12976288,M,0.0,0.4010574714328109,1.038390247448035,0.12111703763054794,0.8440198627856489,0.3211481490042425,0.6440682363017024,-0.05484894409056812,2772049.255157296,33.15496053268293,33.59069371024498,4392943.2600000035,-20.351095630862226,32.976000000000035,32.831000000000024,-1.4853513324109568,-2.0622880009990734,0.5769366685881163,0.7142857142857143,1.3200000000000005,25.12598214660828,4020801.8,-1596927.55,34.00333333333333,34.95666666666666,35.56333333333333,36.516666666666666,33.39666666666666,32.44333333333333,31.83666666666666,0.08805828318023444,-0.0936675461741424,0.9570029090060632,0.7646192714702226,0.9984888582262388,2.6359037199895736,0.6893322070287162,0.5564982400893779,0.8333333333333348,0.005957446610076676,-0.006992614510757622,-0.3570196081931899,0.7740384615384616
957,957,2016-06-03,33.93,34.56,33.84,34.33,7624356,M,0.0,0.4022213558275833,0.995938214454964,0.09087589286206066,0.7632194816800911,0.29196537661623057,0.675960317937496,-0.003197809919483689,1346140.347879993,33.54664035512195,33.66110383307879,1010825.3999999978,-18.410874343856786,33.52800000000004,32.652500000000025,-1.254977539613343,-1.9008259087219272,0.6458483691085846,0.7142857142857143,-0.02000000000000313,25.24080437342864,3564357.4,-1719446.75,34.24333333333333,34.64666666666666,34.96333333333334,35.36666666666665,33.92666666666666,33.52333333333333,33.20666666666666,0.04920537897310512,-0.08818061088977425,0.957002909006063,0.7646192714702226,0.7617217339697934,2.383349864990369,0.6864066565376606,0.5683132225147276,0.6805555555555495,0.007798228025882974,-0.0068849867007494655,-0.3060233577821813,0.7764423076923077
958,958,2016-06-06,34.52,34.63,33.88,34.28,6255606,M,0.0,0.4034958674272575,0.9631464525276352,0.0781126250477246,0.6664566266752453,0.2604993371585433,0.7122414519178774,0.03796347644934639,-102898.54884372883,33.7910935700813,33.72004632516653,470447.74000000185,-16.455845722236973,33.84000000000005,32.484000000000016,-1.064172117454376,-1.7334951504684168,0.6693230330140407,0.7857142857142857,-0.049999999999997165,25.194839987538533,274471.4,-1818495.8,34.26333333333333,34.64666666666667,35.01333333333334,35.39666666666667,33.89666666666667,33.51333333333333,33.14666666666667,0.032219211080999705,-0.091679915209327,0.9596552255626152,0.7707305548386559,0.660832807903751,2.115515117064532,0.6353822154695509,0.5649818044974517,0.5333333333333314,0.008546226768195674,-0.006726517533305004,-0.265284222512678,0.7788461538461539
959,959,2016-06-07,34.1,34.65,33.89,34.32,5378433,M,0.0,0.4047203981798856,0.9360602588572836,0.06781382348275751,0.6116943820860162,0.22033307642317665,0.7818969606961749,0.07436519536184519,-593853.8172257624,33.96739571338753,33.777184770388764,22459.22999999553,-14.423026093027312,34.06200000000004,32.31300000000003,-0.8993624890682383,-1.5666686181883809,0.6673061291201428,0.8571428571428571,0.03999999999999915,25.19871710732357,-474407.8,-1786459.3,34.28666666666666,34.68333333333332,35.04666666666667,35.44333333333332,33.923333333333325,33.526666666666664,33.16333333333333,0.03905540417801996,-0.07218167072181675,0.960626736483891,0.7727230602735304,0.5774686138674222,1.7799056746155284,0.6121846348744379,0.5650587253723812,0.5657894736842116,0.008489712403891864,-0.006527027491862133,-0.2307480993384664,0.78125
960,960,2016-06-08,34.56,34.65,33.99,34.26,4882802,M,-0.0,0.39132595134335535,0.8992522243429787,0.0043154379238921955,0.17579406405758485,0.1842490637685795,0.8514385619065012,0.09870685772549498,-1248362.2227773736,34.064930475591694,33.82316717320889,27456.08000000429,-12.576173522187698,34.308000000000035,32.176500000000026,-0.7647753159558235,-1.4062899577418695,0.6415146417860462,0.9285714285714286,-0.060000000000002274,25.200994835921982,-81608.6,-1540021.05,34.300000000000004,34.61000000000001,34.96,35.27,33.95000000000001,33.64000000000001,33.290000000000006,-0.002620087336244641,0.09177820267686422,0.9606267364838909,0.7727230602735305,0.037013511073223385,1.4821225000874256,0.544486726279927,0.5502046476312882,0.4090909090909052,0.007819703145203872,-0.0062973289461408025,-0.20282088551879549,0.7836538461538461
961,961,2016-06-09,34.15,34.15,33.24,33.6,7187595,M,-0.0,0.3816546551736783,0.9153519277639144,0.036681435820149065,0.054656171987386745,0.18611835252026115,0.7184115964578982,0.1044141774219711,-1597649.6077839038,33.909953650394456,33.80191315671281,-1302596.639999998,-10.799778646869127,34.15800000000004,32.28750000000003,-0.7032637094893275,-1.2656847080913614,0.5624209986020339,0.8571428571428571,-0.6599999999999966,25.18749505372125,-4114385.2,-128115.45,33.66333333333333,34.086666666666666,34.57333333333333,34.99666666666666,33.17666666666667,32.75333333333334,32.26666666666667,-0.02126420040780649,0.07657801986542777,0.3468096835608866,0.5310143908449627,0.3132411211861633,1.5023240767494843,0.4948592827214168,0.5354808141049175,0.3956043956043965,0.0061129787119598225,-0.006060363620082972,-0.19004259353990444,0.7860576923076923
962,962,2016-06-10,32.95,33.29,32.63,33.24,5959154,M,0.0,0.3819358667567907,0.9226383373953924,0.05797701297017645,0.1442619126719105,0.1845377468626221,0.6423792847278713,0.1063786090355162,491005.95769273024,33.68663576692964,33.748397617978256,-1097879.0399999956,-9.563927697869476,33.94000000000004,32.389000000000024,-0.6757744028903474,-1.1477026470511589,0.4719282441608113,0.7857142857142857,-0.35999999999999943,25.118496344524498,-3781344.8,415073.2,33.05333333333333,33.47666666666667,33.71333333333333,34.13666666666666,32.81666666666667,32.39333333333334,32.15666666666667,-0.03033838973162192,0.06470211402946839,0.2007488152693955,0.4082627404745838,0.4919349550519478,1.4942482707833675,0.6379869965617541,0.572505729356109,0.9242424242424282,0.003928880956415383,-0.0058270401759224775,-0.1854195651540625,0.7884615384615384
963,963,2016-06-13,32.53,32.68,31.55,31.6,7936529,M,-0.0,0.38591298106662425,1.0249532257426734,0.13241995545012722,0.09216488074792066,0.18278924190122825,0.3636018440269942,0.08320348193955923,-2609773.318843898,32.99109051128642,33.543788321027954,-1497868.0,-8.86179611841691,33.40400000000004,32.40800000000004,-0.7773622748952462,-1.0736345726199763,0.2962722977247301,0.7142857142857143,-1.6400000000000006,25.148906174851952,-4117529.4,-778763.2,31.94333333333334,32.33666666666667,33.07333333333334,33.46666666666668,31.206666666666678,30.81333333333334,30.07666666666668,-0.07925407925407922,0.02831109664822652,0.09821785045293373,0.2751674484815319,1.1058390479640137,1.4809584378837524,0.440073926911376,0.5221954491898719,0.044247787610620135,0.00021774654875114085,-0.005635704731372046,-0.20877463017075876,0.7908653846153846
964,964,2016-06-14,31.67,31.84,30.95,31.31,6164277,M,-0.0,0.3765017512063081,1.006959462310317,0.15693932849715608,0.2101744232240049,0.17902537761429918,0.3059254281274643,0.05481557416911388,-1713878.8154221985,32.43072700752428,33.33104657616814,-395887.3900000007,-8.261635629544639,32.802000000000035,32.437000000000026,-0.8712289862962876,-1.0331534553552386,0.16192446905895094,0.7142857142857143,-0.2900000000000027,25.11754503218272,-6426071.4,-687478.15,31.366666666666664,31.78333333333333,32.25666666666666,32.67333333333333,30.89333333333333,30.476666666666667,30.00333333333333,-0.08610624635143023,0.0299342105263158,0.07029397527388857,0.2266537837549403,1.2869809633409302,1.4517615434187567,0.4282140786150744,0.5109858237453575,0.40449438202247096,-0.0033096969533409635,-0.005483117033219246,-0.23183630901486496,0.7932692307692308
965,965,2016-06-15,31.91,32.83,31.82,31.94,6757873,M,-0.0,0.3674595891836514,1.0753648673356082,0.12623524917213533,0.4025034442381632,0.16939743403053958,0.3957839368043751,0.040979957879215406,-2456213.4155648933,32.26715133834952,33.198565949866406,-400743.03999999975,-8.027071606041634,32.33800000000005,32.514000000000024,-0.8845863358407299,-1.0034400314523368,0.11885369561160684,0.7142857142857143,0.6300000000000026,25.10632953977817,-4097936.4,102729.15,32.196666666666665,32.57333333333333,33.20666666666667,33.58333333333333,31.56333333333333,31.18666666666667,30.55333333333333,-0.04940476190476191,0.06218822746923847,0.4388360140975311,0.4245065145572064,1.0205488719321294,1.3769470425172419,0.3250800128060896,0.473635924454192,0.11881188118812006,-0.005069709616763538,-0.005344331401022308,-0.2343555410119318,0.7956730769230769
966,966,2016-06-16,32.61,32.68,32.01,32.35,6282051,M,0.0,0.3556218639161253,1.0306495516908605,0.09372281211626482,0.58711909020646,0.15357781937722195,0.44452135499379797,0.02088683253984639,-867484.2491572852,32.29476755889968,33.117750145117235,122484.96000000033,-7.706847581827963,32.08800000000005,32.628000000000036,-0.8522641870696788,-0.9732048625758052,0.12094067550612643,0.7142857142857143,0.41000000000000014,24.679745305783523,-1404007.2,833874.35,32.346666666666664,32.68333333333333,33.01666666666667,33.35333333333333,32.01333333333333,31.676666666666666,31.34333333333333,-0.026774969915764155,0.047942986718496935,0.43883601409753104,0.4245065145572063,0.7518443987966774,1.2527342726600006,0.3858742373931157,0.476857520845904,0.507462686567168,-0.005218186523844296,-0.005205377244513712,-0.2260719087493211,0.7980769230769231
967,967,2016-06-17,32.32,33.42,32.32,33.23,11334969,M,0.0,0.3476018596391829,1.039896278132079,0.09325155887035264,0.8823440575663738,0.14510436192440995,0.6018606953070258,0.01137291433706013,2192150.4946590927,32.60651170593312,33.12844060748702,5904453.83999998,-7.1379341059176244,32.08600000000004,32.746000000000016,-0.7470287236499686,-0.927969634790638,0.18094091114066932,0.7142857142857143,0.8799999999999955,24.43017741292956,2054817.4,663612.1,32.99,33.660000000000004,34.09,34.760000000000005,32.56,31.89,31.46,0.05158227848101251,0.062000639181847166,0.6450028638087932,0.545816664320982,0.7480173794785347,1.187896858894183,0.5330070673529849,0.5102303976484581,0.827272727272723,-0.003667982033657461,-0.005044500810787688,-0.1977417265622483,0.8004807692307692
968,968,2016-06-20,33.6,33.77,33.16,33.21,5676855,M,-0.0,0.3368483870354375,0.982576774381136,0.1022816226124658,0.7419493885920962,0.1389295702939784,0.5806535577372374,0.004620758219665384,-626300.258932874,32.807674470622075,33.136208168678735,-520468.5599999997,-6.7427725577406274,32.40800000000005,32.842000000000034,-0.6576615802453532,-0.8739080238815811,0.21624644363622791,0.7142857142857143,-0.019999999999996017,24.099086846796087,2506752.2,-74088.85,33.38,33.60000000000001,33.99000000000001,34.21000000000001,32.99,32.77,32.379999999999995,0.06068348770360914,0.06136145733461176,0.7144655942150757,0.5936907436589759,0.828685706406199,1.1406812368987105,0.3826604492735766,0.4694434276928678,0.08196721311476021,-0.0018889686962578825,-0.004867361724426392,-0.17562826016780653,0.8028846153846154
969,969,2016-06-21,33.39,33.42,32.92,33.04,4177622,M,-0.0,0.3241928241043657,0.9182332044636512,0.07073939237465071,0.6234355803762152,0.13130088266323545,0.5255569778135294,-0.00993444583466513,-903411.1277944441,32.88511631374806,33.12704548594743,1359895.9299999836,-6.446685545347098,32.75400000000004,32.92950000000003,-0.5937111222474911,-0.8178686435547632,0.22415752130727207,0.6428571428571429,-0.1700000000000017,23.830701097571332,2904083.2,-282969.95,33.126666666666665,33.33333333333333,33.626666666666665,33.83333333333333,32.83333333333333,32.626666666666665,32.33333333333333,0.03443957420162798,0.05931388265469695,0.6014807992191943,0.5469683285189357,0.5792495144598281,1.0809181039147542,0.3351069661823827,0.44759167267449895,0.2399999999999949,-0.0006219049574232304,-0.004682372549723058,-0.1606802109434642,0.8052884615384616
970,970,2016-06-22,33.2,33.55,32.74,32.81,3989214,M,-0.0,0.32105433447316273,0.9038021105351638,0.0442717180758444,0.4190549532882408,0.12135358228604105,0.4499493555883553,-0.023873556144447677,-1293350.8114181005,32.860077542498715,33.09685067776196,675056.3999999976,-6.600186165019783,32.92800000000004,33.01050000000002,-0.5551891266964829,-0.7653327401831073,0.21014361348662425,0.5714285714285714,-0.2299999999999969,23.702166821564013,754665.8,-171697.65,33.03333333333333,33.32666666666666,33.84333333333333,34.136666666666656,32.516666666666666,32.223333333333336,31.70666666666667,0.014219474497681631,0.03143665513989323,0.5158294658697355,0.5113023053386474,0.3644447832003516,1.00148560701334,0.2522112284837286,0.4131943469994439,0.08641975308642062,-7.288849386542647e-05,-0.004497691532668904,-0.15254417802702822,0.8076923076923077
971,971,2016-06-23,33.5,34.41,33.27,33.38,11227454,M,-0.0,0.3128467333215885,0.9966284957971412,0.026263607274063017,0.7826876682233016,0.1164416132985476,0.575526808395349,-0.025496908623076683,-3168349.9218890793,33.033385028332475,33.123817279879866,2396942.880000024,-6.053981381159032,33.134000000000036,33.089000000000034,-0.4732110489662489,-0.7069084019397357,0.2336973529734868,0.5714285714285714,0.5700000000000003,23.744310182383963,1743746.4,61538.95,33.68666666666667,34.10333333333333,34.82666666666666,35.24333333333333,32.96333333333334,32.546666666666674,31.823333333333345,0.004513993379476547,0.05733291099144765,0.7520257127418144,0.6428138174295314,0.21755459085470127,0.9632341356089112,0.20030456167921093,0.3830321451966564,0.09649122807017547,0.0007665312999877735,-0.004300163003194516,-0.13199495950742846,0.8100961538461539
972,972,2016-06-24,32.4,32.49,31.99,32.08,12607201,M,-0.0,0.3130347360661741,1.0490780296908562,0.061583590625483874,0.09335680553649676,0.11197183838607397,0.22100046182142688,-0.039073066849088206,-3331681.1116309236,32.715590018888314,33.02440611036749,-6291130.510000033,-5.511239143820983,32.90400000000005,33.114500000000035,-0.5072941954856773,-0.6669855606489241,0.15969136516324678,0.5,-1.3000000000000045,23.75660197823893,-3044687.6,-301714.4,32.18666666666667,32.38333333333334,32.68666666666668,32.88333333333334,31.88333333333333,31.686666666666664,31.38333333333333,-0.034025895814513776,-0.01955990220048901,0.3729331862206109,0.4362929754094034,0.5065866164852311,0.9269728605589124,0.1935363744528068,0.3636957504160223,0.17999999999999844,-2.2165515584002648e-05,-0.004125987446247688,-0.13940110429906674,0.8125
973,973,2016-06-27,31.87,31.89,30.82,31.71,8272284,M,0.0,0.3051427547349573,1.0772009590654086,0.08474370918526801,0.1764367675642381,0.11805229889901922,0.15311236191370967,-0.04486883841454674,1218193.502441995,32.38039334592554,32.899224576046784,4935133.900000005,-5.172145070191716,32.60400000000005,33.064000000000036,-0.5577320544910904,-0.6451348594173574,0.08740280492626695,0.42857142857142855,-0.36999999999999744,23.857654521216308,-3563773.4,-1225019.8,31.47333333333333,32.126666666666665,32.54333333333333,33.196666666666665,31.056666666666665,30.40333333333333,29.986666666666665,-0.040254237288135535,-0.04516711833785005,0.2266954891766847,0.3238852013253483,0.6907459735691206,0.9758203026992938,0.40628281661339777,0.4082747933225516,0.8317757009345798,-0.0015047118214321106,-0.003979343398763154,-0.1518983444792508,0.8149038461538461
974,974,2016-06-28,32.02,32.7,31.82,32.43,5871006,M,0.0,0.2969228282828981,1.0655741645233543,0.07967118529597161,0.4799063282544952,0.11933017035779793,0.3490184502716969,-0.03653816043081787,1943979.3023811963,32.39692889728369,32.85453652118518,-2357668.25000001,-4.751758933995527,32.48200000000005,33.02500000000002,-0.5334570773073963,-0.6227993029953652,0.0893422256879689,0.42857142857142855,0.7199999999999989,23.98569243532195,-1554047.8,-1387610.95,32.31666666666667,32.81333333333334,33.19666666666668,33.69333333333334,31.933333333333334,31.43666666666667,31.05333333333333,-0.011581834806461522,-0.018165304268846542,0.4396599605698716,0.4415960371043344,0.6469698601959385,0.9852197190165698,0.5019158171362037,0.4354087956901006,0.6931818181818156,-0.0019433778506131067,-0.003836001082575093,-0.14438614383636486,0.8173076923076923
975,975,2016-06-29,32.74,33.73,32.67,33.32,6855854,M,0.0,0.2888465032657612,1.0968309425869067,0.09139040654982493,0.7471569390368725,0.11954524068851227,0.5710177826601768,-0.021601631236129883,1836324.430340398,32.7046192648558,32.898866376310394,-2280452.3,-3.9495058938929466,32.58400000000005,33.039500000000025,-0.4373617866101185,-0.5857117997183159,0.1483500131081974,0.5,0.8900000000000006,24.19525397601192,614965.8,-702478.35,33.24,33.81,34.3,34.87,32.75000000000001,32.18000000000001,31.69000000000001,-0.0017974835230677734,-0.02998544395924312,0.6240014308098603,0.5573972234310672,0.7444662517548748,0.9874287449320258,0.53901306048074,0.4523420101167399,0.6132075471698127,-0.0008799283933555168,-0.003673470019899636,-0.11753124935982966,0.8197115384615384
976,976,2016-06-30,33.45,33.69,32.65,33.61,6587925,M,0.0,0.2838496586631521,1.0892534835753191,0.0993140430635686,0.8024115259247494,0.11500329075196088,0.6600623448796632,0.0009725908613344037,2905113.6129809795,33.0064128432372,32.966593388090374,845964.4199999998,-3.2080501233681433,32.63000000000005,33.002500000000026,-0.3339553704044533,-0.5353605138555434,0.20140514345109006,0.5714285714285714,0.28999999999999915,24.40391913001142,-312940.0,-1021896.5,33.31666666666667,33.98333333333334,34.35666666666666,35.02333333333334,32.94333333333334,32.27666666666667,31.903333333333343,0.04769326683291775,-0.02097290999126125,0.6184703363972067,0.5547571811174664,0.8101543062910619,0.948849025760398,0.6670343480128015,0.4971739065891385,0.9230769230769248,0.0007179827386814872,-0.003490233515585721,-0.08997584471931444,0.8221153846153846
977,977,2016-07-01,33.62,34.04,33.39,33.6,5157603,M,-0.0,0.2745143850237095,1.030686352431943,0.10164777570103577,0.6989444684624335,0.11020669185550627,0.6745078779717592,0.01611831780007851,723891.0214825278,33.2042752288248,33.026917827319856,-475510.280000002,-2.2960159569232155,32.934000000000054,32.96600000000002,-0.24993090904212775,-0.4782745928928603,0.2283436838507325,0.6428571428571429,-0.009999999999998009,24.52014997101841,1176979.6,-898558.85,33.67666666666667,33.96333333333334,34.32666666666667,34.61333333333334,33.31333333333334,33.02666666666667,32.66333333333334,0.05960264900662252,-0.019836639439906642,0.6865425877818259,0.5944805848507907,0.8369169612344791,0.9082684509271556,0.552381873034176,0.4805932414927373,0.3230769230769251,0.0020200080992882944,-0.003293253214396009,-0.06830188223570545,0.8245192307692308
978,978,2016-07-05,33.33,33.49,32.54,33.1,4905307,M,0.0,0.26393805183671953,1.0345948387743509,0.05852983864803811,0.4423836600408894,0.10395299098208936,0.5564198631280214,0.0191887765793428,625742.975050166,33.16951681921653,33.03387803424177,858135.1799999967,-1.3498669205979557,33.21200000000005,32.907000000000025,-0.2211376027435321,-0.42684719486299466,0.20570959211946252,0.6428571428571429,-0.5,24.551531053024178,1850375.0,-831043.9,33.04333333333333,33.54666666666666,33.99333333333333,34.49666666666666,32.59666666666666,32.09333333333333,31.64666666666665,0.020659882824545228,-0.03554778554778552,0.4273195914108722,0.4732878835776352,0.4859732502946611,0.8551952685619043,0.5647458100929597,0.4909628074658602,0.5894736842105269,0.0022518284776351424,-0.003100517800964545,-0.060618360128880784,0.8269230769230769
979,979,2016-07-06,32.93,33.7,32.67,33.61,5912604,M,0.0,0.2582757869403872,1.0339821936044375,0.027601404718879605,0.6754743631153296,0.09817883712531922,0.7288300700136909,0.02591823744561581,1801923.5644039968,33.316344546144364,33.088746792885416,7550.009999998499,-0.3251381416604632,33.44800000000005,32.871500000000026,-0.15537489720765765,-0.3725527353319272,0.2171778381242696,0.6428571428571429,0.509999999999998,24.64453958503909,1858694.6,-804335.35,33.32666666666667,33.98333333333333,34.35666666666667,35.01333333333333,32.95333333333333,32.29666666666667,31.92333333333333,0.008703481392556995,-0.018972562755399842,0.493470955129094,0.5028783945503695,0.2308029462592716,0.8068214111412333,0.6807043264697391,0.5311207647760924,0.9126213592232978,0.002598459910397705,-0.0029002998919368216,-0.043139658059612805,0.8293269230769231
980,980,2016-07-07,33.58,34.19,33.41,33.61,4533729,M,-0.0,0.2569621597683076,1.000117901123846,0.027099886902262862,0.6145363335596632,0.09253142863078316,0.7537319673761579,0.02771824154887469,-136018.8899435567,33.41422969742957,33.138389955467765,-189504.77999999927,0.5793331795838532,33.50600000000005,32.839000000000034,-0.1020807558652308,-0.31845833943858803,0.2163775835733572,0.6428571428571429,0.0,24.73599226301853,487523.8,-560195.25,33.736666666666665,34.06333333333333,34.516666666666666,34.84333333333333,33.28333333333333,32.95666666666666,32.50333333333333,0.0,0.0002976190476189884,0.6322407396100066,0.5695617526863239,0.22700220263680526,0.7596598962015727,0.539272969783246,0.5049578592174416,0.2564102564102597,0.0027899503724771644,-0.0026969477050947845,-0.029017670031610862,0.8317307692307692
981,981,2016-07-08,33.95,34.69,33.94,34.36,8148893,M,0.0,0.2571379199113644,1.0107688476406664,0.05355223485525715,0.8906002891982615,0.09935269667429254,0.9540140679193074,0.03431256519498065,97472.20984619623,33.72948646495305,33.254733769232736,1677216.75,1.7027673809007726,33.656000000000056,32.877000000000024,0.0006662865639199822,-0.2546334142380864,0.2552997008020064,0.6428571428571429,0.75,24.66532872173235,799717.4,206629.15,34.33,34.72,35.08,35.47,33.97,33.58,33.22,0.02261904761904756,0.033694344163658164,0.7356863578789697,0.6294956746349759,0.4505885040721343,0.8166046521401795,0.5461819798554981,0.5101999678633998,0.5600000000000023,0.0036217181021301202,-0.002475056528944689,-0.0010519278242193113,0.8341346153846154
982,982,2016-07-11,34.51,34.87,34.43,34.86,6507199,M,0.0,0.26329677635535353,0.943999667955244,0.08217685921812055,0.8416529974451658,0.11254840135433268,1.0127555060238924,0.053845389682697836,1849350.6620882237,34.1063243099687,33.40761626740105,2466837.5,3.1418718018496934,33.90800000000006,32.958000000000034,0.12104455300767825,-0.17949782078893342,0.30054237379661164,0.6428571428571429,0.5,24.57715394872437,3132677.8,829946.8,34.72,35.01,35.160000000000004,35.45,34.57,34.28,34.13,0.0531722054380664,0.10316455696202526,0.7685050017165149,0.6502168279198813,0.6966132355920092,0.9273425529590248,0.6898788956612426,0.5546830878071457,0.9772727272727316,0.004842910850016196,-0.002230020131227954,0.03216636349926591,0.8365384615384616
983,983,2016-07-12,34.98,35.73,34.97,35.65,7640158,M,0.0,0.267571498839657,0.9341330455612112,0.10102101180883924,0.8543344378428313,0.12657928251440226,1.0931006918905206,0.08238440989225305,2340723.841386686,34.62088287331247,33.621176622886665,-656268.1499999996,4.783006550116348,34.41800000000005,33.160500000000035,0.27699852753760723,-0.08819855112362528,0.3651970786612325,0.7142857142857143,0.7899999999999991,24.535266307541146,5641770.8,1608781.15,35.45,35.92999999999999,36.21,36.68999999999999,35.169999999999995,34.69,34.41,0.06069622136268965,0.13861386138613865,0.8735365884994535,0.7341647311736065,0.8692352961091585,1.0493580744547095,0.7581648778092501,0.5870691596450619,0.8947368421052652,0.0065468540467892465,-0.001951822574137738,0.07504409124801961,0.8389423076923077
984,984,2016-07-13,35.56,35.83,34.86,35.08,5755651,M,-0.0,0.2676563379869677,0.9389153061530496,0.08880267489290747,0.6193829026050338,0.12450131401430935,0.916908084680787,0.09152236477333954,-590862.3639930843,34.77392191554164,33.760112182611735,-165340.55999999915,5.997537773329762,34.71200000000006,33.34900000000003,0.3505579260720211,-0.00044725568449598417,0.3510051817565171,0.7142857142857143,-0.5700000000000003,24.56479090927813,3308119.8,1629212.45,35.25666666666667,35.653333333333336,36.22666666666667,36.623333333333335,34.68333333333334,34.28666666666667,33.71333333333334,0.04373698304076165,0.09830932999373816,0.8078982957862767,0.7084623923844794,0.7706296127206523,1.0379985802658016,0.5810446264432798,0.5527582038418501,0.2268041237113393,0.007051571572356572,-0.001668588221135938,0.09569129035736362,0.8413461538461539
985,985,2016-07-14,35.53,35.62,34.6,34.83,6540684,M,-0.0,0.2656795165358123,0.9497265986659758,0.05359043471473835,0.4327392765125896,0.12332816214563225,0.82355355109772,0.09870762922743244,-1878381.2646103231,34.79261461036109,33.86200626045824,901568.6800000005,6.406281404624335,34.95600000000005,33.493500000000026,0.3842519514072791,0.07649258573385906,0.30775936567342,0.6428571428571429,-0.25,24.66728957224249,1999983.0,964284.6,35.016666666666666,35.43333333333333,36.036666666666655,36.45333333333333,34.41333333333333,33.99666666666667,33.39333333333334,0.0136786961583236,0.07666151468315291,0.6470184802311106,0.6453511744829724,0.4683268089720992,1.0326729497061842,0.4625264829883296,0.5215898221500956,0.2254901960784292,0.00652724506536289,-0.0013936290242792973,0.1061474125107428,0.84375
986,986,2016-07-15,34.94,35.18,34.47,34.68,5885234,M,-0.0,0.2656818648641004,0.9177630521771792,0.043411283127608925,0.2763545059117462,0.12238019247222955,0.7601382014736394,0.10357843641291012,-1856606.5839835028,34.75507640690739,33.939910426128876,-51833.199999999815,6.674060428208637,35.02000000000005,33.610000000000035,0.3943056527222879,0.14005519913154485,0.25425045359074305,0.6428571428571429,-0.14999999999999858,24.70893838164837,-806842.4,355920.35,34.77666666666667,35.08333333333334,35.48666666666668,35.793333333333344,34.37333333333334,34.06666666666667,33.66333333333334,-0.005163511187607565,0.0436352693349384,0.5678621214588598,0.6130790958173391,0.3800657837822167,1.0282995672479096,0.4069425379546613,0.5000836150774508,0.2957746478873248,0.00543188757286006,-0.001134397521576765,0.11092582617906294,0.8461538461538461
987,987,2016-07-18,34.59,35.36,34.54,35.25,5467732,M,0.0,0.2656841211010831,0.9047279785535554,0.04319770433038846,0.6002537325285822,0.12892686538831036,0.8540980706879818,0.10948484153715797,358913.310643366,34.920050937938264,34.064680861735646,-450639.8400000018,7.1616399489643285,35.098000000000056,33.711000000000034,0.4431590579950466,0.20067597090424524,0.24248308709080135,0.7142857142857143,0.5700000000000003,24.776421045403318,-1014735.8,62558.5,35.050000000000004,35.56000000000001,35.87,36.38000000000001,34.74000000000001,34.230000000000004,33.92000000000001,-0.011220196353436143,0.061427280939476026,0.6506993723390249,0.6423458103521597,0.3790382566469941,1.0865633897763336,0.5599129114819696,0.5349188573116541,0.8658536585365861,0.0048733823393802885,-0.0008779328413394678,0.1259064476478499,0.8485576923076923
988,988,2016-07-19,35.09,35.15,34.75,34.87,3289310,M,-0.0,0.2683231691179606,0.8507642480797478,0.025615393253677576,0.41955784262716495,0.13131797095867245,0.7424646935994008,0.1077590390185236,-458980.87822077295,34.90336729195884,34.141377922522736,-493225.55999999406,7.295100795152483,34.94200000000005,33.794000000000025,0.4460708819780308,0.2497549531190024,0.19631592885902846,0.6428571428571429,-0.38000000000000256,24.688746633464927,-3200629.4,181935.75,34.92333333333334,35.09666666666668,35.323333333333345,35.49666666666668,34.69666666666668,34.52333333333334,34.29666666666668,-0.005986316989737767,0.05538740920096847,0.6506993723390249,0.6423458103521597,0.2237632677675008,1.1094398776443448,0.4732752743213113,0.5125456328057818,0.29999999999999466,0.004022842305390734,-0.0006389972817054798,0.1284701058495297,0.8509615384615384
989,989,2016-07-20,35.14,35.37,34.81,35.3,3011896,M,0.0,0.2744374111020672,0.8119956816691143,0.031296341049763886,0.7867753314864389,0.13486083905661475,0.8046322602437835,0.1064510879140764,385538.94253670255,35.03557819463922,34.251722882282465,-122791.79999999303,7.370467106061485,34.986000000000054,33.907000000000025,0.4775707910019804,0.29531812069559804,0.1822526703063824,0.6428571428571429,0.4299999999999997,24.5775423447086,-1447120.0,541411.65,35.160000000000004,35.51000000000001,35.72,36.07,34.95000000000001,34.60000000000001,34.39000000000001,0.013494114269308036,0.07589149649497089,0.7606231659163264,0.6832460061446829,0.2737334469917602,1.14318161747316,0.6071835162142071,0.5470650963480881,0.8749999999999984,0.003621729402605908,-0.0004076643999133473,0.13890182158436842,0.8533653846153846
990,990,2016-07-21,35.28,35.7,35.25,35.49,3675356,M,0.0,0.2719128736601806,0.7637295907798994,0.03787467122864315,0.7796818564914731,0.13685792146361575,0.8110255996364308,0.1074937507320034,55189.51685839961,35.18705212975948,34.36965403635081,239348.52000000176,7.237842634719793,35.11800000000005,34.04100000000002,0.5119644998839732,0.3386473965332731,0.1733171033507001,0.6428571428571429,0.19000000000000486,24.40828910710607,596088.0,924640.15,35.48,35.709999999999994,35.93000000000001,36.16,35.25999999999999,35.029999999999994,34.80999999999999,0.023356401384083108,0.0632115038945476,0.8558720433758423,0.7366360547044556,0.33252067605187297,1.1646951261357366,0.5825667885872495,0.545757309394302,0.5333333333333344,0.00352378476714288,-0.0001827108417508205,0.15103828761395965,0.8557692307692308
991,991,2016-07-22,35.5,35.65,34.88,35.28,3513669,M,0.0,0.2784637806345064,0.7645656453425791,0.0256777193949596,0.5464174833790976,0.13888549425721886,0.7412995466198706,0.10479240465891727,-119374.87561971432,35.218034753172994,34.45635365193645,-10035.459999998004,7.0498116966949445,35.23800000000005,34.13600000000002,0.5163246478697658,0.3741828468005717,0.14214180106919416,0.5714285714285714,-0.21000000000000085,24.33786711128417,1070401.0,187584.0,35.27,35.66000000000001,36.04,36.43,34.89000000000001,34.50000000000001,34.12000000000001,0.0008510638297872662,0.0997506234413966,0.5268240905412921,0.6021489608598402,0.2262078690098969,1.1852488079911063,0.5615380322183398,0.5432547579739418,0.5194805194805203,0.0031828404379817933,2.6494636519812946e-05,0.15537225496830687,0.8581730769230769
992,992,2016-07-25,35.41,36.52,35.36,36.46,6423175,M,0.0,0.2904119708942715,0.8279568926302354,0.0668166267822073,0.9133880497962016,0.1385538550795492,0.9422252471594702,0.10950179814508114,1608823.1789315315,35.63202316878199,34.64717711365679,2665384.429999997,7.174504187906625,35.48000000000005,34.35500000000002,0.6079877307888992,0.4209438235982372,0.187043907190662,0.6428571428571429,1.1799999999999995,24.34101071065709,1261489.6,1139102.8,36.113333333333344,36.86666666666667,37.27333333333335,38.02666666666668,35.70666666666667,34.95333333333333,34.54666666666667,0.04559793518784065,0.14979501734468625,0.7911474912611295,0.7360568631677281,0.5926634795581797,1.1900044228144788,0.6904506421685478,0.5818281964591819,0.9482758620689636,0.003995624130184334,0.0002487370237913855,0.18173601323397376,0.8605769230769231
993,993,2016-07-26,37.04,37.42,36.62,36.82,8192603,M,-0.0,0.2854869001984079,0.8455626402795374,0.08018144638877156,0.8303074296247754,0.13172069394548405,0.9846543582576898,0.11292444645160718,-966128.3988743321,36.028015445854656,34.85411262664186,7205558.359999997,7.673260389883406,35.87000000000005,34.610500000000016,0.7015928501040136,0.4770736288993925,0.22451922120462114,0.6428571428571429,0.35999999999999943,24.402952865068112,3557872.2,1962347.15,36.95333333333333,37.286666666666655,37.753333333333345,38.08666666666666,36.48666666666665,36.15333333333332,35.68666666666665,0.043059490084985934,0.1353684859697811,0.8845499614973128,0.8130039355030485,0.7190271204913099,1.1397297694500446,0.5436337614456993,0.5502255110821174,0.2500000000000022,0.005160326542338475,0.0004838172403557048,0.20932371258391327,0.8629807692307692
994,994,2016-07-27,36.95,37.0,35.53,35.7,5423122,M,-0.0,0.2757487598265049,0.9288209549089324,0.07338473412129977,0.4052377445528417,0.1197113111827604,0.7224442321853252,0.10269686057150816,-1954753.7689015819,35.91867696390311,34.934673328866445,760040.2799999979,7.908866595069232,35.950000000000045,34.77400000000002,0.6775901048368951,0.5171769240868931,0.160413180750002,0.5714285714285714,-1.1199999999999974,24.657278286355513,1870868.6,1397640.75,36.07666666666667,36.623333333333335,37.54666666666667,38.09333333333333,35.153333333333336,34.60666666666667,33.68333333333334,0.005917159763313633,0.07142857142857151,0.5030763048286826,0.5736411305395069,0.6595452979151826,1.0407102837673279,0.40097126046493375,0.5088370108365254,0.1156462585034026,0.004739716472122456,0.0006931919735930348,0.2001750233827748,0.8653846153846154
995,995,2016-07-28,35.58,35.88,34.78,35.87,5052688,M,0.0,0.2659630621194654,0.9516448275877416,0.0681263155145178,0.4364385710623219,0.11563051018506965,0.7399844436820964,0.09472149531817092,723391.0976363509,35.90245130926874,35.02375205945059,2982919.250000009,8.13415462499912,36.026000000000046,34.90150000000002,0.6646239641878751,0.5466663321070895,0.11795763208078558,0.5,0.1699999999999946,24.886318169454004,2146335.0,1307482.45,35.51,36.24,36.61,37.34,35.13999999999999,34.41,34.03999999999999,0.01672335600907019,0.06724189229396008,0.3554212364801148,0.4628325596888368,0.6135796606815053,1.0089195628060526,0.597617203946318,0.5547486375101026,0.9909090909090864,0.003967808619929698,0.0008817639273431727,0.1961343020220643,0.8677884615384616
996,996,2016-07-29,35.83,35.92,35.0,35.83,6623028,M,0.0,0.2558388926379078,0.9474255172427096,0.053297241440058415,0.3411172977779103,0.11208442119112412,0.7083144450445729,0.08444657095336834,1869813.925035359,35.87830087284583,35.10053757759814,155987.77999999456,8.036758535022754,36.13600000000004,35.012500000000024,0.6437003615234005,0.5660731379903517,0.07762722353304874,0.5,-0.03999999999999915,24.991831431442733,1524463.2,646934.8,35.583333333333336,36.16666666666667,36.50333333333333,37.08666666666667,35.24666666666667,34.66333333333333,34.32666666666667,-0.01727921009325295,0.06636904761904752,0.3692442420813373,0.4692941047538437,0.4814872791694883,0.981088949238559,0.6991361069787035,0.5878367589894714,0.9021739130434748,0.003105486559411823,0.0010481743348259894,0.19184020190658907,0.8701923076923077
997,997,2016-08-01,35.92,35.98,35.22,35.32,4821340,M,-0.0,0.26554138862543164,0.9224354482770148,0.06172874810525415,0.2347235847025916,0.10536176415227633,0.5598965958295625,0.07069761636802241,-656563.9763917668,35.69220058189722,35.121438760684036,127241.39999999935,7.715954622999988,35.90800000000004,35.098500000000016,0.5792878481934096,0.5687160800309633,0.010571768162446316,0.42857142857142855,-0.509999999999998,25.10821601973569,-724439.8,663747.95,35.50666666666665,35.79333333333332,36.26666666666665,36.55333333333332,35.033333333333324,34.74666666666666,34.27333333333333,-0.040738728951656714,0.0670694864048338,0.39642592626899065,0.4803745955847382,0.5541389717408671,0.9245099697746684,0.5099503871086101,0.544383634073181,0.13157894736842327,0.0017952435105875483,0.0011798846140736318,0.17452019853327144,0.8725961538461539
998,998,2016-08-02,34.97,34.97,32.33,32.76,13392612,M,-0.0,0.2788974976040219,1.1981107218400795,0.15087688518224268,0.05884367780561218,0.11007669268602634,-0.10116703919538662,0.03603586939232119,-3373172.1228582086,34.71480038793148,34.89653983109508,-20782622.880000006,6.778170034491883,35.09600000000004,35.08150000000002,0.31800410871043994,0.5185736857668586,-0.20056957705641865,0.42857142857142855,-2.5600000000000023,25.437509285401926,-5041482.8,239382.7,33.35333333333333,34.376666666666665,35.99333333333333,37.016666666666666,31.736666666666665,30.71333333333333,29.096666666666664,-0.08235294117647071,-0.025290092234454074,0.10149254853023072,0.2194986051089968,1.3237937905889987,0.9654138736162088,0.39425985403200253,0.5080498391975246,0.16287878787878773,-0.002032800214352405,0.0012163152177545099,0.0955199817792262,0.875
999,999,2016-08-03,31.92,33.51,31.02,33.43,10820139,M,0.0,0.28656228953160456,1.3703626255947357,0.16722642787477296,0.2907840698468762,0.1118339224866552,0.0812400911170517,0.013298741585405293,1916828.984819996,34.286533591954324,34.75686937099079,-11337730.110000005,6.0388376195032825,34.64200000000004,35.07250000000002,0.1631179412099968,0.4474825368554862,-0.28436459564548944,0.42857142857142855,0.6700000000000017,25.852473222677087,-1792830.6,484759.45,32.653333333333336,34.286666666666676,35.14333333333333,36.77666666666667,31.796666666666674,30.163333333333334,29.30666666666668,-0.06802341789796483,-0.005355548943766728,0.06894256359077874,0.1700322861686303,1.4482644786094727,0.9805738116033041,0.5854637313359271,0.5518423769828817,0.9678714859437758,-0.004852563747215667,0.0011974763674990807,0.050534342227064634,0.8774038461538461
1000,1000,2016-08-04,33.46,34.0,33.14,33.69,4681659,M,0.0,0.29026456999342404,1.302314275515437,0.1528915067474318,0.4013347888632722,0.11112145107400033,0.1442821016061189,-0.006387180776652074,1100821.4961560653,34.087689061302875,34.65526276422977,-8101186.289999997,5.707417447401407,34.20600000000004,35.07650000000002,0.06065022660184384,0.3701160748047577,-0.3094658482029139,0.5,0.259999999999998,26.032809817316352,-1867036.4,718842.4,33.61,34.08,34.47,34.94,33.22,32.75,32.36,-0.05972648618476139,-0.0194994179278231,0.2028248726062453,0.24522421707022604,1.3074517199506646,0.9744378946492936,0.6034874487975939,0.5601940442912671,0.6395348837209274,-0.006216439679083019,0.001143924118017628,0.022052789443972248,0.8798076923076923
1001,1001,2016-08-05,33.97,34.35,33.74,34.11,5181782,M,0.0,0.2855774438221271,1.2166723721133796,0.11234259959974363,0.5651920452512346,0.1124403150173734,0.258028139703079,-0.0152183305930748,602590.7037995632,34.095126040868585,34.60333297716027,-3834082.759999998,5.012470060620611,33.862000000000045,35.06400000000001,0.01318235644899346,0.2987293311336049,-0.28554697468461143,0.5,0.4200000000000017,26.03922890085127,493925.6,570486.85,34.06666666666667,34.39333333333334,34.67666666666667,35.00333333333334,33.78333333333334,33.45666666666667,33.17333333333334,-0.034258210645526636,-0.021514629948364887,0.3030442955395237,0.2988465547111245,0.9510362769116308,0.9856518014422956,0.6045107582147882,0.5646095997920203,0.6065573770491767,-0.006136161882137844,0.001075814038474068,0.008695383821761233,0.8822115384615384
1002,1002,2016-08-08,34.71,35.21,34.6,34.75,8447720,M,-0.0,0.2871722366614842,1.201116055831596,0.08821358537118601,0.8365768232838751,0.11262955377709875,0.4218715021647986,-0.023811624967818863,-1373372.167189457,34.31341736057906,34.61730126504976,3992024.6600000085,4.4674539138720935,33.748000000000054,35.058500000000016,0.026896334460879245,0.24436273179905976,-0.21746639733818046,0.5714285714285714,0.6400000000000006,26.00844195739008,3147737.6,667512.9,34.85333333333333,35.10666666666666,35.46333333333333,35.716666666666654,34.49666666666666,34.24333333333333,33.88666666666666,0.060744810744810813,-0.025245441795231374,0.5134589856014177,0.41875919263228056,0.7442580197766974,0.9871558027736048,0.4849743852579455,0.5342564607017575,0.24590163934426015,-0.004740600207833981,0.0010139987625520698,0.011153946167321113,0.8846153846153846
1003,1003,2016-08-09,34.5,34.54,33.47,33.78,8427636,M,-0.0,0.2863285669945429,1.2116339150540498,0.059855692168037676,0.4153635132880017,0.11626617486603005,0.20850478283915372,-0.043254313274182,-1818623.373507364,34.13561157371937,34.53755828742598,-1071131.8199999945,3.8542717442587517,33.952000000000055,34.96500000000002,-0.040044524184637,0.1874812806023204,-0.2275258047869574,0.5,-0.9699999999999988,25.964215974488923,4140732.8,-135876.8,33.93,34.39,35.0,35.46,33.32,32.86,32.25,0.010469638049656041,-0.03705815279361452,0.3301211074031059,0.33088527564709314,0.5080551151223045,1.0163117010476854,0.4198894655613725,0.5109672383652307,0.28971962616822633,-0.00416192080158012,0.0009329969200262166,-0.006269828610339599,0.8870192307692308
1004,1004,2016-08-10,33.99,34.79,33.9,34.0,10848207,M,-0.0,0.29155539244085565,1.184749393046843,0.0490258254150519,0.4604817340941994,0.118969170571202,0.2806580732213837,-0.05064447936203431,-3383738.7166243517,34.09040771581292,34.48636226005208,-1800365.25,3.3031939913016064,34.066000000000045,34.911000000000016,-0.0744848604546604,0.13508805239092425,-0.20957291284558466,0.5,0.21999999999999886,25.87264298432437,4146346.4,694316.1,34.23,34.559999999999995,35.12,35.45,33.669999999999995,33.34,32.779999999999994,0.009201543484713632,-0.02383003158196952,0.3968288997620524,0.3656878138619908,0.4175284421472901,1.0383331784528087,0.31737949389484804,0.4730046014315706,0.11235955056179928,-0.0035916368540162727,0.0008446804641103193,-0.015362700730816069,0.8894230769230769
1005,1005,2016-08-11,38.9,40.39,38.4,39.81,40540673,M,0.0,0.2965772443402542,1.878782807307264,0.2893036260828814,0.9427238305143666,0.17162009082382668,1.2706123396865203,-0.004759554601087955,4339750.3954805285,35.99693847720861,34.99337537814235,193641613.11000004,4.307629326316458,35.29000000000005,35.16000000000001,0.3628565838973614,0.18064175869221166,0.1822148252051497,0.5714285714285714,5.810000000000002,25.956787570694534,11318149.2,3048383.95,39.53333333333333,40.66666666666666,41.52333333333333,42.656666666666666,38.676666666666655,37.54333333333333,36.68666666666665,0.16710642040457352,0.14792387543252605,0.8537017778057364,0.7331370326373274,2.5523812411162248,1.5085405983414368,0.44776723378584543,0.4954368025874058,0.7085427135678404,0.0031970919582212346,0.0008992263969093248,0.08205787836555535,0.8918269230769231
1006,1006,2016-08-12,39.23,39.92,38.94,39.82,15747658,M,0.0,0.3032340479964709,1.758945099666296,0.3413604309792829,0.7724251572314422,0.20631192760321748,1.1025770365517384,0.0311670288004938,5712767.919583147,37.271292318139075,35.45305391355737,28514804.82,5.259188359317681,36.432000000000045,35.417000000000016,0.7021656176899995,0.2849465304917693,0.4172190871982302,0.5714285714285714,0.009999999999998009,26.011968252964746,13431324.4,4130028.55,39.56,40.18000000000001,40.540000000000006,41.16000000000001,39.2,38.58,38.22,0.14589928057553958,0.129645390070922,0.8537017778057364,0.7331370326373274,3.1091108053593133,1.8267373849807893,0.5978312170817198,0.5337722674527451,0.8979591836734684,0.009936481257218688,0.0010572398673212174,0.14735908740242326,0.8942307692307692
1007,1007,2016-08-15,39.98,40.6,39.88,40.46,11196549,M,0.0,0.31066233917882713,1.6284190863774566,0.35920669135395866,0.7138279525712518,0.2405285506582386,1.0573062704812213,0.07620210486401638,3944177.8588318573,38.33419487875938,35.92990592179,-19073680.59999996,6.558506555403137,37.574000000000055,35.677500000000016,1.01105827245415,0.4301688788842456,0.5808893935699047,0.5714285714285714,0.6400000000000006,26.069172983066178,13981090.2,4416469.4,40.31333333333333,40.746666666666655,41.03333333333333,41.466666666666654,40.02666666666666,39.59333333333333,39.306666666666665,0.19775014801657784,0.1603097218239175,0.8760471819631838,0.7570099244281152,3.3742080552334155,2.145364341527328,0.6670726632396647,0.5596563901292032,0.8055555555555545,0.015093901820896122,0.0013026093477546757,0.20209775979387712,0.8966346153846154
1008,1008,2016-08-16,40.08,40.98,39.96,40.7,7633289,M,0.0,0.3171918595600014,1.5472965415271285,0.2874032713137075,0.6555821577290594,0.26797125660785964,0.9908359583582522,0.13089656864633406,1780324.7180246785,39.122796585839595,36.38420059590523,-7140644.720000021,8.055152067932937,38.958000000000055,35.96900000000001,1.2606914547057926,0.5962733940485551,0.6644180606572375,0.6428571428571429,0.24000000000000196,26.108422144992176,17193275.2,4962599.35,40.54666666666667,41.13333333333333,41.56666666666667,42.15333333333333,40.113333333333344,39.52666666666667,39.09333333333335,0.19705882352941184,0.15297450424929196,0.8892779757896322,0.7705649939943608,2.7991641609598577,2.4096645322320267,0.6865451741859219,0.575450085933892,0.7254901960784361,0.017987244037052437,0.0016106912218903033,0.24510374799931794,0.8990384615384616
1009,1009,2016-08-17,40.46,40.86,39.89,40.41,5798299,M,0.0,0.3228768056533913,1.470323669323511,0.04007702783449706,0.6054133082153693,0.28693360631876985,0.9026832172663116,0.16830089075178126,-228926.9061028748,39.55186439055972,36.767610062961886,269912.500000023,9.406316502626726,40.240000000000045,36.22450000000002,1.4187722504333635,0.7607731653255169,0.6579990851078467,0.6428571428571429,-0.29000000000000625,26.08605408750781,13863974.0,4522089.6,40.386666666666656,40.88333333333333,41.35666666666667,41.85333333333333,39.91333333333333,39.41666666666666,38.94333333333333,0.015071590052750418,0.13863060016906156,0.8654539078181641,0.7613191811726133,0.40317490001504097,2.5985066055235717,0.6363909408662148,0.5717007895808357,0.5360824742268007,0.01838698039262762,0.001947857740629018,0.2721852751414053,0.9014423076923077
1010,1010,2016-08-18,40.44,40.6,39.83,40.25,5013015,M,0.0,0.3283388126842954,1.3769471800803768,0.0323947367028498,0.44029462040948697,0.3007727751854625,0.8453565334339895,0.1984820937147863,-1018215.4510834088,39.78457626037315,37.099266247441705,1179123.3000000077,10.70177629405925,40.328000000000046,36.46250000000003,1.5136928482206784,0.9113571019045494,0.6023357463161291,0.5714285714285714,-0.1599999999999966,25.98518898837843,4753236.4,4087671.05,40.22666666666667,40.623333333333335,40.99666666666667,41.393333333333345,39.85333333333333,39.456666666666656,39.08333333333333,0.01079859367152184,0.14087301587301584,0.8384975371060445,0.7521767935801811,0.3266037354381321,2.7417318287999835,0.606078809062325,0.5692011472830938,0.5454545454545454,0.017064851783276356,0.0022913628834542897,0.2901335836298138,0.9038461538461539
1011,1011,2016-08-19,40.1,40.42,39.92,40.3,4863516,M,0.0,0.3265552085715737,1.2600208894029932,0.017374306093787727,0.3234470691364795,0.3110807191469785,0.8140305876672094,0.2372363383729933,-588854.9155017757,39.9563841735821,37.404098033399634,102826.12999999947,12.083416234799914,40.42400000000005,36.713500000000025,1.5747993809803091,1.0440455577197014,0.5307538232606077,0.5714285714285714,0.049999999999997165,25.853463328172694,2576408.0,4506530.3,40.21333333333333,40.50666666666665,40.71333333333333,41.00666666666665,40.00666666666665,39.71333333333333,39.50666666666665,-0.003954522985664946,0.10532089961601744,0.8384975371060445,0.7521767935801811,0.175584737383819,2.8552154956006506,0.6573858727082137,0.587372466589465,0.7599999999999909,0.014991727106913929,0.0026291251548174,0.3049091139453648,0.90625
1012,1012,2016-08-22,40.3,40.34,39.3,39.35,5598434,M,-0.0,0.3248415497181745,1.2306847708159283,0.05046693218191909,0.08006214054257127,0.31626579234098723,0.7137785128623005,0.2503680132172606,-2774405.1363195744,39.754256115721404,37.58942203021872,-526877.0999999992,13.640910126260545,40.202000000000055,36.858000000000025,1.5289449621340836,1.141025438602578,0.3879195235315056,0.5714285714285714,-0.9499999999999956,25.76807642520027,-782588.6,3905449.85,39.66333333333333,40.02666666666667,40.70333333333333,41.06666666666668,38.986666666666665,38.62333333333333,37.94666666666666,-0.0331695331695332,0.06871265616512767,0.5141531034348562,0.6410701155292657,0.5072179018943785,2.9142311435260284,0.4542828894977848,0.5360109862549375,0.04807692307692689,0.011755416477417164,0.002927055201019657,0.29798838637944586,0.9086538461538461
1013,1013,2016-08-23,39.65,40.18,39.48,40.0,5603472,M,0.0,0.3231950931727517,1.1772601347071376,0.04247473303659145,0.4635641919919769,0.3239167126419457,0.7487818415089231,0.2723790210623382,-940244.9383873232,39.83617074381427,37.8190008844836,-221986.7999999979,15.218761401848585,40.06200000000005,37.01700000000001,1.5274471130422145,1.2183097734905053,0.30913733955170897,0.6428571428571429,0.6499999999999986,25.744493469553014,-1188552.0,3775993.3,39.886666666666656,40.29333333333333,40.586666666666666,40.99333333333333,39.59333333333333,39.18666666666665,38.89333333333333,-0.010146003464488905,0.1204481792717086,0.5141531034348562,0.6410701155292657,0.4254056887279822,2.9976062379667265,0.5504743072842379,0.5557106202170524,0.7428571428571443,0.009240332231112662,0.003200828442163355,0.2993949607377557,0.9110576923076923
1014,1014,2016-08-24,39.88,40.11,39.62,39.73,4083058,M,-0.0,0.3144099377749742,1.0856254500795195,0.03945954608677247,0.37559203568792143,0.32667332799710697,0.7065668560403162,0.2834538315783573,-1686281.8084707463,39.800780495876175,38.00100080024707,-575842.8799999931,15.740372318869126,39.92600000000006,37.21850000000001,1.4873283183059345,1.2721134824535911,0.21521483585234316,0.5714285714285714,-0.2700000000000031,25.694642243380247,-845503.8,3842996.5,39.81999999999999,40.01999999999999,40.31,40.50999999999999,39.52999999999999,39.32999999999999,39.03999999999999,-0.01291925465838517,0.10761081683858376,0.5141531034348562,0.6410701155292657,0.39386545926512,3.0395728145150827,0.4418128034956137,0.5241657798076537,0.22448979591836526,0.006989599309053846,0.003439445326747385,0.2951587831376209,0.9134615384615384
1015,1015,2016-08-25,39.52,40.29,39.07,39.25,8484615,M,-0.0,0.3051414888497478,1.1035420567355834,0.044249668685294,0.22921656624736916,0.32680195498559306,0.6524351805481018,0.2529039686541342,-3025351.6728838324,39.61718699725079,38.119953104985434,-2160857.25,15.959599656672108,39.726000000000056,37.38750000000001,1.4006560054122021,1.2978219870453134,0.10283401836688856,0.5,-0.4799999999999969,25.779574192417737,-1539823.8,3166131.35,39.53666666666667,40.003333333333345,40.75666666666667,41.223333333333336,38.783333333333346,38.31666666666667,37.56333333333335,-0.02605459057071953,0.09545073960368412,0.2648109505356171,0.527068653261673,0.4394655845479979,3.0545770230059657,0.34372219686592825,0.4882967515980254,0.1475409836065573,0.004691455110701954,0.0036304351022854366,0.2821296616244975,0.9158653846153846
1016,1016,2016-08-26,39.25,39.48,38.43,38.56,6257098,M,-0.0,0.29705822973607915,1.0964031158375052,0.055569684173298765,0.12618069947094324,0.3243030468194437,0.5851333256946437,0.22689623938476644,-2893000.2227628245,39.26479133150053,38.16186233308206,-2543626.799999988,15.744351640953193,39.378000000000064,37.52400000000001,1.2617457203198228,1.2906067337002154,-0.0288610133803926,0.42857142857142855,-0.6899999999999977,25.852553300369745,-3763946.6,3184427.85,38.82333333333333,39.216666666666654,39.87333333333333,40.26666666666666,38.16666666666666,37.77333333333333,37.11666666666667,-0.02007623888182971,0.0917327293318234,0.14793585036822848,0.4235003971783423,0.5470557558440405,3.042286882213201,0.27041797251379435,0.453583682284835,0.12380952380952658,0.002157599368023464,0.0037607250808077025,0.25781049450166355,0.9182692307692308
1017,1017,2016-08-29,38.64,39.01,38.35,38.69,7557057,M,0.0,0.2926464406999765,1.0382160337258373,0.06410755296363707,0.2790112363318609,0.3190991436869335,0.5829339445644907,0.20276860784965808,-1005080.9021178285,39.07319422100035,38.21216115850282,519432.48000000214,15.42158036068126,39.246000000000045,37.6925,1.148904377636967,1.2622662624875658,-0.11336188485059885,0.42857142857142855,0.12999999999999545,25.762195256707876,-1132848.4,3803347.7,38.68333333333333,39.01666666666666,39.34333333333333,39.676666666666655,38.356666666666655,38.02333333333333,37.696666666666665,-0.032750000000000064,0.18101343101343104,0.13732900181514054,0.4115537317890515,0.6289912559027261,3.0069111183549357,0.3519958200597004,0.4594472854149948,0.5151515151515123,0.0002583062130899448,0.003842576956004275,0.23960041591356454,0.9206730769230769
1018,1018,2016-08-30,38.49,38.68,38.03,38.19,3644199,M,-0.0,0.3012090468695517,0.9877872292290584,0.06244476235826681,0.21418006322754396,0.2923029166323587,0.5203658868051475,0.14728994191095868,-802921.7657936645,38.77879614733357,38.21005057197875,966772.630000012,15.389901960235148,38.884000000000064,37.964,1.007516951003531,1.2113164001907588,-0.20379944918722792,0.35714285714285715,-0.5,25.64471596352684,-2982382.6,4290768.35,38.3,38.57000000000001,38.95,39.22000000000001,37.92000000000001,37.65000000000001,37.27000000000001,-0.03876164107727157,0.1423870774753215,0.09798616167401708,0.3631292709390723,0.6070255348847126,2.774246981757716,0.3167151620910807,0.4391336245329802,0.24615384615384145,-0.001443993671131152,0.0038708433207713423,0.21472521084351165,0.9230769230769231
1019,1019,2016-08-31,38.25,38.52,36.08,36.18,16085863,M,-0.0,0.3096603295832064,1.1814155986651846,0.12341905336073444,0.07677114077427992,0.272997478776476,0.3152690434491858,0.08485751407014985,-4757251.2711075125,37.91253076488904,38.016712422266494,-21407303.059999984,14.259699573155832,38.17400000000005,38.1015,0.724919771151086,1.1140370743828245,-0.3891173032317383,0.2857142857142857,-2.009999999999998,25.686114022834932,-5382943.6,2945468.25,36.92666666666667,37.77333333333335,39.36666666666667,40.21333333333335,35.333333333333336,34.486666666666665,32.89333333333333,-0.07821656050955415,0.07390917186108642,0.028450573208268205,0.1965654374912442,1.1778497357481708,2.600403359400475,0.2248046435798463,0.4012145752019704,0.04098360655737755,-0.0044938369420204575,0.0038065527501662203,0.15586743772394393,0.9254807692307692
1020,1020,2016-09-01,36.32,36.62,36.03,36.34,6773971,M,0.0,0.3133216010787223,1.102560185509826,0.1309857049968041,0.24573592971368255,0.2537444923717732,0.30477581684097504,0.033252179871263124,-1134157.685037986,37.38835384325937,37.857025524907776,-5790078.199999983,12.829843414179132,37.592000000000056,38.234,0.5080140630484493,0.9928324721159492,-0.4848184090675,0.21428571428571427,0.1600000000000037,25.59400336334755,-2331226.4,3050083.85,36.33000000000001,36.63000000000001,36.92,37.22000000000001,36.040000000000006,35.74000000000001,35.450000000000024,-0.057572614107883786,0.06537672236880691,0.02774381319718206,0.19387069251129607,1.2310036555599666,2.4254167303355945,0.3250110053244197,0.4130440184030748,0.5254237288135665,-0.00686289183603579,0.0036767904486365594,0.11176603212473142,0.9278846153846154
1021,1021,2016-09-02,36.43,36.92,36.11,36.64,5428104,M,0.0,0.3191508842673169,1.0635521607751828,0.12366998480774262,0.3765623338804988,0.23558535796114002,0.30961964911370143,-0.007443336162619975,874590.8788782582,37.1389025621729,37.741118332059415,-4902569.140000009,11.617808951421097,37.20800000000006,38.3605,0.3562159833321488,0.8655091743591892,-0.5092931910270404,0.21428571428571427,0.2999999999999972,25.49304737939425,5814.0,3062399.95,36.556666666666665,37.00333333333333,37.36666666666665,37.81333333333333,36.19333333333333,35.746666666666655,35.38333333333333,-0.05298526751098468,0.054388489208633116,0.1955983829351911,0.2652919106853016,1.1503781986816235,2.2592930310170782,0.4347809994343866,0.4360227773793839,0.6543209876543206,-0.007907432713178637,0.0035066177515653326,0.08083944778509708,0.9302884615384616
1022,1022,2016-09-06,36.51,36.56,35.73,36.15,8188208,M,0.0,0.3135489151270834,1.0430785393384925,0.09322146729614264,0.33923900302714804,0.22493539604948992,0.2361869712864665,-0.04004289769355224,1115170.055757373,36.80926837478194,37.58958325281566,-268705.03000000684,9.720774608216145,36.70000000000006,38.4305,0.1941381034024872,0.7312349601678487,-0.5370968567653616,0.14285714285714285,-0.490000000000002,25.421971653287123,-3143239.0,2230603.55,36.14666666666667,36.56333333333335,36.97666666666668,37.39333333333335,35.73333333333333,35.316666666666656,34.90333333333333,-0.05341712490180674,0.07015985790408517,0.14975116065676228,0.2342268485284915,0.85530696244211,2.161094934469981,0.4585286984181047,0.44268956966568457,0.5060240963855409,-0.008482330888300938,0.0032965181904797136,0.047330177099565975,0.9326923076923077
1023,1023,2016-09-07,36.4,37.37,36.24,37.19,6638722,M,0.0,0.31057930768683034,1.066668067426693,0.047333078724616486,0.8993847452650021,0.196133419531808,0.3136296340951005,-0.059357797152996765,2520189.01775006,36.936178916521285,37.55152770492845,665839.8999999965,8.186358507804401,36.500000000000064,38.601,0.1479045723646948,0.614568882607218,-0.4666643102425232,0.21428571428571427,1.0399999999999991,25.10214867890539,-1086654.8,2983921.45,36.93333333333333,37.62666666666666,38.06333333333333,38.75666666666665,36.496666666666655,35.80333333333333,35.36666666666667,0.027915975677169653,0.09382352941176464,0.4997015038566318,0.40866264827153415,0.4319143433621262,1.8927365318368297,0.5859217871459929,0.4805960834691212,0.8407079646017696,-0.007464609998877959,0.0030848685837093232,0.03669035708724957,0.9350961538461539
1024,1024,2016-09-08,37.14,37.17,35.95,36.0,7557632,M,-0.0,0.3114574960451861,1.0897789917698,0.05166611700031989,0.2537093926961123,0.1733747949586956,0.09745314609887344,-0.08503519165932649,-781101.9636379303,36.62411927768086,37.40376316160194,94586.3999999991,6.777923693290642,36.46400000000006,38.701,0.01506742329104327,0.4946685907439831,-0.4796011674529398,0.21428571428571427,-1.1899999999999975,24.72398045539627,618991.4,2063629.5,36.373333333333335,36.79666666666667,37.59333333333333,38.016666666666666,35.57666666666667,35.153333333333336,34.35666666666667,-0.009356081452944507,-0.09570459683496614,0.4142427905859268,0.37273722460880376,0.4709883225749169,1.6774444849241197,0.4042757269497869,0.4387282285251453,0.04098360655737476,-0.00711151460910448,0.002846471627040153,0.008352647500558936,0.9375
1025,1025,2016-09-09,35.87,36.05,35.47,35.48,5026150,M,-0.0,0.31662563078551675,1.0218084595338264,0.07168944271532371,0.18790276386435995,0.18725552957873787,0.08308097949565113,-0.1049195409893342,-1397110.0779122305,36.242746185120566,37.220547622401746,2757498.120000001,4.965535259825757,36.292000000000066,38.4845,-0.1306604561631417,0.3696027813625581,-0.5002632375256998,0.21428571428571427,-0.5200000000000031,24.45890876451307,-1741032.8,-214711.65,35.666666666666664,35.86333333333333,36.24666666666667,36.44333333333333,35.28333333333333,35.086666666666666,34.70333333333333,-0.03165938864628831,-0.10899045705675547,0.29667314602822725,0.3180456615229011,0.6504383137561329,1.8016088570182345,0.2752642777366384,0.39858662383802107,0.017241379310341448,-0.007309215574728438,0.0025798848487122326,-0.022295271841334875,0.9399038461538461
1026,1026,2016-09-12,35.27,35.73,34.81,35.65,6999500,M,0.0,0.3243478597495517,1.008233998262649,0.07407917536637126,0.3339450535558423,0.19631832008152786,0.15053205454066854,-0.11933722535113768,1861769.834446126,36.04516412341371,37.07097165836349,195346.20000000077,3.3519972365187365,36.09400000000007,38.276,-0.2297844590840725,0.249725333273232,-0.4795097923573045,0.21428571428571427,0.1700000000000017,24.35319307276212,-1426753.6,-652119.55,35.39666666666667,35.98333333333333,36.316666666666656,36.90333333333333,35.06333333333334,34.476666666666674,34.143333333333345,-0.013831258644536654,-0.11888284725654973,0.19185380935193408,0.25681245338487896,0.6684534389184523,1.8785700048601397,0.4878573445780493,0.44758251473543537,0.9130434782608711,-0.007198166210603833,0.002301453834257467,-0.04378632193047893,0.9423076923076923
1027,1027,2016-09-13,34.96,35.25,34.31,34.68,6029655,M,-0.0,0.3231865614369189,1.0524694651609618,0.10227278953522098,0.1941032278155961,0.20716536641010885,0.07977484534505255,-0.13959451736059705,777709.5045857963,35.59010941560914,36.843260071852676,-802803.9999999972,1.3200472332621371,35.80000000000006,37.987,-0.38220600599837695,0.12333906541891015,-0.5055450714172871,0.14285714285714285,-0.9699999999999988,24.354429265845464,-995043.0,-1513429.75,34.74666666666667,35.18333333333334,35.68666666666667,36.123333333333335,34.24333333333334,33.80666666666667,33.30333333333334,-0.06749126109169126,-0.14791154791154798,0.1395575512864973,0.21905316459937832,0.9153414663402294,1.9673976934552009,0.4564439034775642,0.4424429439298314,0.39361702127659404,-0.007733935402939748,0.0019965834031534908,-0.07593474685872784,0.9447115384615384
1028,1028,2016-09-14,35.45,35.83,34.82,35.21,10992955,M,-0.0,0.32135102734160675,1.0654735364728334,0.056017677612551664,0.4021807569033931,0.20702723496998726,0.17947546324373034,-0.14711566592168976,-124792.67999162804,35.46340627707276,36.68771149358099,-1757120.1999999909,0.018239046153402768,35.404000000000075,37.71249999999999,-0.4549897706064598,0.0076732982138361236,-0.462663068820296,0.21428571428571427,0.5300000000000011,24.37107850153007,-124196.4,-1345446.45,35.28666666666667,35.753333333333345,36.29666666666667,36.763333333333335,34.74333333333334,34.27666666666667,33.73333333333334,-0.02194444444444442,-0.12868101954961633,0.403578970522355,0.35005891854527565,0.4958124645486957,1.9518786497014105,0.43300880693883853,0.4370806267804558,0.3861386138613875,-0.0075272503828175685,0.001691070540470781,-0.09214986028629146,0.9471153846153846
1029,1029,2016-09-15,35.11,35.88,35.06,35.56,5818549,M,0.0,0.3195874749755226,1.0327437316097892,0.04436532074985623,0.6557308637856729,0.20279551159020692,0.2486427967575711,-0.13762870291776758,720261.2408956599,35.49560418471517,36.580310398954225,-185773.2800000005,-0.8190747300836579,35.316000000000074,37.47,-0.4789087910759733,-0.08964311964412579,-0.3892656714318475,0.2857142857142857,0.3500000000000014,24.391373336521394,2551039.8,-764604.05,35.5,35.94,36.31999999999999,36.76,35.12,34.68,34.3,0.002254791431792712,-0.11652173913043473,0.4248774110605108,0.3609802567388615,0.3917014169004814,1.899686954821264,0.4919245704795509,0.4535259097119338,0.6097560975609754,-0.006524156189366526,0.0013998023285639873,-0.09883934774561616,0.9495192307692308
1030,1030,2016-09-16,35.37,35.73,35.19,35.54,9439931,M,0.0,0.3166045509284165,0.9670445673951504,0.04515803960792431,0.6328867649969128,0.1963222600601579,0.2681930238144375,-0.13141088347167645,1484051.318642954,35.51040278981012,36.48123321810144,-512497.9199999974,-1.611422624658582,35.328000000000074,37.2345,-0.4937865559329922,-0.1704718069018991,-0.32331474903109303,0.2857142857142857,-0.02000000000000313,24.207556298209557,1668283.6,-985949.85,35.48666666666666,35.78333333333332,36.02666666666666,36.32333333333332,35.24333333333332,34.94666666666666,34.70333333333332,-0.003085553997194935,-0.1181141439205955,0.4248774110605108,0.3609802567388615,0.3988358058171882,1.8274902980524872,0.5439990963690845,0.4720613609915736,0.6481481481481518,-0.0053177420172676225,0.0011248226722456213,-0.10455822686615,0.9519230769230769
1031,1031,2016-09-19,35.56,35.8,35.15,35.22,4416236,M,-0.0,0.3170885847350108,0.92477195840913,0.040419721694389135,0.4845556791601212,0.18706014279683733,0.2455033974209002,-0.12870426975040414,-330877.5467913637,35.4136018598734,36.36111576875845,476786.42000000476,-2.311514446246335,35.24200000000006,36.9805,-0.5253427927191723,-0.2414460040653537,-0.2838967886538185,0.2857142857142857,-0.3200000000000003,24.06031898660318,-614863.6,-1449937.45,35.38999999999999,35.62999999999999,36.04,36.27999999999999,34.97999999999999,34.739999999999995,34.32999999999999,0.015570934256055338,-0.10495552731893272,0.4762038643194688,0.38130875094744704,0.3561179579884161,1.7293944026746106,0.3985635001434925,0.4373595463916435,0.10769230769230836,-0.0044918902916208795,0.000860356811199771,-0.11410795933100235,0.9543269230769231
1032,1032,2016-09-20,35.3,35.5,34.85,34.96,4226918,M,-0.0,0.3072119156318191,0.8881356972879125,0.028627820962872155,0.16551371962194292,0.1839984005519294,0.2337360636799416,-0.11741961761862665,-830475.7084670302,35.26240123991561,36.227676171733826,3023547.539999991,-3.2954815268185134,35.29800000000006,36.760999999999996,-0.5648202683468709,-0.30612085692165725,-0.2586994114252138,0.2857142857142857,-0.259999999999998,23.976598179788386,-254316.2,-1381361.65,35.10333333333333,35.356666666666655,35.75333333333332,36.00666666666665,34.70666666666666,34.45333333333333,34.056666666666665,-0.007100255609201931,-0.12599999999999995,0.31013633362674736,0.3283957551779104,0.2526262060868658,1.6909913006723694,0.3221192565059179,0.4118234723763221,0.1692307692307687,-0.004096875851323603,0.0006035095975380808,-0.12597417888021675,0.9567307692307692
1033,1033,2016-09-21,35.8,36.07,35.48,36.01,7009324,M,0.0,0.3026693168148549,0.9177176043161908,0.044644644128663785,0.8487028336520537,0.1657427638759984,0.4089904567198449,-0.10349057113967072,1706994.3476631737,35.511600826610405,36.20694510775918,2048539.5199999975,-3.495978247338953,35.45800000000006,36.5615,-0.5055525325184647,-0.3460071920410188,-0.1595453404774459,0.35714285714285715,1.0499999999999972,23.882081442109733,-1051042.4,-1311069.05,35.85333333333333,36.22666666666667,36.443333333333335,36.81666666666667,35.636666666666656,35.26333333333333,35.04666666666666,0.012654668166479071,-0.09363201610873394,0.6421176845572429,0.4879482785004972,0.3957524478785409,1.514951015363079,0.5141811992525317,0.4581550545067447,0.8983050847457594,-0.002697707169434505,0.0003830231287942287,-0.11495158906092565,0.9591346153846154
1034,1034,2016-09-22,36.18,36.86,36.0,36.26,8357443,M,-0.0,0.2983048591279677,0.9100219237406988,0.060544245332813815,0.8071563658242111,0.1449938658378305,0.4757393655328539,-0.08524664126283589,-238068.7092655855,35.76106721774028,36.21199795463926,5369682.499999988,-2.913876834189894,35.598000000000056,36.388000000000005,-0.4334133943905911,-0.3634884325109333,-0.06992496187965785,0.42857142857142855,0.25,23.843130431255265,-543263.6,-689044.0,36.373333333333335,36.74666666666667,37.23333333333333,37.60666666666667,35.88666666666667,35.51333333333333,35.02666666666667,0.020258863252673013,-0.07617834394904463,0.8149283585086482,0.6313863792737521,0.5388135113393774,1.3190091975267442,0.4435626599668034,0.4433141523056592,0.3023255813953467,-0.00099686796800283,0.0002005315879217413,-0.1010475152398453,0.9615384615384616
1035,1035,2016-09-23,36.22,36.81,36.21,36.62,4698826,M,0.0,0.2970334271984105,0.8686856672419391,0.07836339770637386,0.787189762521931,0.12546573132927724,0.5799085803994952,-0.061541404482518734,587368.9078930473,36.04737814516019,36.250855292292655,-1409403.7799999989,-2.947067007674334,35.814000000000064,36.2565,-0.34323699392697193,-0.35943814479414105,0.016201150867169112,0.42857142857142855,0.35999999999999943,23.820980884547428,2284487.8,-29871.95,36.54666666666667,36.88333333333335,37.14666666666668,37.48333333333335,36.28333333333335,35.94666666666667,35.683333333333344,0.039750141964792686,-0.050311203319502194,0.8149283585086481,0.6313863792737521,0.7016266813640196,1.1372370719849851,0.5234862177556443,0.4661731219273418,0.683333333333326,0.0007650535696146431,5.904617213183697e-05,-0.08252262687318564,0.9639423076923077
1036,1036,2016-09-26,36.4,37.06,36.2,36.24,6223807,M,-0.0,0.29283504586069,0.8675275782763471,0.07001083495231257,0.5880375855883748,0.11067302375228953,0.5248763780585595,-0.051987460320003336,-1472633.6736133588,36.111585430106786,36.24982145493146,42672.71999999151,-2.6786440537166767,36.018000000000065,36.1405,-0.2989878255417793,-0.3473480809436687,0.04836025540188943,0.42857142857142855,-0.37999999999999545,23.90608343843285,1922973.6,-28207.4,36.5,36.8,37.36,37.66,35.94,35.64,35.08,0.03661327231121285,-0.06332385629361581,0.8575826108594808,0.6719972609034747,0.6304125633280998,0.9999446037299048,0.3644946878060881,0.4262053605920688,0.04651162790697578,0.0016623569963514187,-5.752789191987428e-05,-0.07377346407317817,0.9663461538461539
1037,1037,2016-09-27,36.21,36.64,36.05,36.6,3590052,M,0.0,0.2823146421186917,0.8305239011728346,0.02865194780479654,0.7439062578381616,0.08999940820750517,0.6739013173834458,-0.02943883326800732,602004.4443745803,36.27439028673786,36.28317179255704,22175.479999995587,-2.4681085829199563,36.34600000000006,36.036,-0.23219445628794946,-0.3243173560125249,0.09212289972457544,0.35714285714285715,0.35999999999999943,23.920191614691934,3486367.6,-226557.65,36.43,36.81,37.02,37.40000000000001,36.22,35.84,35.62999999999999,0.01638433768397677,-0.04163393558523165,0.7184850595245551,0.6233035828810948,0.2603459237282842,0.8108046685414142,0.5537309218142289,0.47439564909096793,0.9322033898305104,0.0023796504923270165,-0.0001441909754928532,-0.059346762270781214,0.96875
1038,1038,2016-09-28,36.19,36.66,35.7,36.1,4994340,M,-0.0,0.2722068032293207,0.8477873810164558,0.0256276191726902,0.21671471501870573,0.07057638810565098,0.5664454319224738,-0.016313310207433006,143738.40601972287,36.216260191158575,36.26572685993256,172125.3800000007,-2.6066237919794624,36.36400000000006,35.93150000000001,-0.21710341819690626,-0.3028745684494012,0.08577115025249492,0.35714285714285715,-0.5,24.01814469747642,1085634.8,-294064.7,36.153333333333336,36.60666666666667,37.11333333333333,37.566666666666656,35.64666666666667,35.19333333333334,34.68666666666668,-0.0044125758411471755,-0.002211166390270821,0.4696458442109079,0.5194988570495132,0.23298068589892695,0.6339788723045496,0.5080428367650419,0.4688976507648442,0.4166666666666679,0.0022492276289642205,-0.00021816806851626192,-0.056492256086920566,0.9711538461538461
1039,1039,2016-09-29,36.0,36.48,35.81,36.05,3813891,M,-0.0,0.27325327032670044,0.8240823968809277,0.029961584541144774,0.2500608017768122,0.07036439158831938,0.5494493172163959,-0.008801849458355887,-136079.74902413366,36.160840127439045,36.24518144470088,-123111.45000000096,-2.4721116342131038,36.32200000000006,35.92500000000001,-0.20679444626578206,-0.28365854401267737,0.07686409774689534,0.35714285714285715,-0.05000000000000426,24.144820601306037,-1348632.0,319533.9,36.11333333333333,36.41666666666666,36.78333333333333,37.08666666666665,35.746666666666655,35.44333333333333,35.07666666666667,-0.015565264882577838,-0.007980187121629229,0.4696458442109079,0.5194988570495132,0.2720661684258656,0.6319601919525935,0.4580982095846533,0.458355870237133,0.35820895522387586,0.0017680263524084132,-0.00028187272930430685,-0.05506229555640218,0.9735576923076923
1040,1040,2016-09-30,36.39,37.22,36.39,37.05,5363227,M,0.0,0.2697769924286432,0.8702047439634709,0.045969421106029335,0.8835916729298938,0.07507986680242225,0.9035320368195546,0.01294874836252478,1113390.7726516335,36.45722675162603,36.32183083091984,350442.64999999845,-2.0121534974843174,36.408000000000065,35.9605,-0.11658890476686425,-0.25024461616351473,0.1336557113966505,0.42857142857142855,1.0,24.19389188018733,-1215751.8,248996.7,36.886666666666656,37.38333333333333,37.716666666666654,38.21333333333333,36.55333333333333,36.056666666666665,35.72333333333333,0.022350993377483308,0.011189956331877636,0.7822157899243417,0.6779036493497224,0.4184136709070797,0.6749773875371264,0.5704590473536234,0.490434427632793,0.7951807228915638,0.0022729574171087923,-0.0003125504024017367,-0.0330810281793773,0.9759615384615384
1041,1041,2016-10-03,36.97,37.23,36.17,36.28,4269351,M,-0.0,0.2645846145410114,0.8955107781016741,0.045558545002591065,0.4180258688265459,0.07351174949768444,0.6277346543579341,0.02159181776323695,-560611.9069772374,36.39815116775069,36.317846942260815,104755.8000000018,-1.7755708186936103,36.41600000000006,35.9425,-0.10601090040426442,-0.22139787301166464,0.11538697260740025,0.42857142857142855,-0.769999999999996,24.26553446119836,-824860.6,-235876.05,36.56,36.95,37.61999999999999,38.01,35.89000000000001,35.50000000000001,34.83000000000001,-0.008743169398907109,0.0035961272475796007,0.6281336510792417,0.6075338953880649,0.4147649937035897,0.6605490140801308,0.4148972265376357,0.4536095854683042,0.10377358490566033,0.002059069660871285,-0.0003358538455497094,-0.0301821600276802,0.9783653846153846
1042,1042,2016-10-04,36.31,36.6,36.08,36.56,5100909,M,0.0,0.2708870711679921,0.8454426743547846,0.04512135065797555,0.5925261888895056,0.07491717880731566,0.7215832885666749,0.031100228206905563,1255346.7777065,36.45210077850046,36.34090913823597,128535.81999999865,-1.8026737825893968,36.408000000000065,35.96300000000001,-0.07417900638337471,-0.19195409968600669,0.11777509330263194,0.35714285714285715,0.28000000000000114,24.305724033790227,-522689.2,428579.8,36.41333333333333,36.74666666666667,36.933333333333344,37.26666666666667,36.22666666666667,35.89333333333333,35.706666666666656,0.01274238227146817,-0.016940037644527978,0.5644538070831581,0.5785008522371172,0.4106945336888941,0.6735616253618735,0.5842904587173988,0.4983207604786491,0.9230769230769252,0.001899849686633574,-0.0003462109213262988,-0.02209660895091254,0.9807692307692308
1043,1043,2016-10-05,36.76,37.58,36.57,37.36,5997801,M,0.0,0.2791764723694374,0.8687169844408128,0.058975343082707576,0.8237688803222123,0.07680690805745143,1.0025589983534513,0.041572821361867116,1587807.7495492734,36.75473385233364,36.43796541078493,1866725.999999997,-1.959162968921344,36.660000000000075,35.971500000000006,0.01542352034390859,-0.15047857568002365,0.16590209602393224,0.35714285714285715,0.7999999999999972,24.427540684512067,1675739.0,396533.75,37.17,37.77,38.18,38.78,36.76000000000001,36.16,35.75000000000001,0.03633841886269077,0.037777777777777764,0.8288938339027329,0.7390055051610831,0.540509019353016,0.6907149232971536,0.6502530450855268,0.525354804035138,0.7821782178217829,0.0025456937575909487,-0.0003275358994473336,0.0007354138398283451,0.9831730769230769
1044,1044,2016-10-06,37.17,37.86,36.73,37.68,6813617,M,0.0,0.290641366598948,0.9035547198487048,0.061785191209211575,0.8036950477477469,0.0875827553249742,1.014433911214785,0.05383381540771532,1979744.1224635825,37.063155901555746,36.556254419281615,1918232.9599999955,-1.9924074214359897,36.98600000000007,36.0555,0.11097622908643956,-0.098187614726731,0.20916384381317052,0.42857142857142855,0.3200000000000003,24.31253073465982,3801240.6,1115096.2,37.423333333333346,38.11666666666668,38.553333333333335,39.24666666666669,36.98666666666668,36.293333333333344,35.856666666666676,0.01700404858299602,0.06200676437429546,0.8623285009805733,0.7687408193311216,0.5712967705159758,0.7894600086549018,0.7137380182576081,0.5553884383748172,0.8407079646017706,0.0034892619130960905,-0.00027996926940861383,0.025385599664514626,0.9855769230769231
1045,1045,2016-10-07,37.89,38.37,37.55,38.04,6688988,M,0.0,0.3016566571331836,0.8924140905355442,0.08007374156841669,0.7874931730906966,0.09861969700344757,1.020260334910816,0.0671144510234125,898097.2010074394,37.38877060103717,36.69756352220717,470007.15999999974,-1.7044161461099296,37.18400000000007,36.1835,0.21329272477831296,-0.0358915468257222,0.2491842716040352,0.5,0.35999999999999943,24.303094247252087,4066392.8,1700853.1,37.98666666666666,38.42333333333332,38.80666666666666,39.24333333333332,37.60333333333332,37.16666666666666,36.78333333333332,0.048511576626240296,0.06704067321178123,0.9081135016420406,0.8142865231160461,0.7443655016200029,0.8921014516310611,0.6750123373749916,0.5594048704924306,0.5975609756097583,0.004504979187710525,-0.0002034452336904268,0.052305958842502234,0.9879807692307692
1046,1046,2016-10-10,38.22,38.48,37.44,37.54,4378288,M,-0.0,0.3049084168750936,0.9120922117974716,0.058726151212309,0.5473055789161504,0.10274352247275106,0.8385802079481139,0.06915912581965866,-1166510.1715406682,37.439180400691455,36.77779556771125,340946.0600000014,-1.4514950210844475,37.43600000000007,36.278,0.2511384951947022,0.0215144615783627,0.2296240336163395,0.5,-0.5,24.365449387153443,4044605.4,1131963.7,37.81999999999999,38.19999999999999,38.85999999999999,39.23999999999999,37.15999999999999,36.78,36.11999999999999,0.02680525164113777,0.08246828143021913,0.9081135016420406,0.8142865231160459,0.5496180491960011,0.9318323770666156,0.4820595069679436,0.5152857253173274,0.0961538461538476,0.004594347686531244,-0.00011903100301752707,0.06318604473188423,0.9903846153846154
1047,1047,2016-10-11,37.53,37.72,37.14,37.24,3830653,M,-0.0,0.3041140273493428,0.8678132502244752,0.033109591427878435,0.23311759140947466,0.09612215322630342,0.7383249963491749,0.06467807854787369,-1578439.5555187291,37.372786933794295,36.82181503745304,2286667.999999992,-1.3506278206845792,37.572000000000074,36.406,0.2539961387380956,0.06801079701030929,0.18598534172778627,0.42857142857142855,-0.2999999999999972,24.380328312564448,2258293.0,1241913.8,37.36666666666667,37.59333333333333,37.94666666666667,38.17333333333333,37.013333333333335,36.78666666666667,36.433333333333344,-0.003211991434689439,0.05765407554671971,0.6564216188967491,0.7008785437424021,0.3109983922820627,0.8748557775892005,0.3788442690131128,0.4826312555826725,0.17241379310345126,0.003912932357079227,-3.7907818828416334e-05,0.0653557721366534,0.9927884615384616
1048,1048,2016-10-12,37.24,37.74,36.97,37.54,3730443,M,0.0,0.29220456646894394,0.8547714835278789,0.030848168550548692,0.4413862794579775,0.09443543478490828,0.7950114933448309,0.06473880614753771,-234551.57418218878,37.42852462252953,36.89021360531465,-0.0,-1.3896876458480978,37.608000000000075,36.5225,0.2772721142921597,0.1098630604666794,0.16740905382548033,0.42857142857142855,0.2999999999999972,24.35133426167841,1804821.4,878788.2,37.41666666666666,37.86333333333333,38.18666666666667,38.63333333333333,37.09333333333333,36.646666666666654,36.32333333333332,-0.00371549893842889,0.055680539932508336,0.5381036474929451,0.6410842416778726,0.2900344807122594,0.862254541732953,0.4993160927619877,0.5071673017423931,0.7402597402597376,0.003340094903977032,4.58154918296985e-05,0.07299877117235239,0.9951923076923077
1049,1049,2016-10-13,37.29,37.34,36.39,36.8,4712896,M,-0.0,0.2942887451636303,0.8941352857241616,0.0486561295602822,0.15299439732550174,0.091132084721084,0.5646366508482338,0.05956029174098774,-439015.9842078196,37.21901641501969,36.881621833379924,-388186.9200000043,-1.0397062156626564,37.43200000000007,36.58449999999999,0.23331714226993935,0.1345538768273314,0.09876326544260797,0.35714285714285715,-0.7400000000000021,24.315894513038693,-500481.2,352215.95,36.84333333333333,37.29666666666667,37.793333333333344,38.24666666666667,36.34666666666666,35.89333333333333,35.396666666666654,-0.032597266035751894,0.035453010692177774,0.28915626839496994,0.477000483471257,0.4553240604251217,0.8335054383696242,0.4767370442974639,0.4999684108496333,0.4315789473684162,0.0020832487510496025,0.00011180101474241204,0.06240138633721087,0.9975961538461539
1050,1050,2016-10-14,35.97,36.27,35.19,35.57,7822320,M,-0.0,0.29868903250216217,0.9895839142942732,0.08907565607568232,0.08422948192227098,0.09091472131952244,0.1945468796061238,0.03635149407969551,-1015005.1005369808,36.66934427667979,36.75670546829613,-8060997.689999997,-0.8978162021089995,36.93800000000007,36.586,0.0981009431953268,0.1272632901009305,-0.02916234690560368,0.35714285714285715,-1.2299999999999969,24.405606624739036,-3402742.8,433096.5,35.67666666666667,36.16333333333334,36.75666666666668,37.24333333333335,35.083333333333336,34.596666666666664,34.00333333333333,-0.05247735748534893,0.009937535491198224,0.12356810369983855,0.29338941608062075,0.82256914603089,0.8315514985490121,0.4351086468155934,0.4858620718974637,0.3518518518518525,-0.00035101807879049017,0.00013381674524825314,0.026723583975998364,0.9975961538461539
1051,1051,2016-10-17,35.53,36.21,34.88,35.09,7208845,M,-0.0,0.30354655308797085,1.0349727257217034,0.1171590515100899,0.18198308487272685,0.09220654913232684,0.058387890221002214,0.01869153509256669,-1990295.7439837982,36.1428961844532,36.597971614172685,-4268072.789999984,-0.9769782559109172,36.44800000000008,36.5795,-0.04724623207047785,0.0923613856666488,-0.13960761773712665,0.35714285714285715,-0.4799999999999969,24.560264015050574,-3968854.2,293466.05,35.393333333333345,35.90666666666667,36.723333333333336,37.23666666666667,34.576666666666675,34.06333333333334,33.24666666666668,-0.05773361976369491,0.003718535469107625,0.10236673024321666,0.26253620603006,1.0675532773599414,0.8432173659964873,0.3427040101577643,0.4546270876064772,0.15789473684210611,-0.002969906409267393,0.00011126749895461596,-0.011272182837162309,0.9951923076923077
1052,1052,2016-10-18,35.25,35.35,34.8,35.2,4659079,M,0.0,0.30307430910844424,0.9703096956254768,0.11975114655961755,0.3053677409224763,0.08967707856261778,0.07594562710986293,0.0042426217828881035,34881.137412854354,35.828597456302134,36.46483146044195,1170399.169999992,-0.8907631864604401,36.04000000000008,36.5915,-0.15180887671382234,0.04352733319055457,-0.19533620990437692,0.35714285714285715,0.10999999999999943,24.6052487471112,-2270907.8,737765.9,35.11666666666667,35.433333333333344,35.66666666666667,35.98333333333334,34.88333333333333,34.56666666666666,34.33333333333333,-0.06233351092168344,-0.02249375173562886,0.09639152543152958,0.2543776404649437,1.0789578305021563,0.8203547050560069,0.4708935825294202,0.4805933390032634,0.7272727272727321,-0.004759701611544089,5.88044486453774e-05,-0.03891295191711998,0.9927884615384616
1053,1053,2016-10-19,35.15,35.61,34.9,35.59,3200765,M,0.0,0.2947506214043341,0.9356017362087468,0.07627670705401061,0.4779352109179838,0.09200161800974782,0.20857873797409107,-0.012307506084715276,1147406.994862403,35.74906497086809,36.381514178495095,-2004040.0,-1.017413965101484,35.65000000000008,36.5705,-0.2008900498479207,-0.005356143417140497,-0.1955339064307802,0.42857142857142855,0.39000000000000057,24.595977384718626,-2376843.4,547337.95,35.36666666666667,35.833333333333336,36.076666666666654,36.543333333333344,35.12333333333333,34.656666666666666,34.41333333333333,-0.032880434782608534,-0.018477661334804045,0.2860158104353169,0.3338850840879871,0.6798161516188711,0.8411362928563706,0.6378727169914463,0.5273778768044287,0.9718309859154984,-0.005286559150913876,-5.315109086553768e-06,-0.05248820588481373,0.9903846153846154
1054,1054,2016-10-20,35.6,36.06,35.48,35.87,3277901,M,0.0,0.28625596607584025,0.8881881713809145,0.03573517133612136,0.820363069830603,0.09336525391045848,0.3004450219994422,-0.020858338742132203,896816.6346821124,35.7893766472454,36.332798542447954,-925389.2599999927,-1.1883190584753085,35.46400000000008,36.551,-0.21471843278946776,-0.04722860129160597,-0.1674898314978618,0.42857142857142855,0.27999999999999403,24.559145647694308,-778684.0,293360.85,35.80333333333333,36.12666666666667,36.38333333333335,36.70666666666668,35.54666666666667,35.22333333333333,34.96666666666666,0.00843407365757653,-0.020480611687602405,0.5266889069261892,0.453157712787533,0.3168280290660527,0.853148348920292,0.6493864090287785,0.5411908212138586,0.672413793103443,-0.004826996225625601,-6.98260836464825e-05,-0.05715854648244877,0.9879807692307692
1055,1055,2016-10-21,35.76,36.52,35.59,36.51,3349076,M,0.0,0.2841705727432147,0.8937630818634593,0.06415002627633926,0.8751513826330476,0.09336686329872892,0.489595968073608,-0.024627447165185345,1395827.9384517628,36.02958443149694,36.349674871738614,136446.1199999992,-1.0843872552219376,35.65200000000008,36.5455,-0.1720515711876729,-0.07219319527081937,-0.09985837591685352,0.5,0.6400000000000006,24.620045427606073,1455595.2,225873.35,36.20666666666667,36.823333333333345,37.13666666666667,37.753333333333345,35.893333333333345,35.27666666666667,34.96333333333334,0.04046736962097448,0.007450331125827704,0.6807141675911618,0.5504108167425033,0.5717691842010131,0.8530346756709243,0.7626733766285029,0.5838628679390104,0.9892473118279514,-0.003360947911852054,-0.00011782657279780275,-0.046523831434658006,0.9855769230769231
1056,1056,2016-10-24,36.69,37.04,36.4,36.64,2991949,M,-0.0,0.27344578277804243,0.8599280042816648,0.06782842403314639,0.7779547695222052,0.09300344782219007,0.5219071411950845,-0.028012706932553026,192380.89688441413,36.233056287664624,36.37732488395399,-220183.04000000085,-1.032338981148661,35.962000000000074,36.5655,-0.12629204632941793,-0.08301296548253909,-0.043279080846878835,0.5714285714285714,0.13000000000000256,24.66981821737288,3495754.0,686661.15,36.693333333333335,36.98666666666667,37.333333333333336,37.62666666666667,36.34666666666667,36.053333333333335,35.70666666666667,0.04090909090909084,0.0010928961748633646,0.7892521871656741,0.6367235394960002,0.6098114462700038,0.8501793928355728,0.6334489177523362,0.5639711662305334,0.3750000000000028,-0.001710598076919691,-0.00014921102521695104,-0.03503384411140011,0.9831730769230769
1057,1057,2016-10-25,36.24,36.35,35.81,35.93,4082318,M,-0.0,0.2629901358462828,0.8559376037107759,0.04958139175634521,0.4005744836240581,0.09436857854040527,0.3253793385764991,-0.03775966303874564,-801053.445342242,36.13203752510975,36.33472251405361,-425280.3599999988,-1.0913277068362897,36.108000000000075,36.532,-0.14563951777859785,-0.09553827594175084,-0.050101241836847,0.5,-0.7100000000000009,24.691266818637274,1747474.6,303042.65,36.03,36.25,36.56999999999999,36.79,35.71,35.49,35.17,0.0095532452936217,-0.0047091412742382745,0.5125075490060765,0.5063691793914538,0.4475712233845292,0.8618682278095213,0.4963733525756301,0.531423647753551,0.22222222222221785,-0.001093065570560003,-0.0001841255414617874,-0.040607384832689865,0.9807692307692308
1058,1058,2016-10-26,35.82,36.38,35.76,35.95,3899398,M,-0.0,0.2607826720511825,0.8244792565493398,0.04031969602861837,0.34233255708281074,0.09489145634484124,0.3342404184894241,-0.04858463115253956,-893291.2538841137,36.07135835007317,36.29808227461993,-626139.809999998,-1.1060559410880817,36.18000000000007,36.5245,-0.1575426419307604,-0.10793914913955276,-0.049603492791207626,0.42857142857142855,0.02000000000000313,24.720706408319305,1887201.2,747729.55,36.03,36.3,36.65,36.92000000000001,35.68,35.41,35.059999999999995,0.002230275996654737,-0.002773925104022034,0.4920380081475553,0.4961950847343535,0.3646916505788539,0.8664657493167883,0.4330661060181639,0.5099977396725681,0.30645161290323136,-0.0008828575459195539,-0.00022014266811645362,-0.04465163487190887,0.9783653846153846
1059,1059,2016-10-27,36.0,36.17,35.13,35.3,5347221,M,-0.0,0.2586617754637332,0.8532153556760944,0.059346544872720515,0.14212171154745812,0.09905117076922154,0.1715623401492664,-0.058011162803684665,-1514704.1840331154,35.81423890004878,36.20302681989422,-796888.8900000033,-1.1578610626482304,36.066000000000074,36.487,-0.21692494556074848,-0.1297363084237919,-0.08718863713695657,0.35714285714285715,-0.6500000000000057,24.788394619815346,162176.8,671063.05,35.533333333333346,35.93666666666667,36.57333333333335,36.97666666666667,34.896666666666675,34.49333333333334,33.856666666666676,-0.033141605039715166,-0.04723346828609987,0.2886630129463989,0.3819259599706117,0.5350981218448855,0.9035200169641464,0.3431979168326204,0.4769942919381838,0.1634615384615334,-0.0014812948769117606,-0.00027123234978373057,-0.06169197723472548,0.9759615384615384
1060,1060,2016-10-28,35.32,35.9,35.24,35.56,4083239,M,-0.0,0.25078383833922696,0.8274533082526148,0.056404866325746726,0.34384118923266704,0.1006245045645521,0.267330136560838,-0.05571711824728255,-525422.9206462376,35.72949260003252,36.14178617038049,-71697.99000000009,-1.2108383178406474,35.87600000000007,36.4125,-0.2402367225294171,-0.15183639124491696,-0.08840033128450013,0.42857142857142855,0.2600000000000051,24.85186261525887,309009.4,607063.65,35.56666666666667,35.893333333333345,36.22666666666667,36.553333333333335,35.23333333333334,34.90666666666667,34.573333333333345,-0.02947598253275105,-0.019845644983461933,0.2886630129463989,0.3819259599706117,0.5058952460756234,0.9159974431141884,0.3904147728379096,0.4777423103105938,0.4848484848484878,-0.0018454090549469156,-0.00032583190391490544,-0.06926691092485347,0.9735576923076923
1061,1061,2016-10-31,36.02,36.56,35.8,36.49,6991042,M,0.0,0.2518007196743015,0.8504595338189328,0.050292859052943055,0.8572225298093968,0.1005520894991902,0.5182939711176052,-0.04341814374570373,1781079.267245776,35.98299506668834,36.174949392249005,1956146.9900000081,-0.8371920166218252,35.846000000000075,36.423,-0.18157516063843104,-0.1577841451236198,-0.023791015514811248,0.5,0.9299999999999996,24.878681653197138,1108828.0,1170083.3,36.28333333333333,36.766666666666666,37.043333333333344,37.52666666666667,36.00666666666665,35.52333333333333,35.24666666666665,0.01558586139716121,-0.0019146608315098548,0.6152248284791382,0.5377026756980803,0.4506994564029501,0.9156021889572512,0.5629080941726415,0.5187092080754996,0.9078947368421056,-0.0010231802685636009,-0.0003594006629210421,-0.0530240307817268,0.9711538461538461
1062,1062,2016-11-01,36.44,37.35,36.42,36.84,7156028,M,-0.0,0.2527777233099614,0.8610649293097417,0.07082735690408191,0.8182107446182664,0.10098939439673102,0.609518292892671,-0.026855232953276062,527724.720417573,36.26866337779222,36.23828754536816,3933169.9200000037,-0.4138999682307944,36.02800000000007,36.437,-0.10562578695589764,-0.14735247349007538,0.041726686534177736,0.5,0.3500000000000014,24.970308622661506,3356497.2,1272839.25,36.87000000000001,37.32000000000001,37.8,38.25000000000001,36.39000000000001,35.94000000000001,35.46000000000001,0.024756606397774703,-0.013918629550321093,0.7825280820545657,0.6592059263479976,0.637942003635067,0.919937640908422,0.5258096971903639,0.5123190838041004,0.4516129032258085,0.0003383133969992669,-0.00036794636229390263,-0.031841323829043366,0.96875
1063,1063,2016-11-02,36.86,37.09,36.56,36.89,5097251,M,0.0,0.25730601410721576,0.8169229387351096,0.08168928259240417,0.7278213038283733,0.09896605482438907,0.6322251969285985,-0.00858391087971627,585173.5977417127,36.475775585194825,36.30035539819024,-757516.3999999973,-0.3329115850021701,36.21600000000008,36.4135,-0.040928975245002164,-0.12606777384106074,0.08513879859605858,0.5,0.049999999999997165,24.94175267107817,3596067.8,1227811.75,36.84666666666667,37.13333333333335,37.376666666666665,37.66333333333334,36.603333333333346,36.31666666666667,36.073333333333345,0.04504249291784713,-0.020966029723991485,0.7825280820545657,0.6592059263479975,0.7396147645916291,0.9009251093369728,0.5580869679382284,0.5228259814831345,0.6226415094339577,0.0015448058972467589,-0.0003562205293679477,-0.01364599005290138,0.9663461538461539
1064,1064,2016-11-03,37.04,37.46,36.81,36.89,5952334,M,-0.0,0.26144579549894104,0.7946665469037614,0.06236246456350775,0.6562534097887617,0.09444198952728194,0.6502081550088092,0.007473651948245678,-1270062.7539934102,36.61385039012988,36.35651202693402,-60184.69999999657,-0.12951482204103315,36.53400000000007,36.374,0.010225837066897723,-0.09880905165946904,0.10903488872636677,0.5714285714285714,0.0,24.920545484482414,4665512.0,887130.9,37.053333333333335,37.29666666666667,37.70333333333333,37.946666666666665,36.64666666666667,36.403333333333336,35.99666666666667,0.03740157480314955,-0.03023133543638272,0.8445677213765036,0.7092018035759305,0.5695875700907991,0.8588082317663385,0.4130836196511258,0.4847546425873047,0.12307692307692072,0.0023317053905124573,-0.00032945050414596343,0.0012391606630818251,0.9639423076923077
1065,1065,2016-11-04,36.97,37.46,36.8,36.85,4210241,M,-0.0,0.2687616304861243,0.7767110073165936,0.018520610520324592,0.5851175859936971,0.08529732602233554,0.6728796957380332,0.01633071834285514,-1622484.249005354,36.69256692675325,36.403510881511735,35480.399999999245,0.02525498924907643,36.79200000000007,36.3145,0.04699697677488501,-0.06964784597259824,0.11664482274748325,0.5714285714285714,-0.03999999999999915,24.87357768504581,3006816.0,342169.45,37.036666666666655,37.27333333333333,37.69666666666667,37.93333333333333,36.61333333333332,36.37666666666666,35.95333333333332,0.00986571663469442,-0.018380394246137396,0.8355486025565801,0.7058940691358816,0.17035257556594596,0.7743824364595261,0.3006416050199445,0.4458025409844738,0.0757575757575818,0.002659635833366197,-0.000292864507849203,0.012641554291069943,0.9615384615384616
1066,1066,2016-11-07,37.23,37.8,37.1,37.77,4792338,M,0.0,0.2793910988295684,0.7998162063410472,0.04364633949562001,0.9465032281901818,0.08753770674187998,0.9541030821110098,0.030105819072152908,911625.6656169769,37.051711284502176,36.53365270232014,-1020796.480000003,0.6340843446939319,37.04800000000007,36.32600000000001,0.14866100957431172,-0.025986074863216236,0.17464708443752794,0.6428571428571429,0.9200000000000016,24.773557107476172,2567075.2,800700.75,37.55666666666667,38.01333333333334,38.25666666666667,38.713333333333345,37.31333333333335,36.856666666666676,36.61333333333335,0.02524429967426709,0.014232008592910876,0.8909704333482068,0.7523128620540189,0.4042523964084333,0.7949736837763832,0.5194753557275847,0.4945016187138445,0.9571428571428654,0.0036061479094000154,-0.00022789334617162333,0.04397132931397448,0.9591346153846154
1067,1067,2016-11-08,37.71,38.24,37.48,37.87,5347968,M,0.0,0.2750201882776092,0.7945073788289082,0.055634354138901485,0.7972109126169378,0.09286249899366336,0.9479824534207076,0.04458672049528641,516076.879269989,37.32447418966811,36.66092387352774,1160481.5399999954,1.3380215183053779,37.25400000000007,36.3575,0.23459538274110514,0.026130216657648052,0.20846516608345708,0.6428571428571429,0.09999999999999433,24.76693621634423,2205463.2,1259631.8,37.863333333333344,38.24666666666668,38.62333333333334,39.00666666666668,37.48666666666667,37.10333333333333,36.72666666666667,0.026565464895635587,0.008790623335109172,0.9323043085219588,0.8004755403944664,0.51815055727266,0.8440620767905288,0.5173695353973363,0.4962784069065108,0.5131578947368394,0.004449061456882404,-0.000140963756289533,0.07182298477499338,0.9567307692307692
1068,1068,2016-11-09,37.19,38.91,36.75,38.38,11462487,M,0.0,0.28847979208957064,0.97657306165172,0.07076259058227154,0.8115971958654726,0.10145077911876199,1.0363200610511385,0.058082357594637424,2119913.1809318042,37.67631612644541,36.82464540938224,4068790.889999997,2.140360349177171,37.55200000000006,36.3995,0.3399331921140458,0.08889081174892763,0.25104238036511817,0.6428571428571429,0.5100000000000051,25.004261674197604,3478510.4,1646234.0,38.01333333333333,39.27666666666666,40.17333333333332,41.43666666666665,37.11666666666665,35.85333333333333,34.95666666666666,0.04039034968826245,0.0429347826086958,0.4957582844007792,0.5795231091294168,0.6643192003863663,0.9231894086333444,0.5964562334747682,0.5208832852610937,0.7546296296296321,0.005385430934634022,-2.777632055522841e-05,0.10631484494062987,0.9543269230769231
1069,1069,2016-11-10,39.99,42.0,39.6,40.53,18878735,M,-0.0,0.30141156830106297,1.3290299867648236,0.14351753156445982,0.9095487765596318,0.14276746166247184,1.2550796019218984,0.09376315848604362,-625584.5801650066,38.627544084296936,37.17753632277441,35991840.22000005,3.4970327631303513,38.28000000000007,36.58600000000001,0.5900989038208948,0.1891324301633211,0.4009664736575737,0.6428571428571429,2.1499999999999986,25.358194954329477,7254257.4,2825815.55,40.71,41.82,43.11000000000001,44.22,39.42,38.31,37.02,0.09986431478968792,0.13944335113859996,0.8664199340973066,0.8233898713018152,1.3734627770718828,1.3058225880957988,0.5268041556498455,0.5081801152362276,0.3875000000000001,0.008060094748563028,0.0001529111986426004,0.1794078306256468,0.9519230769230769
1070,1070,2016-11-11,40.49,41.37,40.17,41.36,9285733,M,0.0,0.3194460489363847,1.3118259885295134,0.16866944633292502,0.8295602744061026,0.1802793109909538,1.1745749674685666,0.13384836670408454,2564983.257052821,39.53836272286463,37.57586619679589,-6486726.9199999925,4.756191894400626,39.18200000000007,36.8755,0.8455837331773068,0.3204226907661183,0.5251610424111886,0.6428571428571429,0.8299999999999983,25.611777847101802,9953452.2,3681218.2,40.966666666666654,41.76333333333332,42.16666666666666,42.963333333333324,40.56333333333333,39.766666666666666,39.36333333333333,0.09504898067249128,0.17868338557993718,0.8664199340973066,0.8233898713018152,1.65220156155417,1.6619724331117292,0.6817583259887865,0.5542264534676982,0.9916666666666684,0.011031041061709221,0.0003984371633638244,0.24944909961218745,0.9495192307692308
1071,1071,2016-11-14,41.1,43.94,41.1,41.56,13391242,M,-0.0,0.3299648282183833,1.5155825233922444,0.1713373965550502,0.7367308134558881,0.2051305616331305,1.071510814005214,0.16314725375418598,-2148848.09111362,40.212241815243075,37.955307511386756,-5652117.7900000075,6.083350734219893,39.94000000000007,37.19900000000001,1.052068044118343,0.4667517614365633,0.5853162826817797,0.7142857142857143,0.20000000000000284,25.984659640167283,11673233.0,4711222.55,42.2,43.29999999999999,45.03999999999999,46.13999999999999,40.46,39.36,37.62,0.09743860575653564,0.18068181818181814,0.9392351413393172,0.8944811677689691,1.7108039046021792,1.9076629405477057,0.5084961609878297,0.5168688703741949,0.16197183098591597,0.013031862568157727,0.0006899050951587278,0.30543673458391457,0.9471153846153846
1072,1072,2016-11-15,41.57,41.79,40.45,41.39,7689786,M,0.0,0.3408005772697714,1.4921715202732782,0.13062708141700666,0.6405106235930439,0.2199131806340648,0.9705639297013704,0.18730744470889205,-15305.584684771602,40.604827876828715,38.28242108173088,-47878.410000001815,7.491276482050562,40.64400000000006,37.50850000000001,1.1882928684269274,0.6110599828346363,0.5772328855922911,0.7142857142857143,-0.1700000000000017,26.284206888767205,9065682.2,4093779.3,41.21,41.97,42.55,43.31,40.63,39.87000000000001,39.290000000000006,0.07842626367899942,0.16296712559707774,0.7872792593224889,0.7984169844868519,1.3273017742782067,2.0621533839532047,0.5728282864296975,0.5344520767493606,0.7014925373134331,0.013515143216899629,0.0010029866704140873,0.34348939252215804,0.9447115384615384
1073,1073,2016-11-16,41.79,42.06,41.2,41.84,5874239,M,0.0,0.3537694797792554,1.4078819842368409,0.04734020270547944,0.7575561797476897,0.23514795235826455,0.9519015150219756,0.2097580238481156,785699.4880038062,41.01655191788581,38.62123812156604,-2104760.8400000087,9.019135417782142,41.33600000000006,37.82100000000001,1.3173773562079774,0.7523234575093045,0.5650538986986728,0.7857142857142857,0.4500000000000029,26.439666371816926,7948032.6,4227453.0,41.7,42.2,42.56,43.06,41.34,40.84,40.48,0.032321736984949466,0.16643434625034867,0.8055720637798525,0.8085125727975537,0.4892136547584253,2.2233826765354814,0.6299475397903413,0.5544267405362433,0.7441860465116291,0.01332833580755212,0.001333386309720359,0.3798472359975533,0.9423076923076923
1074,1074,2016-11-17,41.94,43.09,41.68,43.05,6277021,M,0.0,0.3665332909175564,1.4081643863385958,0.0671839980242297,0.9304550923305636,0.25761804780981795,0.9951271625471124,0.2346671473484609,2013067.2908456381,41.69436794525721,39.043024967131174,-2345189.8999999957,10.806206565220624,41.84000000000006,38.18,1.5000232955668338,0.9018634251208104,0.5981598704460233,0.7857142857142857,1.2099999999999935,26.53777148279292,5427689.8,4377409.0,42.60666666666667,43.53333333333334,44.01666666666667,44.94333333333334,42.123333333333335,41.196666666666665,40.71333333333333,0.040860735009671134,0.1791290057518488,0.8667639364959399,0.8437842850599306,0.7027446193334436,2.458964266344713,0.7438420950848124,0.5941604991207683,0.9716312056737544,0.013621407531698212,0.0016949799894659429,0.42445147412035067,0.9399038461538461
1075,1075,2016-11-18,42.72,43.22,41.96,43.03,5055445,M,0.0,0.3797224857309409,1.3884091348267826,0.07651542227556019,0.7652650245357084,0.2753479729919332,0.926689844065536,0.2530423581987385,1571682.689982072,42.13957863017147,39.42273687502345,-974364.859999998,12.08821903211217,42.17400000000005,38.506,1.62443224183869,1.0463771884643864,0.5780550533743036,0.7857142857142857,-0.019999999999996017,26.553417380559004,2559454.2,3957182.95,42.73666666666667,43.51333333333334,43.99666666666668,44.77333333333334,42.25333333333335,41.47666666666667,40.99333333333335,0.0353705486044273,0.17439956331877732,0.8737831213102863,0.8479615919959897,0.8067403547623699,2.6506372620068452,0.7789635131253251,0.6184505800812999,0.8492063492063507,0.013402986442053271,0.002067649462704204,0.4582083525806707,0.9375
1076,1076,2016-11-21,43.14,43.6,42.85,43.19,3919340,M,-0.0,0.3946603862848358,1.3032879168498779,0.07771405309505916,0.70891065992642,0.2892271251107532,0.8878753344333746,0.2641761332526036,8411.274377882248,42.48971908678098,39.781523839306935,-330075.34000000136,13.249205024214465,42.500000000000064,38.8335,1.7161551229139251,1.1803327753542945,0.5358223475596307,0.7857142857142857,0.1599999999999966,26.40973362182983,665073.8,4003552.5,43.21333333333333,43.57666666666666,43.96333333333333,44.32666666666666,42.826666666666654,42.46333333333333,42.076666666666654,0.04348876540227101,0.20205956025605334,0.8961684087089513,0.8608187047235794,0.8257118141350047,2.807925390747109,0.6704201198613262,0.6027251280100646,0.4533333333333284,0.012712626653859551,0.0024400233117534693,0.48676363432988895,0.9350961538461539
1077,1077,2016-11-22,43.74,44.68,43.48,44.46,6643895,M,0.0,0.4098636605039653,1.3281828612698947,0.08618455781624622,0.8622407336462468,0.30421553966201986,0.9353831867792768,0.2850933879900253,823364.517293348,43.14647939118733,40.22709299746817,2271483.4999999995,14.888900808117445,43.11400000000005,39.26000000000001,1.869770996999485,1.3182204196833325,0.5515505773161522,0.8571428571428571,1.2700000000000031,26.367695752890764,3531810.0,4539863.15,44.20666666666667,44.93333333333334,45.40666666666667,46.13333333333335,43.73333333333334,43.00666666666667,42.533333333333346,0.06261950286806876,0.23671766342141856,0.9391263103295776,0.8916068099484343,0.928940256422411,2.9858755217827246,0.7191689687964402,0.6231005126440269,0.8166666666666681,0.012733273363760822,0.0028293053736658602,0.5232650858068246,0.9326923076923077
1078,1078,2016-11-23,44.21,45.16,44.19,44.91,5411744,M,0.0,0.42491182885758416,1.2804251464339085,0.08142367242280275,0.831976373101689,0.3154751255441828,0.9152668014703688,0.3039610005924608,577389.3193287798,43.73431959412488,40.67308414056645,2566934.8799999985,16.1908886442069,43.728000000000044,39.708,2.00471481861068,1.4555192994688015,0.5491955191418776,0.8571428571428571,0.4499999999999957,26.33330889901564,3439311.0,4615480.45,44.75333333333333,45.31666666666666,45.72333333333333,46.28666666666666,44.34666666666666,43.78333333333333,43.37666666666666,0.04320557491289197,0.2722379603399433,0.9515888023569152,0.902890053257694,0.8901235869260807,3.1317215712771023,0.7268686596099978,0.6344498010814638,0.7422680412371131,0.01284627210455395,0.003227873998320332,0.5560607456911543,0.9302884615384616
1079,1079,2016-11-25,45.15,45.41,44.09,44.14,3061509,M,-0.0,0.4234154922571625,1.2857017935760529,0.07396973049462789,0.5596799350994115,0.30889325888655433,0.8217206336971931,0.2955539449259456,-1310378.2979499716,43.86954639608325,41.00326660336964,1146363.520000001,17.228023609299573,43.94600000000005,40.15,2.026169780629587,1.5696493957009592,0.4565203849286279,0.8571428571428571,-0.769999999999996,26.374931232294607,1571605.0,4729766.05,44.54666666666666,45.00333333333332,45.86666666666665,46.32333333333331,43.68333333333332,43.22666666666667,42.36333333333333,0.025795956309551463,0.2412823397075365,0.9578769393401304,0.9087375946518228,0.8126684440792302,3.1005160860737893,0.4972053690329272,0.5776335141097801,0.037878787878785916,0.011755271968302271,0.003600860826365374,0.5559772102949948,0.9278846153846154
1080,1080,2016-11-28,43.75,44.0,42.86,43.13,7049142,M,-0.0,0.4170335822104221,1.2849415544325795,0.07144228898820376,0.2338454094725711,0.2931277189826337,0.7189809882436229,0.2748516267413029,-2243680.098745572,43.62303093072217,41.205812641143964,-2914568.43999999,17.911175082041762,43.96600000000005,40.5285,1.93931916932668,1.6435833504261037,0.2957358189005765,0.7857142857142857,-1.009999999999998,26.37527888766969,1172865.6,4173147.0,43.33000000000001,43.80000000000001,44.47000000000001,44.94000000000001,42.66000000000001,42.19000000000001,41.52000000000001,-0.0013892104653853944,0.18196766237325296,0.5055604626362336,0.6730757380326222,0.7852579194138426,2.970006689696917,0.41041761444300495,0.5451771894577211,0.2368421052631605,0.009268952529227721,0.003917502006029292,0.5232454735347125,0.9254807692307692
1081,1081,2016-11-29,43.27,43.61,42.39,42.49,5770546,M,-0.0,0.40333245023360176,1.2762826805082357,0.0906394499872118,0.16367638513993835,0.2783182120439656,0.6462161334425882,0.24841756921446664,-2776121.772335926,43.245353953814785,41.32811619913025,-4469911.049999996,18.383160259827665,43.826000000000036,40.8285,1.7981191841825108,1.6744905171773852,0.12362866700512587,0.7142857142857143,-0.6400000000000006,26.414501891305342,-765111.6,3535067.6,42.83000000000001,43.27000000000001,44.05,44.49000000000001,42.05000000000001,41.61000000000001,40.83000000000001,-0.04430949167791271,0.15336590662323554,0.403605091701384,0.6025151509663598,0.993091133784887,2.8408287801092618,0.3009341473335884,0.5010619536155339,0.08196721311475534,0.006140314162391683,0.0041652599802451725,0.4784476558564951,0.9230769230769231
1082,1082,2016-11-30,42.39,42.66,41.58,42.2,6986774,M,0.0,0.3955425210068424,1.2501116564404706,0.10479706904391832,0.2417207686380555,0.2621904045687829,0.6024119669108747,0.21430055496027556,-877135.5970186724,42.89690263587652,41.41115275159404,58002.23999999997,18.598466538974854,43.37400000000004,41.0965,1.6438671253466808,1.6683658388112441,-0.024498713464563115,0.6428571428571429,-0.28999999999999915,26.479704961673132,-3491245.4,2827927.5,42.14666666666667,42.713333333333345,43.22666666666667,43.79333333333334,41.63333333333335,41.06666666666667,40.55333333333334,-0.060342908038298684,0.1439414475467607,0.2714994925172828,0.4965025357189589,1.1363670181777292,2.6937769903402473,0.39198078958041865,0.5080154888973001,0.5740740740740792,0.0031740247134827647,0.004344884137436022,0.43530379983268985,0.9206730769230769
1083,1083,2016-12-01,42.01,43.45,41.9,42.42,5248235,M,-0.0,0.3880580792007403,1.2900967689150749,0.07340093251999058,0.35510646671822016,0.2433771594088095,0.603980008975588,0.1825169921290329,-899329.5481931169,42.73793509058435,41.507233441918416,36561.77000000015,18.354235368745393,42.87600000000004,41.373000000000005,1.5218307017533943,1.639058811399674,-0.1172281096462795,0.6428571428571429,0.21999999999999886,26.606795509673013,-3523947.2,2835476.7,42.59,43.28,44.13999999999999,44.83,41.72999999999999,41.03999999999999,40.17999999999999,-0.038966923425464414,0.14990512333965847,0.4965181453058192,0.5813978581015959,0.7867845956817798,2.517310804055169,0.3731484833761935,0.4915839062373423,0.335483870967743,0.001102692417068835,0.00447048078300113,0.40402142930628304,0.9182692307692308
1084,1084,2016-12-02,42.49,43.04,42.25,42.48,3662473,M,-0.0,0.3736328493447957,1.2234171997263985,0.032709069379200026,0.45400893505263107,0.22027652716969148,0.5901900667849751,0.1509495847885565,-763987.396717314,42.65195672705624,41.599877876021424,-930804.27999998,18.03425577218561,42.54400000000004,41.6525,1.4136616439324072,1.5939793779062208,-0.1803177339738136,0.5714285714285714,0.059999999999995175,26.58298814041828,-2179150.8,3018600.35,42.59,42.92999999999999,43.38,43.71999999999999,42.13999999999999,41.8,41.35,-0.01507071643867391,0.15278154681139744,0.4965181453058192,0.5813978581015958,0.3478936619171718,2.2937670119838933,0.34581206908623746,0.4724939380724834,0.29113924050632545,-0.0001587007414111779,0.00455010916082587,0.3797910875985368,0.9158653846153846
1085,1085,2016-12-05,42.62,43.0,41.52,41.91,7201829,M,-0.0,0.35994684306175306,1.257628239762878,0.023403061316275172,0.10604050763146863,0.19051358580129327,0.5005636578186993,0.1210560364277046,-1236195.699463826,42.40463781803749,41.629413316400324,-996332.94000001,17.441384011476732,42.30000000000004,41.9055,1.2673336169338327,1.5286502257117434,-0.26131660877791063,0.5,-0.5700000000000003,26.630944607917034,-2209688.2,2869020.95,42.143333333333345,42.76666666666667,43.62333333333334,44.24666666666667,41.286666666666676,40.66333333333334,39.80666666666668,-0.013650270651918223,0.10961080222398713,0.31839858069744753,0.4774901050595479,0.24748737341961025,1.9958917674490235,0.3183792172286615,0.4525910404954383,0.2635135135135097,-0.001341882550505648,0.0045765684048995605,0.3441696466037827,0.9134615384615384
1086,1086,2016-12-06,41.8,42.68,41.33,42.4,6825860,M,0.0,0.35001013631219635,1.269944474461161,0.02204876913257652,0.6265733093914984,0.1655111403367165,0.5377107270388601,0.09815367527650984,1037765.8924478651,42.403091878691654,41.70280252436221,-253070.9599999946,16.701880827355904,42.28200000000004,42.13699999999999,1.1773349220838585,1.4583871649861666,-0.28105224290230835,0.5,0.490000000000002,26.68542157691592,309593.0,2970697.05,42.136666666666656,42.94333333333333,43.48666666666666,44.29333333333333,41.59333333333333,40.786666666666655,40.24333333333333,0.004739336492890894,0.11961975178241355,0.2815897426772725,0.4526084865630074,0.23306651411590035,1.743535730092055,0.4764503423499717,0.4849721406951673,0.7925925925925921,-0.0017249509689344607,0.004570193856800544,0.3222557158311545,0.9110576923076923
1087,1087,2016-12-07,42.56,43.23,42.35,43.18,4518899,M,0.0,0.3450445421680679,1.2179518778663392,0.042762326192653737,0.8864663892259469,0.13554899922434854,0.6352734665176627,0.07562206540012502,1877179.154051169,42.66206125246111,41.84348799823247,-3407321.100000008,16.189356974421905,42.478000000000044,42.40249999999999,1.1556284241577046,1.3978354168204743,-0.2422069926627697,0.5,0.7800000000000011,26.645156068499247,2610727.6,2929243.6,42.92,43.48999999999999,43.79999999999999,44.36999999999998,42.60999999999999,42.04,41.73,0.01791607732201787,0.12506513809275654,0.5107894012700179,0.5354270876346018,0.4541145230028869,1.4369041099026094,0.6320275009605881,0.5286111575986581,0.9431818181818212,-0.0010328187243318033,0.0045532166282280856,0.3157283041642435,0.9086538461538461
1088,1088,2016-12-08,43.21,43.79,42.67,43.07,4230558,M,-0.0,0.3345780047647225,1.20489162748416,0.04894963816300682,0.7215140822058222,0.10185127285594643,0.5997090999499329,0.05459237232031432,390885.0993387692,42.79804083497408,41.96029866506747,-1738852.3400000043,15.591230893862313,42.60800000000004,42.63699999999999,1.1166774252223064,1.3416038185008408,-0.2249263932785344,0.5,-0.10999999999999943,26.659383698420733,714969.0,2144591.35,43.17666666666667,43.68333333333334,44.29666666666667,44.80333333333334,42.56333333333335,42.05666666666667,41.44333333333334,0.01388888888888897,0.0626696274364668,0.6637203546196531,0.6069790481892876,0.5214115457123492,1.0856581801897467,0.5403992863546777,0.5122808432695342,0.3571428571428567,-0.0002560789786058507,0.004522085289728786,0.3075048788256394,0.90625
1089,1089,2016-12-09,43.04,43.08,42.17,42.44,3613151,M,-0.0,0.3323566417787076,1.1655727438196049,0.049217465186963086,0.4236882978362582,0.09063034083060703,0.4244744396936992,0.03450667726534405,-335518.7327736804,42.67869388998272,42.00598450648962,670253.5200000018,14.905508976766178,42.60000000000004,42.7325,1.0231781818943304,1.2779186911795388,-0.2547405092852084,0.42857142857142855,-0.6300000000000026,26.655316703686854,-740155.8,1019997.05,42.56333333333333,42.95666666666666,43.47333333333333,43.86666666666666,42.04666666666667,41.653333333333336,41.13666666666667,0.012646146504414249,0.02611218568665373,0.4772358930166763,0.5221246267938873,0.5241660042411573,0.9682152598859788,0.4591672898042163,0.4917496483584636,0.29670329670329343,-0.0001923953494388693,0.0044630558236015685,0.28367025787194194,0.9038461538461539
1090,1090,2016-12-12,42.24,42.3,40.37,40.46,8359123,M,-0.0,0.3323308338429888,1.2861630446436576,0.10336934305975767,0.07700333155720976,0.09863310467992192,-0.02904703898260243,0.0006192128520642179,-2546410.692914844,41.939129259988476,41.858747886823934,-10775554.65,13.860303641065569,42.310000000000045,42.68749999999999,0.7803149208038036,1.1783979371043918,-0.3980830163005882,0.35714285714285715,-1.9799999999999969,26.775172452632408,-971614.6,137754.25,41.04333333333333,41.716666666666654,42.973333333333336,43.64666666666666,39.786666666666655,39.11333333333333,37.856666666666655,-0.04575471698113202,-0.026467757459095315,0.19752480230895875,0.32739669954499856,1.093389226214588,1.0526001640060416,0.321655567986922,0.4493575032150226,0.04663212435233338,-0.0020671283908246,0.004337041758383764,0.21340135775681648,0.9014423076923077
1091,1091,2016-12-13,40.25,40.92,39.99,40.71,5360146,M,0.0,0.3323060379831805,1.23867463869117,0.12391667461860875,0.2573557856551553,0.10465788606144577,0.06644830123358679,-0.024113841123446545,127564.20627449591,41.52941950665899,41.74934332617404,-3022301.3499999945,12.699729451122018,41.97200000000005,42.645,0.6010879792564765,1.0629359455348089,-0.4618479662783324,0.2857142857142857,0.25,26.827532459602256,-1264757.4,-263800.55,40.54,41.09,41.47000000000001,42.02,40.16,39.61,39.23,-0.057202408522464075,-0.01642908915196907,0.16836025216833544,0.29952585444199703,1.3002576667730632,1.1157838877725887,0.4725015614536465,0.4802942694218867,0.7741935483870958,-0.0037444888461829096,0.004167173129019089,0.16398374833855395,0.8990384615384616
1092,1092,2016-12-14,40.58,40.92,40.14,40.16,4294584,M,-0.0,0.3328834334816434,1.177518020199014,0.1257259395448714,0.2677383431627791,0.11439447495832457,0.002495949634040294,-0.04491293921354174,-1021792.2075420612,41.072946337772656,41.59797729510986,1219361.7000000174,11.340198939370095,41.36800000000004,42.5835,0.4099433614714769,0.9323374287221424,-0.5223940672506655,0.21428571428571427,-0.5500000000000043,26.800780204356137,-3027454.0,-94040.45,40.406666666666666,40.67333333333333,41.18666666666667,41.45333333333333,39.89333333333333,39.626666666666665,39.11333333333333,-0.06756442999767827,-0.04015296367112826,0.16836025216833544,0.29952585444199703,1.3002576667730612,1.2178292810969535,0.3235480495161045,0.4369939604903756,0.025641025641020502,-0.005282049545914036,0.003953999015395741,0.11317243246065008,0.8966346153846154
1093,1093,2016-12-15,40.09,40.66,40.05,40.14,6317024,M,-0.0,0.34484191845158696,1.1018489508391456,0.09378142553367899,0.3321390495654788,0.1248888270332828,0.055636179389242035,-0.059123955280889276,-1519568.105985625,40.76196422518178,41.4591223146232,-545420.4600000003,10.033374682399252,40.78200000000004,42.49849999999999,0.2539190214806908,0.7966537472738521,-0.5427347257931613,0.21428571428571427,-0.019999999999996017,26.41443775216721,-3444747.2,-703603.6,40.28333333333333,40.516666666666666,40.89333333333333,41.126666666666665,39.906666666666666,39.67333333333333,39.29666666666667,-0.05419415645617336,-0.06759581881533093,0.15756091444420994,0.29132215755636204,0.9561485240286252,1.3268969539184925,0.2648790275462574,0.4094270103109649,0.1475409836065631,-0.006219037934325622,0.003710979067476822,0.07292117150867868,0.8942307692307692
1094,1094,2016-12-16,39.77,39.78,37.32,37.47,12889767,M,-0.0,0.35727950902985584,1.3309357573939262,0.13239337024914016,0.05995703274824326,0.1639228786276341,-0.1862703475570192,-0.09129838142884322,-3769334.8024330004,39.664642816787854,41.079205903706686,-23121042.26999998,8.09796592026353,39.78800000000004,42.2195,-0.08420738758879764,0.6204815203013222,-0.7046889078901198,0.21428571428571427,-2.6700000000000017,26.075967117221783,-5300070.4,-1661943.0,38.19,39.06,40.65,41.52,36.6,35.73,34.13999999999999,-0.07390014829461201,-0.12921217755054618,0.04230968829930189,0.14699489963436016,1.3169168538681983,1.7301854935548495,0.19691122161620392,0.3762411626390727,0.06097560975609696,-0.008874449205128022,0.0033909688142226865,-0.01247693268354021,0.8918269230769231
1095,1095,2016-12-19,37.36,37.88,36.94,37.0,7911111,M,-0.0,0.3657290924449351,1.2788109897414033,0.1762038668890419,0.195740941337246,0.19781026156937365,-0.09311533634628012,-0.11840386823893753,-2941725.4774556323,38.776428544525224,40.69071010335367,-5005433.180000002,6.1526517036480985,39.09600000000004,41.91799999999999,-0.3856544899926462,0.4192543182425285,-0.8049088082351747,0.21428571428571427,-0.4699999999999989,25.79696525989565,-5210468.0,-1804726.3,37.27333333333333,37.60666666666667,38.213333333333345,38.54666666666667,36.66666666666666,36.33333333333333,35.72666666666665,-0.09113239990174406,-0.14332021301227132,0.037031154581550214,0.1359178770293527,1.722216594973497,2.0729526361162507,0.1525507434888175,0.34648769831478426,0.06382978723404464,-0.011505064016958607,0.003010051422288777,-0.0841791661393754,0.8894230769230769
1096,1096,2016-12-20,37.25,38.16,37.25,37.95,6167077,M,0.0,0.3738473196476584,1.262969524442549,0.15608874449306218,0.4012679680769978,0.21403800149065494,0.08434121569570584,-0.13511728372009155,916699.286976855,38.50095236301682,40.42969009351047,-3226891.2000000267,4.3027763845958376,38.54400000000003,41.65599999999999,-0.541652595978654,0.227072935398292,-0.768725531376946,0.2857142857142857,0.9500000000000028,25.327700543287364,-5049081.8,-1692339.45,37.78666666666667,38.323333333333345,38.69666666666666,39.23333333333333,37.41333333333334,36.87666666666667,36.50333333333335,-0.055029880478087496,-0.14642375168690955,0.1468330793353455,0.1891284506370687,1.5040711419351485,2.2289917475236805,0.3581107520694701,0.3867489431639263,0.7692307692307753,-0.012237254461286021,0.002612703024492935,-0.11916432741391934,0.8870192307692308
1097,1097,2016-12-21,37.86,37.97,37.48,37.51,2991224,M,-0.0,0.3861289345800133,1.1599069211835429,0.12996511554792073,0.3979859078965252,0.22360063988158266,0.08875591582334523,-0.15569723678098513,520000.4782058168,38.17063490867788,40.15162437031899,-2509142.3699999903,2.3550479689217445,38.01400000000003,41.3085,-0.6928003702300387,0.043098274272625775,-0.7358986445026645,0.21428571428571427,-0.4400000000000048,24.91829307993909,-4788409.8,-2174095.4,37.65333333333333,37.826666666666654,38.143333333333345,38.316666666666656,37.33666666666666,37.16333333333333,36.84666666666666,-0.06552067762830101,-0.16477399242930302,0.1468330793353455,0.1891284506370687,1.2351234756096656,2.3091517581370886,0.2591486646449536,0.3557466142717353,0.06122448979592044,-0.01218524211487973,0.002201922706729447,-0.1524201701633112,0.8846153846153846
1098,1098,2016-12-22,37.53,37.67,36.05,36.17,6756141,M,-0.0,0.3979289175542367,1.2212526650257376,0.07269869758334843,0.1119512401330374,0.2364711826961056,0.01355063569476702,-0.18141855214069327,-685556.2070951224,37.50375660578525,39.77242204933624,-1048533.9200000006,0.32386352533106155,37.22000000000004,40.87149999999999,-0.9102204170625471,-0.14756546399440884,-0.7626549530681381,0.21428571428571427,-1.3399999999999963,24.768702453757086,-4876233.2,-2782489.65,36.63,37.21000000000001,38.250000000000014,38.83000000000001,35.59,35.01,33.97,-0.03469442220443013,-0.18056184866334388,0.0685692416237987,0.1314066745394033,0.6764613810130577,2.4162329858909697,0.1974571344546613,0.3289206580624344,0.07407407407407668,-0.01272035973509073,0.0017610723391341184,-0.1971112827663176,0.8822115384615384
1099,1099,2016-12-23,36.28,36.93,36.26,36.48,4269404,M,-0.0,0.404667072144339,1.1597523096889724,0.07864747437602143,0.31385360517496425,0.2447311969290044,0.09546056258155054,-0.1993526689807642,248462.27983600038,37.16250440385684,39.458858044637545,-1316525.4000000015,-1.3851121057507043,37.022000000000034,40.4885,-1.0454615316229263,-0.32714467752011245,-0.7183168541028141,0.21428571428571427,0.3099999999999952,24.583170451295015,-1444399.0,-2415944.0,36.556666666666665,36.85333333333333,37.22666666666667,37.52333333333333,36.18333333333333,35.886666666666656,35.51333333333333,-0.014054054054054138,-0.15418502202643186,0.06856924162379871,0.1314066745394033,0.7279216990872671,2.4771997667149983,0.241090825954848,0.3288670914807951,0.3283582089552213,-0.012583232237505777,0.0013146518300591226,-0.22469186669292626,0.8798076923076923
1100,1100,2016-12-27,36.67,37.23,36.26,36.53,4671261,M,-0.0,0.411749768972343,1.1344520017304425,0.08243772131865737,0.36926215980195537,0.25354143446946703,0.14363035730210327,-0.20876844831497984,415425.8986219843,36.95166960257122,39.1799191832435,-750556.7999999988,-3.0765155803647364,36.92800000000004,40.15849999999999,-1.1355169742941769,-0.4888191368749254,-0.6466978374192515,0.2857142857142857,0.05000000000000426,24.440884986867793,1072075.4,-1829923.85,36.67333333333333,37.086666666666666,37.643333333333345,38.056666666666665,36.11666666666667,35.70333333333333,35.14666666666667,-0.0374176548089592,-0.1402682984231584,0.23601158546794299,0.20270636880300166,0.7610650432138458,2.545460924035522,0.2535107224578723,0.32405598900299754,0.2783505154639211,-0.01179114705139433,0.0008754344082860148,-0.24509625696902235,0.8774038461538461
1101,1101,2016-12-28,36.61,36.93,36.12,36.28,3521569,M,-0.0,0.4194676954832985,1.0911917348330509,0.05821383224857767,0.35260132680147743,0.26336525926417986,0.16001494194253107,-0.21925942294518735,427010.17232272116,36.72777973504749,38.903736403886974,149566.9999999968,-4.873909726388892,36.59400000000004,39.84799999999999,-1.2130758883608976,-0.6336704871721199,-0.5794054011887777,0.21428571428571427,-0.25,24.37031051165298,-865653.8,-1717475.0,36.443333333333335,36.76666666666667,37.253333333333345,37.57666666666668,35.95666666666667,35.63333333333333,35.14666666666667,-0.03279125566515588,-0.1402843601895735,0.2112056776959161,0.19392693011040044,0.5325692443261133,2.6236447127897597,0.2348507697044265,0.312005977116763,0.19753086419753488,-0.010821405279543195,0.0004464429550248628,-0.2645019707135224,0.875
1102,1102,2016-12-29,36.24,36.6,35.92,36.29,3121602,M,0.0,0.42828351839157336,1.0363661701886435,0.016524519855158633,0.4001109262727509,0.2707362581248252,0.19532967282018412,-0.22326225580263198,1158401.5115118665,36.58185315669832,38.65480912732631,371918.1600000031,-6.57984615868468,36.35000000000004,39.55249999999999,-1.2592194718791492,-0.7587802841135258,-0.5004391877656231,0.14285714285714285,0.009999999999998009,24.270684487847628,356911.4,-1212056.2,36.27,36.62000000000001,36.95,37.3,35.94000000000001,35.59,35.26000000000001,0.003317666574509191,-0.14450730787364455,0.1745199681686833,0.18071273422080025,0.1501665741837542,2.677073962370536,0.3379397288225577,0.3341118504445779,0.5441176470588199,-0.009649462824651685,3.552274427526745e-05,-0.2799499867454928,0.8725961538461539
1103,1103,2016-12-30,36.36,36.5,35.61,35.81,3788295,M,-0.0,0.4397921476681622,1.0168506808301578,0.031355257840968,0.08857361463065601,0.27660221459445616,0.18549783877738094,-0.22317834942185413,601030.4749771119,36.32456877113221,38.38387492472381,-125361.21999999971,-8.064148195484746,36.27800000000004,39.22199999999999,-1.3193123709674666,-0.8708867014843141,-0.4484256694831524,0.14285714285714285,-0.4799999999999969,24.216830775313053,950480.6,-1663882.7,35.973333333333336,36.33666666666667,36.86333333333333,37.22666666666667,35.44666666666667,35.083333333333336,34.55666666666667,-0.01836622807017529,-0.1570150659133709,0.12674647818954998,0.1606592139597818,0.2843765109886596,2.712223015205939,0.3001995195895713,0.3236934933663894,0.22471910112359852,-0.008836880426430367,-0.0003622633066874356,-0.29860175561438684,0.8701923076923077
1104,1104,2017-01-03,36.13,36.2,34.79,35.23,9777618,M,-0.0,0.4469496670140121,1.069270590052804,0.05738165107345445,0.11399787369978075,0.28185964605239583,0.1686273275941825,-0.21794443480538075,-187400.92033600016,35.959712514088146,38.08350588427392,-7055376.960000015,-9.5344658543898,36.02800000000004,38.859499999999976,-1.3976266096153864,-0.9762346831105286,-0.4213919265048578,0.14285714285714285,-0.5800000000000054,24.232328692791892,-1858923.8,-2335887.25,35.406666666666666,36.02333333333333,36.81666666666667,37.433333333333344,34.61333333333333,33.99666666666666,33.20333333333333,-0.035587188612099765,-0.15938916726318306,0.0629411671647245,0.1192807014586305,0.5168365312186048,2.738231228943268,0.30415192558926424,0.32258523091136665,0.31205673758865005,-0.008598830885984845,-0.0007527907180305634,-0.3209932425663979,0.8677884615384616
1105,1105,2017-01-04,35.51,36.4,35.48,35.84,9508705,M,-0.0,0.4630615241856799,1.0827011780457638,0.04847186230839117,0.4712586713879454,0.2820466732799154,0.25024349270835594,-0.2035765507438368,18784.296120413583,35.91980834272543,37.86983865720021,171612.3000000065,-10.751658088998592,35.890000000000036,38.55599999999999,-1.3943955816658544,-1.0598668628215941,-0.3345287188442605,0.21428571428571427,0.6100000000000065,24.238624059198266,-891435.0,-1500360.55,35.906666666666666,36.333333333333336,36.82666666666668,37.253333333333345,35.41333333333333,34.986666666666665,34.49333333333333,-0.012127894156560027,-0.15471698113207535,0.20039061269865904,0.1801463666395854,0.4349137845620403,2.718647883745104,0.33320273300154063,0.32912990871276915,0.39130434782609336,-0.0076868411110170235,-0.0011147074656561995,-0.3246650086354921,0.8653846153846154
1106,1106,2017-01-05,31.57,31.85,30.51,30.86,29249122,M,-0.0,0.4785415438212038,1.6490076876396622,0.2571684311014048,0.05915561897094824,0.32256853613109004,-0.08110346384385797,-0.24256546906698614,-3685772.182925405,34.23320556181695,37.2022349755621,-85090472.47999994,-13.100398869050359,34.806000000000054,37.97899999999999,-1.7732385588374129,-1.2025412020247581,-0.570697356812655,0.21428571428571427,-4.980000000000004,24.293800916369108,-6036945.6,-3304109.65,31.07333333333333,31.63666666666667,32.41333333333333,32.97666666666667,30.29666666666667,29.73333333333333,28.95666666666667,-0.14962799669330393,-0.285317276516906,0.03283445616719079,0.05946196174636052,2.237751103228877,3.062707608430666,0.3091998319512753,0.32265982501162394,0.2611940298507447,-0.01152008046140305,-0.0015532467441546954,-0.3837879068726357,0.8629807692307692
1107,1107,2017-01-06,30.82,31.52,30.55,30.82,11484816,M,-0.0,0.4935947614695163,1.5584733292877069,0.3124173422691784,0.2254138443198878,0.3428019812170402,-0.01071937503455126,-0.26315861158820825,-2041217.8293759124,33.09547037454464,36.594403073127616,-9920077.220000006,-15.386232554671954,33.71200000000005,37.361,-2.05303589355772,-1.3726401403313504,-0.6803957532263694,0.21428571428571427,-0.03999999999999915,24.338951125043195,-8958229.2,-4104295.4,30.96333333333333,31.37666666666667,31.93333333333333,32.346666666666664,30.40666666666667,29.993333333333336,29.43666666666667,-0.1393465512426697,-0.2844207104713257,0.03283445616719078,0.05946196174636052,2.6330533606446394,3.2018562050624597,0.2989167264554893,0.3184398907689852,0.2783505154639174,-0.015520379307289668,-0.00203803469427624,-0.4261524129263381,0.8605769230769231
1108,1108,2017-01-09,30.88,30.99,30.35,30.46,9250337,M,-0.0,0.5082795935278346,1.4360102187160124,0.3252621981716097,0.29448458938110744,0.3549672259981337,0.01906423447774305,-0.2761520260740775,-1494484.2431744663,32.216980249696434,36.01017420902022,7999513.999999971,-17.66367786546279,32.64200000000005,36.73049999999999,-2.27757185787069,-1.5536264838392184,-0.7239453740314716,0.21428571428571427,-0.35999999999999943,24.26249365950644,-10050637.6,-4355284.35,30.600000000000005,30.85000000000001,31.24,31.49000000000001,30.210000000000008,29.960000000000008,29.57000000000001,-0.13539596934430873,-0.28228086710650324,0.0308030076582248,0.05730427875587413,2.6543021681794245,3.2595309236311114,0.2565694843036595,0.3044813297433676,0.17187499999999992,-0.01847574583137772,-0.002552217782690877,-0.4607470141004678,0.8581730769230769
1109,1109,2017-01-10,30.64,30.68,30.12,30.3,10683650,M,-0.0,0.5227555451220071,1.3192088562205435,0.2970598597659093,0.3558018526667345,0.3621670353276082,0.05487156367152324,-0.2933950981342137,-417475.9997239225,31.57798683313095,35.46634809387544,416606.3199999997,-19.844341082447773,31.656000000000052,36.12349999999999,-2.4402986463452905,-1.7309609163404331,-0.7093377300048573,0.21428571428571427,-0.16000000000000014,24.195569914985622,-10231844.0,-4708809.3,30.366666666666664,30.61333333333333,30.926666666666666,31.173333333333325,30.05333333333333,29.806666666666665,29.49333333333333,-0.1545758928571429,-0.25111220958971825,0.028012672266654392,0.05461102520078879,2.35093173018741,3.2706852251642133,0.2781891800119636,0.3060953527610061,0.3214285714285717,-0.019972956393406183,-0.003078107189846893,-0.4884401632217946,0.8557692307692308
1110,1110,2017-01-11,30.5,30.53,29.75,29.95,8963993,M,-0.0,0.5367163958268509,1.2473143420578046,0.0497025173625209,0.15144680172148006,0.37977082630415415,0.08222014983588688,-0.3094454763335101,-114401.60878033286,31.035324555420637,34.940981608744444,146035.44000000044,-21.801337593901,30.47800000000005,35.59799999999999,-2.5679017011747334,-1.8983490733072932,-0.66955262786744,0.14285714285714285,-0.3500000000000014,24.08000923236839,-13926383.6,-4739052.8,30.07666666666667,30.403333333333336,30.85666666666667,31.183333333333334,29.62333333333333,29.29666666666667,28.84333333333333,-0.029488010369410244,-0.2643085237042496,0.023266021021300355,0.05013156190896376,0.3787083310437286,3.379770468693819,0.2709295388113941,0.3013634388228393,0.2564102564102551,-0.020381641262419224,-0.003606222366869935,-0.5127794170673924,0.8533653846153846
1111,1111,2017-01-12,29.83,30.19,29.7,29.98,6352366,M,0.0,0.5501772899642198,1.1463390964500977,0.04763515064241528,0.276921849664027,0.3852911410253668,0.12384017099067912,-0.3158709705287013,1698250.8151195168,30.683549703613753,34.468507169816405,1386010.8800000013,-23.69079178864954,30.30200000000004,35.06149999999999,-2.6362186050875565,-2.045922979663346,-0.5902956254242104,0.14285714285714285,0.030000000000001137,23.90355636274843,-6806086.0,-4689441.8,29.95666666666667,30.21333333333333,30.44666666666667,30.703333333333337,29.72333333333333,29.466666666666665,29.23333333333333,-0.027255029201817,-0.2534860557768924,0.022543338853985552,0.04948334014712077,0.3608600836916175,3.377221335265224,0.3710958830171198,0.3270839276424329,0.5714285714285714,-0.019649280667678192,-0.004120968664722066,-0.5314068151951815,0.8509615384615384
1112,1112,2017-01-13,29.92,30.0,29.66,29.88,5858026,M,0.0,0.5522365427898893,1.0388272169234178,0.03346647757935565,0.26781326366974884,0.38700554898703504,0.15089946929891376,-0.32344965476184057,2544871.085554301,30.415699802409172,34.031506486976745,217417.69000000085,-25.264168196688146,30.114000000000047,34.54749999999999,-2.667678075616536,-2.1702739988539843,-0.4974040767625518,0.14285714285714285,-0.10000000000000142,23.72336150906849,-5680728.0,-4767613.9,29.846666666666664,30.03333333333333,30.186666666666664,30.37333333333333,29.69333333333333,29.506666666666664,29.35333333333333,-0.019041365725541756,-0.2556053811659193,0.021785442815914085,0.048885706662117986,0.2519523764561793,3.3425185509073976,0.4630835298545494,0.35755772725071633,0.6470588235294087,-0.01818858827607722,-0.004613597757317439,-0.5472323500913097,0.8485576923076923
1113,1113,2017-01-17,29.91,30.6,29.87,29.9,8772950,M,-0.0,0.558459446329511,0.997650254666962,0.0228292564961827,0.3510782272294562,0.3787710410799169,0.17921125497966928,-0.32764651042122905,-450310.7697625202,30.24379986827277,33.638029678693236,-193646.72000000448,-26.574904687947196,30.00200000000005,34.03549999999999,-2.6603294775909063,-2.2682850946013686,-0.3920443829895377,0.21428571428571427,0.01999999999999957,23.585351268638142,-2076070.6,-4013115.2,30.12333333333333,30.37666666666667,30.85333333333333,31.10666666666667,29.64666666666667,29.39333333333333,28.91666666666667,-0.013201320132013273,-0.20202828929810515,0.4266066984623719,0.21660996647416086,0.1712308383496186,3.222915442168877,0.3224209833733515,0.32741850469454864,0.04109589041095557,-0.016213821399476455,-0.005075163927434102,-0.5597512743631868,0.8461538461538461
1114,1114,2017-01-18,30.01,30.01,28.55,29.44,13242207,M,0.0,0.5644383144362062,1.059296887378034,0.029713067122481732,0.059988659662141626,0.38916982000358064,0.17958653922809978,-0.33223481650927417,1850779.9073496875,29.97586657884852,33.238217328341506,-3249039.639999984,-27.968599416279396,29.830000000000037,33.63399999999999,-2.660950040646714,-2.346818083810438,-0.3141319568362761,0.14285714285714285,-0.4599999999999973,23.65168829686996,-2587782.0,-4030737.2,29.33333333333333,30.116666666666664,30.79333333333333,31.576666666666664,28.656666666666666,27.87333333333333,27.196666666666665,-0.017028380634390584,-0.2043243243243243,0.1875509549473798,0.14851587799934124,0.2215851980659078,3.272334431500107,0.4181436692808645,0.3542918891137241,0.6095890410958904,-0.014534156797035054,-0.005510006928134916,-0.5734729519505991,0.84375
1115,1115,2017-01-19,29.5,29.83,29.27,29.45,7456093,M,-0.0,0.5698160371219122,0.9927239690609626,0.03536747912082348,0.2337074500856447,0.3967911921230614,0.2115388903035076,-0.3385146837088527,853107.7727853459,29.80057771923235,32.87743472564231,592585.6499999991,-28.38642901546646,29.73000000000004,33.2565,-2.6303142989879085,-2.4035173268459324,-0.22679697214197606,0.21428571428571427,0.009999999999998009,23.539021262040176,696235.2,-3262377.0,29.516666666666666,29.763333333333332,30.076666666666664,30.32333333333333,29.20333333333333,28.95666666666667,28.64333333333333,-0.017678452301534395,-0.2239789196310936,0.18755095494737986,0.14851587799934124,0.2628687885655208,3.2989715702101474,0.38590530333010026,0.3511620493341857,0.3214285714285717,-0.012848290610440492,-0.005911338464421423,-0.5846388786704161,0.8413461538461539
1116,1116,2017-01-20,29.57,29.85,29.46,29.7,7018816,M,0.0,0.5753751549580045,0.9136941065195012,0.030075395359840263,0.5291330470679495,0.3891575096484461,0.2540192743373689,-0.3148232581617798,1730064.8240564868,29.767051812821563,32.574821894628755,-1618081.6599999876,-28.694572451471828,29.67400000000004,32.843999999999994,-2.556393825620045,-2.434092626600755,-0.12230119901929015,0.2857142857142857,0.25,23.413850070620605,829525.2,-3219790.05,29.67,29.880000000000006,30.06,30.270000000000003,29.49,29.28,29.1,-0.00602409638554216,-0.20821114369501464,0.20084974380738996,0.15414298701149767,0.2231143204769753,3.1953723117233905,0.4623984073482704,0.37632610324375004,0.6153846153846105,-0.010833268849328677,-0.006269138552480377,-0.5870590855838704,0.8389423076923077
1117,1117,2017-01-23,29.48,29.92,29.35,29.63,4666007,M,-0.0,0.578216935647614,0.8678682256502344,0.025807214314405344,0.5078481342403993,0.3788276528002824,0.2706003589270482,-0.2935038888737187,1390127.4615657292,29.721367875214373,32.29436266656887,-502215.4799999992,-28.94946483977117,29.624000000000038,32.45,-2.474930277247843,-2.4422601567301734,-0.032670120517670036,0.2857142857142857,-0.07000000000000027,23.33854232498641,1067929.0,-3303529.2,29.633333333333336,29.91666666666667,30.20333333333334,30.486666666666668,29.34666666666667,29.063333333333336,28.77666666666667,-0.009030100334448149,-0.18081282831075485,0.17836829275605093,0.14779435747610994,0.19112822921248626,3.0732393333422907,0.472008294957325,0.3872691477134342,0.4912280701754341,-0.008919082445202025,-0.006583694800433408,-0.5896300693457676,0.8365384615384616
1118,1118,2017-01-24,29.52,30.03,29.52,29.98,5049677,M,0.0,0.572787511389151,0.8201524622302033,0.029827309184521575,0.8845799526947324,0.3720460629804091,0.3193221438246139,-0.27273278833679626,2442406.4162145667,29.807578583476246,32.07394717451469,-551358.9200000023,-28.913932268972047,29.64000000000004,32.1405,-2.354980998298132,-2.4248043250437648,0.06982332674563319,0.35714285714285715,0.3500000000000014,23.309688951501673,323274.4,-2713238.3,29.84333333333333,30.16666666666667,30.35333333333333,30.67666666666667,29.656666666666666,29.33333333333333,29.146666666666665,0.0183423913043478,-0.17817982456140344,0.2896787351806417,0.1873501718039228,0.22102036105730516,2.989436621805459,0.6153257914094582,0.43628739881822376,0.9019607843137244,-0.0067744745535860615,-0.006846390369924592,-0.5813406875574605,0.8341346153846154
1119,1119,2017-01-25,30.16,30.4,29.93,30.15,6088329,M,-0.0,0.5685623102963975,0.7734654672661759,0.03767130863791013,0.8280071058601679,0.3565891028353795,0.35248621021648324,-0.228228213006296,1235523.26904778,29.92171905565083,31.890714110275198,739607.4399999994,-28.892737965993486,29.78200000000004,31.823999999999995,-2.2206049991403987,-2.383964459863092,0.16335946072269314,0.35714285714285715,0.16999999999999815,23.04537083193344,4189381.6,-2622292.05,30.16,30.389999999999993,30.629999999999995,30.85999999999999,29.919999999999995,29.69,29.45,0.02376910016977926,-0.17465097180399675,0.5663387555898406,0.3139372732048841,0.28048172846356023,2.8370229021582785,0.5662455630672979,0.4393157519196289,0.4680851063829775,-0.004649574536984711,-0.007055618434234224,-0.5690767205621456,0.8317307692307692
1120,1120,2017-01-26,30.18,30.34,29.81,29.92,4353916,M,-0.0,0.5713217950963633,0.7410034049640194,0.028347966443729663,0.5519527230637733,0.33505024819070195,0.3508800068534224,-0.1922237172689746,-57162.56923781464,29.92114603710056,31.70302705215375,41745.65999999911,-28.180042571020884,29.876000000000047,31.493499999999994,-2.1083661963912843,-2.3288448071687298,0.22047861077744635,0.35714285714285715,-0.2299999999999969,22.85967061709115,1827379.8,-3073550.9,30.02333333333333,30.23666666666666,30.55333333333333,30.766666666666666,29.70666666666666,29.49333333333333,29.17666666666666,0.007407407407407489,-0.17530319735391398,0.4812337301504999,0.2962494745674445,0.21173096136821715,2.637976247848468,0.446679431981974,0.4172425536236,0.20754716981132595,-0.003184924298290552,-0.007220271886130262,-0.5606630389248975,0.8293269230769231
1121,1121,2017-01-27,29.95,29.97,28.7,29.11,9945448,M,-0.0,0.5739730648061343,0.8115362843021501,0.05482690875151408,0.10282902206128408,0.3125036868956687,0.2918765521299702,-0.17060845348444542,-891766.2091564098,29.6507640247337,31.45607209480577,-4011403.759999997,-27.40092308511909,29.758000000000052,31.135,-2.061018231885388,-2.275279492112062,0.214261260226674,0.35714285714285715,-0.8100000000000023,22.90672689349892,-1565473.0,-3394744.85,29.26,29.820000000000004,30.530000000000005,31.090000000000003,28.550000000000004,27.99,27.280000000000005,-0.01754978062774214,-0.19785064756131165,0.16335011668278482,0.1833319318743995,0.4078847876568897,2.432450572874161,0.4053978365444131,0.4082513242946183,0.32283464566929154,-0.003174580216427877,-0.00736139809790809,-0.5609585600705924,0.8269230769230769
1122,1122,2017-01-30,29.07,29.53,29.03,29.52,5403592,M,0.0,0.5779586548852153,0.7699981130618634,0.05640582183488975,0.37122034070482185,0.27659215183498176,0.3501421132450091,-0.1464597832197299,1619692.03464414,29.607176016489127,31.27168427625284,-419870.4000000023,-26.428385112998853,29.736000000000054,30.7965,-1.9677283083336368,-2.213769255356377,0.24604094702274004,0.42857142857142855,0.41000000000000014,22.986071866810203,448446.8,-3280645.35,29.36,29.69,29.86,30.19,29.19,28.86,28.69,-0.015343562374916641,-0.17564925998324496,0.16335011668278482,0.18333193187439947,0.4193208795205712,2.1295175509965043,0.5969318910296076,0.462703579123702,0.9799999999999968,-0.0029829578905728646,-0.007467050330674884,-0.5476827748904747,0.8245192307692308
1123,1123,2017-01-31,28.85,29.58,28.74,29.54,9050676,M,0.0,0.5817879473141362,0.7793316979869482,0.05411306336854228,0.4326827706008363,0.23442566286488434,0.3680380167369607,-0.124508843770697,3454807.938504005,29.584784010992752,31.106761964228763,-384751.9599999997,-25.531610004986273,29.648000000000053,30.482999999999997,-1.8706182165670742,-2.1451390475985166,0.27452083103144265,0.42857142857142855,0.01999999999999957,23.003403113695608,1248646.6,-2638696.8,29.28666666666666,29.833333333333325,30.12666666666666,30.673333333333325,28.993333333333325,28.446666666666665,28.153333333333325,-0.020232172470978426,-0.16151007663922787,0.12206210087974725,0.16094667003098334,0.4010860256876361,1.786499370277567,0.7154149114800562,0.5093395194339164,0.9523809523809534,-0.002652620109669988,-0.007537876437059875,-0.5359699726080447,0.8221153846153846
1124,1124,2017-02-01,29.32,29.57,29.12,29.21,5061199,M,-0.0,0.5594175660898162,0.7354208049220218,0.0432893375888084,0.3039682911118496,0.1872138425229277,0.32797946541053713,-0.10796110657471483,319737.18658267136,29.4598560073285,30.926117967635545,106141.82999999957,-24.49123872129449,29.460000000000054,30.181999999999995,-1.7995420111480516,-2.076019640308424,0.2764776291603717,0.5,-0.3299999999999983,23.02411743903728,-981259.0,-2402875.85,29.3,29.48,29.750000000000004,29.93,29.03,28.85,28.58,-0.0237299465240642,-0.18498883928571436,0.12206210087974725,0.1609466700309834,0.3188259713415745,1.412622048756751,0.5436099409867041,0.4798786128211625,0.2,-0.002677808393260847,-0.007583322781918066,-0.5295964111103584,0.8197115384615384
1125,1125,2017-02-02,30.32,31.06,29.9,30.72,16462848,M,0.0,0.5577905687581679,0.8840313642657519,0.08685432540311896,0.9275788151624692,0.06774182446641114,0.8916651603830306,-0.0753797438013751,2141892.4328628243,29.879904004885663,30.90648768500359,8746362.959999997,-23.10817691428681,29.62000000000005,29.925999999999995,-1.6028920836984213,-1.9813941289864232,0.3785020452880019,0.5714285714285714,1.509999999999998,23.166169299127866,3182093.8,-2055168.7,30.56,31.22,31.72,32.379999999999995,30.06,29.4,28.9,0.05530745448299552,-0.004536616979909286,0.7523697596929414,0.5527961152306025,0.643156279610097,0.5068104597454548,0.5980388112325155,0.5014993689071601,0.7068965517241381,-0.0008276185574314231,-0.007567150912597658,-0.4729303389779357,0.8173076923076923
1126,1126,2017-02-03,30.69,34.37,30.11,32.69,47958389,M,0.0,0.556227375243447,1.334160515696985,0.18943476272567675,0.9096268959463942,0.10358167406736962,1.359528475018236,-0.02640443811699809,3748915.146079481,30.816602669923768,31.076346000717532,149282221.19999987,-20.793567293494608,30.336000000000052,30.01749999999999,-1.2734040541159608,-1.839796114012331,0.5663920598963699,0.6428571428571429,1.9699999999999989,23.953708421398172,14762861.2,1805206.85,32.38999999999999,34.66999999999999,36.64999999999999,38.92999999999999,30.40999999999999,28.129999999999995,26.14999999999999,0.10738482384823844,0.060674886437378235,0.9234017556112428,0.7991078314393905,1.4366732405115348,0.7773157253293167,0.6005704750939774,0.5114169340414211,0.6056338028169013,0.0035874731727627064,-0.007451590957383502,-0.3670477215271416,0.8149038461538461
1127,1127,2017-02-06,32.64,32.79,31.64,31.79,14485846,M,-0.0,0.5479809250103075,1.30960578027072,0.19130442195579145,0.6697717019072769,0.11391917032971005,1.0033438828789554,0.006164088509112089,-2565062.6510577044,31.141068446615854,31.144313048268238,-2115392.140000001,-18.913314674093034,30.79000000000004,30.065999999999985,-1.0725413066753935,-1.686345152544943,0.6138038458695496,0.5714285714285714,-0.8999999999999986,24.51979725415428,10784973.6,1655155.35,32.07333333333333,32.50666666666666,33.22333333333333,33.65666666666666,31.356666666666666,30.92333333333333,30.206666666666663,0.07616790792146243,0.04366382140512141,0.9234017556112428,0.7991078314393905,1.4725657880047067,0.8562734437832651,0.4438585775988832,0.4751329196192566,0.13043478260869454,0.006340216504215207,-0.007279224994659696,-0.3005850723694559,0.8125
1128,1128,2017-02-07,31.74,32.15,31.02,31.2,10415505,M,-0.0,0.5378197273914862,1.2856583429012904,0.16669191102077752,0.5150353166438089,0.11819901646881302,0.8083067166267659,0.023246353559883984,-3766344.670639316,31.1607122977439,31.149616567480788,55938897.15999994,-17.062857185451538,31.122000000000046,30.10299999999999,-0.9500130423652564,-1.5390787305090057,0.5890656881437495,0.5714285714285714,-0.5899999999999999,24.91455440902905,6891737.4,1596896.95,31.45666666666667,31.89333333333333,32.58666666666667,33.02333333333333,30.763333333333332,30.32666666666667,29.633333333333336,0.06812735364601158,0.029702970297029656,0.7366191405781473,0.6984637168690149,1.2969464136971611,0.8895362481901692,0.3490030635319988,0.4450528354077302,0.15929203539822998,0.006894264260399744,-0.007076467519299004,-0.25948223877195603,0.8100961538461539
1129,1129,2017-02-08,31.05,31.98,30.81,31.98,6918209,M,0.0,0.5318224574803865,1.2702372305144518,0.09521521451745936,0.6007945149171429,0.1303183301750824,0.9557795426519078,0.04401323367274367,544094.0243124071,31.43380819849593,31.22870070391119,-1437851.0300000096,-14.925769570274309,31.676000000000037,30.18699999999999,-0.7809665328075717,-1.3874562909687191,0.6064897581611475,0.5714285714285714,0.7800000000000011,25.117891718755946,9287619.0,2476989.9,31.59,32.370000000000005,32.760000000000005,33.540000000000006,31.2,30.42,30.03,0.041015625000000056,0.06777963272120205,0.6721478708265611,0.6649406199284298,0.7540092837637615,0.9834798582488028,0.5660020423546658,0.4979049463212797,1.0,0.00735122193966331,-0.006830648403882168,-0.20921473380408606,0.8076923076923077
1130,1130,2017-02-09,31.89,32.65,31.64,32.37,7609562,M,0.0,0.5272849768400926,1.2355389331125246,0.07117412741497019,0.6597893504337345,0.1445557669162007,0.9706477212030252,0.06771244042586606,1135507.187138687,31.74587213233062,31.33739587496727,-3282953.309999995,-12.723655334088798,32.006000000000036,30.307999999999986,-0.6085116716691239,-1.2316673671088,0.6231556954396762,0.5714285714285714,0.389999999999997,25.24933302542449,7516961.8,3305667.65,32.22,32.8,33.230000000000004,33.809999999999995,31.79,31.21,30.78,-0.009788926277148984,0.07971981320880576,0.7642940471765818,0.7162845835796884,0.5694997805108847,1.095299045924052,0.6182587873123508,0.5193208825980836,0.7227722772277211,0.007846651223398372,-0.00654277190497304,-0.16192491260447242,0.8052884615384616
1131,1131,2017-02-10,32.44,32.88,31.55,31.99,7894939,M,-0.0,0.5247994490099706,1.248133742030855,0.0536877133118717,0.5724801738967049,0.15183220736727465,0.8425392106959053,0.08557922767972502,-654475.9047667971,31.82724808822041,31.399548648779913,9767.299999998055,-10.643760861522297,31.86600000000004,30.408499999999986,-0.4967762485929157,-1.0846891434056232,0.5879128948127075,0.5714285714285714,-0.37999999999999895,25.310488072482077,-3653703.8,2593302.4,32.14,32.730000000000004,33.47000000000001,34.06,31.4,30.81,30.07,0.006291286568103155,0.07061579651941098,0.7923435862255379,0.7328904207597535,0.4277031680990265,1.1542474194319423,0.5224482140979575,0.5013690907000921,0.33082706766917075,0.007456939717473344,-0.00623392460125168,-0.13160847231824993,0.8028846153846154
1132,1132,2017-02-13,33.07,33.23,32.43,32.58,14054991,M,-0.0,0.5224113928594611,1.2470492430934077,0.0658257492839864,0.7637566409036709,0.162864954820735,0.909390697080588,0.1035203774671821,-3272336.90048378,32.07816539214694,31.51197258699135,1353540.0900000054,-8.485727124854304,32.024000000000036,30.54349999999999,-0.3565074556005285,-0.9390528058446044,0.5825453502440757,0.5714285714285714,0.5899999999999999,25.30999562474751,2054463.6,3588953.25,32.74666666666666,33.063333333333325,33.54666666666666,33.86333333333332,32.26333333333333,31.946666666666665,31.46333333333333,0.0442307692307692,0.08963210702341137,0.8343422273987895,0.7583290213551074,0.5270009487675958,1.2436164368917793,0.4107988093986379,0.4714767963477021,0.1874999999999989,0.0073351179533594985,-0.005896588258308859,-0.09527136676315473,0.8004807692307692
1133,1133,2017-02-14,32.61,32.99,32.5,32.68,7542160,M,-0.0,0.5185522969682134,1.1461093440142869,0.0403036125942661,0.7763676292127087,0.1721982803777906,0.8780656627003045,0.12079713362944967,-1887444.0871616825,32.27877692809796,31.623213292992173,-243417.51000000047,-6.3408203689163685,32.320000000000036,30.68249999999999,-0.2345702821096154,-0.7981563010976065,0.5635860189879911,0.5,0.10000000000000142,25.277277755431523,5645996.6,3527413.75,32.723333333333336,32.94666666666667,33.21333333333334,33.436666666666675,32.45666666666667,32.23333333333333,31.96666666666667,0.021888680425265768,0.1100543478260869,0.8343422273987895,0.7583290213551075,0.3256531897616705,1.3208684344228894,0.3963148525242613,0.4615596670551122,0.3673469387755081,0.007158156837492263,-0.005538277379934551,-0.06456051071109699,0.7980769230769231
1134,1134,2017-02-15,32.89,33.02,32.41,32.74,7324994,M,0.0,0.5039959809933015,1.0746280981457157,0.03743832627389337,0.7204496079884586,0.1767318140732053,0.8471372190386919,0.14347918939045684,-321596.0200940734,32.432517952065304,31.72957393175482,-1076799.520000025,-4.5217217921147475,32.47200000000005,30.847499999999986,-0.1315759691795897,-0.6648402347140032,0.5332642655344135,0.5,0.060000000000002274,25.253234907146233,5727353.6,4555773.8,32.723333333333336,33.036666666666676,33.33333333333334,33.64666666666668,32.42666666666667,32.11333333333333,31.816666666666666,0.011430336731541693,0.11171477079796274,0.7571614867723113,0.7332488252119692,0.30392433269146685,1.3629336586557994,0.4445377705353009,0.4691238517696138,0.5409836065573801,0.0068070614385776825,-0.005166504302061649,-0.03865038832803217,0.7956730769230769
1135,1135,2017-02-16,32.7,32.87,31.72,31.82,8813671,M,-0.0,0.4900105009389744,1.08467768505962,0.05257362551582034,0.18143650627445054,0.17281298326865188,0.6595865895599902,0.1380685314648207,-2159461.9896966633,32.22834530137687,31.73818593825436,-1093499.4599999993,-3.723786641629447,32.362000000000045,30.96599999999999,-0.1227732913092936,-0.5564268460330614,0.43365355472376776,0.5,-0.9200000000000016,25.281153404877443,2442707.0,3742285.6,32.13666666666666,32.55333333333333,33.28666666666666,33.70333333333333,31.40333333333333,30.986666666666665,30.25333333333333,-0.005314160675210946,0.07138047138047142,0.3799321851044168,0.5641845972523453,0.42534691723574497,1.337831709974268,0.3253440209365778,0.4327269631952823,0.08695652173913178,0.005159721953900557,-0.0048126307197238465,-0.035049669032729616,0.7932692307692308
1136,1136,2017-02-17,31.96,32.31,31.86,32.3,8197221,M,0.0,0.4868274500307343,1.0053873270516709,0.04656615225628182,0.4178732303781821,0.17168215361490324,0.7255260984445976,0.1277837766197112,2093921.7050693643,32.252230200917914,31.791692039373004,-383779.8800000042,-2.2672554704555092,32.42400000000005,31.095999999999986,-0.07618688225069192,-0.4603788532765874,0.3841919710258955,0.5,0.4799999999999969,25.285215597316498,5661139.0,3801205.85,32.156666666666666,32.45333333333333,32.60666666666667,32.903333333333336,32.00333333333333,31.706666666666663,31.55333333333333,-0.008594229588704762,0.09011137360782984,0.3799321851044167,0.5641845972523453,0.37746523018942096,1.334657062202257,0.5428219398836407,0.4846365645840903,0.9777777777777664,0.003938345485284433,-0.004464476971676845,-0.022474213242172685,0.7908653846153846
1137,1137,2017-02-21,33.09,33.49,32.13,32.29,16118493,M,-0.0,0.4834398490489803,1.0526690167781143,0.0456902407673685,0.4486073377222873,0.16820825187027172,0.7019807631833274,0.12658155500553156,-2770579.9088516957,32.26482013394528,31.839149940385088,3433266.339999992,-0.7097232392644885,32.366000000000035,31.228999999999978,-0.03961705313354358,-0.3762264932479787,0.3366094401144351,0.5714285714285714,-0.009999999999998009,25.449111700545405,-373557.8,3228581.55,32.63666666666666,33.143333333333324,33.99666666666666,34.50333333333332,31.783333333333324,31.276666666666664,30.423333333333325,-0.011933904528763788,0.07705136757838554,0.7677613250580292,0.7189601826228866,0.3697025831691627,1.313243874414178,0.4010969795302695,0.4496851830830842,0.11764705882352695,0.0030018866337710496,-0.0041255684361189105,-0.012537729755959749,0.7884615384615384
1138,1138,2017-02-22,32.3,32.84,32.11,32.36,9381632,M,-0.0,0.4820467222630679,1.0096464812076995,0.040491144603493436,0.5443443738727078,0.16612118680525953,0.6943325946649516,0.1200330729765538,-1527352.9283049973,32.29654675596352,31.88875470796747,71064.6600000027,0.531326261764435,32.302000000000035,31.347999999999978,-0.0049299556413799905,-0.301967185726659,0.297037230085279,0.5,0.07000000000000027,25.541443335361496,-5663.4,3445179.3,32.43666666666667,32.76333333333333,33.16666666666667,33.49333333333334,32.03333333333333,31.706666666666663,31.30333333333333,-0.011606597434331171,0.07330016583747931,0.7565332503896045,0.7138818066582763,0.32698623824551165,1.301891740992818,0.3815532374950649,0.4394738088299005,0.3424657534246557,0.0023624096886945677,-0.003796570669665911,-0.0029616213429242404,0.7860576923076923
1139,1139,2017-02-23,32.48,33.09,32.27,32.44,8962227,M,-0.0,0.4838817211513285,0.9843602837133398,0.03019063302426428,0.7034093899942446,0.16421386836516444,0.689196764728231,0.09943367631531187,-1608649.579463482,32.344364503975676,31.94125425958961,-1073439.89999999,1.4199990514361682,32.24200000000004,31.462499999999984,0.028684493455230612,-0.23583684989028106,0.2645213433455117,0.5,0.0799999999999983,25.454417747024088,321783.2,3588874.2,32.6,32.93,33.419999999999995,33.75,32.11,31.78,31.29,0.01948460087994964,0.08422459893048115,0.8061458707681709,0.7409164435458738,0.2433515974920825,1.291644708359746,0.3234745160536183,0.41736364352902666,0.20731707317072506,0.0019810583518394395,-0.003477766871940607,0.006650740350833825,0.7836538461538461
1140,1140,2017-02-24,32.48,33.56,32.27,33.17,8149239,M,0.0,0.4867099148081776,1.0251122458848945,0.04584801344576184,0.9414298370048956,0.16339101791270438,0.7989990243332311,0.0937410295128231,1198688.8772543508,32.619576335983794,32.05827766343822,-998238.3300000029,2.368594654363057,32.512000000000036,31.624999999999986,0.11292732971661225,-0.1660840139689024,0.2790113436855146,0.5,0.730000000000004,25.50331264912519,3714365.2,4214031.95,33.00000000000001,33.73000000000001,34.29,35.02000000000001,32.44000000000001,31.710000000000008,31.15000000000001,0.02693498452012398,0.13947097217451054,0.8738206328603695,0.7858697471094429,0.3726526532871528,1.2918102353723182,0.4482078169039624,0.4440599078219432,0.6976744186046505,0.002542255673408479,-0.003152451911947269,0.029924496068882436,0.78125
1141,1141,2017-02-27,33.15,33.73,33.11,33.57,6298928,M,0.0,0.4802917384497628,0.9710972797669082,0.06979069470748761,0.8515888554119229,0.152930403040406,0.8535551351418162,0.09948847377818676,2182834.4193495684,32.936384223989194,32.20225121930124,-3009527.870000006,3.364960500680683,32.76600000000004,31.847999999999985,0.2095514626311896,-0.090956918648884,0.3005083812800736,0.5714285714285714,0.3999999999999986,25.56364626292725,3334706.6,5026250.75,33.47,33.83,34.08999999999999,34.45,33.21,32.85,32.59,0.03964075565190465,0.13719512195121955,0.8927756507912924,0.8006550026462133,0.5716904756963854,1.217631869007712,0.546117039226299,0.4724290103028032,0.7419354838709722,0.0035970899103860555,-0.002817095817478393,0.05730670882994214,0.7788461538461539
1142,1142,2017-02-28,33.0,33.24,32.66,33.22,10276353,M,0.0,0.4778865024618583,0.9629509757979876,0.06405712160019884,0.6269654614087284,0.14019166595894064,0.7643205373482064,0.09202114895338842,4461472.388916808,33.030922815992795,32.29917967460588,106355.69999999396,4.2331507771198735,32.95200000000004,32.03299999999999,0.25494585209267484,-0.021776364500572205,0.27672221659324703,0.5714285714285714,-0.3500000000000014,25.587341719157706,4503134.6,4242253.5,33.04,33.42,33.620000000000005,34.00000000000001,32.84,32.459999999999994,32.25999999999999,0.026576019777503068,0.12457684495599188,0.5735023110715752,0.6584303435245944,0.5277025677424387,1.122689908915686,0.6859171066106344,0.519389794214851,0.9655172413793052,0.003980790885147443,-0.0024892608695728825,0.07161521554771172,0.7764423076923077
1143,1143,2017-03-01,33.48,33.67,32.88,32.95,6063343,M,-0.0,0.4755755894538717,0.9398908456915892,0.05037475518131659,0.42796656873042416,0.12087256608339475,0.6917780926009445,0.08004998715300321,356451.4032513961,33.0039485439952,32.361162562738656,146062.6999999994,4.915815975504117,33.070000000000036,32.20349999999999,0.2660674295671441,0.03579239431297108,0.23027503525417306,0.5714285714285714,-0.269999999999996,25.6356298302798,1414139.6,3486552.55,33.16666666666667,33.45333333333334,33.95666666666667,34.24333333333334,32.66333333333334,32.37666666666667,31.873333333333346,0.015721331689272658,0.12803834303320788,0.7115168302926814,0.7155014339795512,0.4164732884615353,0.9731299204666504,0.4868139360526594,0.4783629180931232,0.08860759493670932,0.003607695734846749,-0.0021801640008843578,0.0769021769918062,0.7740384615384616
1144,1144,2017-03-02,33.13,33.32,32.96,33.22,4489398,M,0.0,0.4648944779146316,0.8639053995993771,0.026765615561413315,0.4932532292437704,0.08618083462590304,0.7922004224743211,0.07515189506223773,866938.2194068307,33.0759656959968,32.442956604382594,-0.0,5.882177098552082,33.226000000000035,32.40399999999999,0.293287270271442,0.08729136950466528,0.2059959007667767,0.5,0.269999999999996,25.62978064349637,519573.8,3964082.4,33.166666666666664,33.37333333333333,33.526666666666664,33.73333333333333,33.01333333333333,32.806666666666665,32.65333333333333,0.0015073861923423925,0.08138020833333334,0.7115168302926814,0.7155014339795512,0.22232858566088,0.6981509413044402,0.5652833647758455,0.5015876137244655,0.7222222222222179,0.003282672693998989,-0.0018838081341555606,0.08691002663621286,0.7716346153846154
1145,1145,2017-03-03,32.94,33.17,31.18,31.77,13210246,M,-0.0,0.4614396223711896,1.0207180129861266,0.0841710480516442,0.07592575960984213,0.07357585725071815,0.2125227210155554,0.05668187464479817,-1348777.904300225,32.6406437973312,32.3788654992033,-8433345.540000023,6.208853789128599,32.94600000000004,32.45649999999999,0.19560153554950688,0.10895340271363364,0.08664813283587325,0.5,-1.4499999999999993,25.87298880451872,-3752323.2,2480427.7,32.04,32.9,34.03000000000001,34.89,30.91,30.05,28.919999999999995,-0.053619302949061684,-0.028143163046803248,0.1962522278762268,0.363932451644558,0.6932748372773683,0.5970037027144832,0.4756830472039974,0.482053784994545,0.2964824120603011,0.0012904633752218175,-0.0016410485554192804,0.059360885786158536,0.7692307692307692
1146,1146,2017-03-06,31.32,31.35,30.2,30.69,10976066,M,-0.0,0.4581202513588629,1.0939556112546434,0.13765577429595002,0.12297326365682175,0.08804644938515993,-0.08496776284408904,0.02624176760205537,-937981.8990873971,31.990429198220802,32.21802116594584,-16411270.039999984,5.9126667424926564,32.37000000000004,32.3565,0.03068420452178344,0.0932995630752636,-0.06261535855348015,0.42857142857142855,-1.0799999999999983,25.94131030732021,-7207322.0,-466295.05,30.746666666666666,31.29333333333333,31.896666666666665,32.44333333333333,30.14333333333333,29.596666666666664,28.99333333333333,-0.07615894039735092,-0.034602076124567414,0.12594913524220047,0.2757669012663607,1.1139793534899771,0.7122187348827317,0.4591510169765783,0.4767236108542778,0.4260869565217401,-0.0019411851041230953,-0.0014715267282256487,0.012706295527439971,0.7668269230769231
1147,1147,2017-03-07,30.76,31.02,30.56,30.81,6091991,M,0.0,0.4413098096178797,1.0094281964206908,0.14726777962919066,0.2704465942487802,0.09699287244968227,0.02211471619399752,0.002418915089330147,160.75948388769757,31.596952798813863,32.08392391204624,6833524.800000006,5.664819443078133,31.888000000000037,32.30749999999999,-0.08930155858565314,0.056779338743080235,-0.1460808973287334,0.5,0.11999999999999746,25.951795597091557,-3933653.2,562596.8,30.79666666666667,31.03333333333333,31.256666666666664,31.493333333333336,30.57333333333333,30.336666666666666,30.11333333333333,-0.06494688922610027,-0.012500000000000018,0.12594913524220044,0.2757669012663607,1.1740187392039094,0.7833993066670273,0.4872600982742402,0.4830811965700194,0.5434782608695642,-0.0045055176384218645,-0.0013564257856408535,-0.0207339067682317,0.7644230769230769
1148,1148,2017-03-08,30.84,32.16,30.74,31.77,7859794,M,0.0,0.4251586008863469,1.0641711035645989,0.12826962428203886,0.5290641099374639,0.09285906491727963,0.311502398287837,-0.001621564825448316,1342519.420246239,31.65463519920924,32.05402639661327,-3365573.759999995,5.664521868422781,31.652000000000047,32.33599999999999,-0.10570862018167304,0.024281746958129576,-0.1299903671398026,0.5714285714285714,0.9600000000000009,26.012272783522,-1149025.8,1476361.75,31.55666666666666,32.37333333333332,32.97666666666666,33.79333333333332,30.95333333333333,30.136666666666667,29.53333333333333,-0.04364840457555688,-0.006566604127579764,0.5188959109603539,0.48031600862285906,1.014997536943775,0.7506726807912885,0.5666241030748461,0.5061546171515469,0.7253521126760579,-0.004969124501989823,-0.0012581453879310276,-0.025367741565931985,0.7620192307692308
1149,1149,2017-03-09,31.81,31.87,31.34,31.53,4471724,M,-0.0,0.4084860615352293,0.9929482897559856,0.06716659068873812,0.6026979795318419,0.09512289749850132,0.2450999448382041,-0.010761425257926513,239792.9063340444,31.613090132806157,32.00411912074533,-1166592.240000004,5.626234133971948,31.314000000000046,32.31349999999999,-0.1365037981252044,-0.007875362058537231,-0.12862843606666718,0.6428571428571429,-0.23999999999999844,26.039757036715255,-2941250.2,906865.1,31.58,31.820000000000004,32.11,32.35000000000001,31.290000000000006,31.05,30.76,-0.007554296506137817,-0.02594995366079692,0.5188959109603539,0.4803160086228589,0.5258136552067872,0.7684384370794552,0.4972462573958099,0.4920913741883269,0.3584905660377375,-0.004779680824059536,-0.0011801529826447029,-0.034015021057748486,0.7596153846153846
1150,1150,2017-03-10,31.76,31.97,31.46,31.73,3914649,M,0.0,0.39948432706094816,0.9285551844551873,0.0661059228193979,0.7048792159439593,0.09655214086834732,0.3230584194599607,-0.019851266654152905,242832.2565747886,31.65206008853744,31.9780125378172,157805.79999999664,5.0289951488580655,31.306000000000036,32.28149999999999,-0.1431210594983483,-0.03492450154649945,-0.10819655795184883,0.6428571428571429,0.1999999999999993,25.878275769035124,483728.8,722119.45,31.72,31.98,32.23,32.489999999999995,31.47,31.21,30.96,0.03388725969371128,-0.008127539856205002,0.5534144871141762,0.4976972680912827,0.5173780049460183,0.7792119838603881,0.5079680931658345,0.4956456970947609,0.5294117647058836,-0.004038870902526376,-0.001112897878739645,-0.036354867566792105,0.7572115384615384
1151,1151,2017-03-13,31.32,31.44,30.8,30.9,6127422,M,-0.0,0.3867481982631704,0.9287478265278292,0.05872643464505953,0.2566482123943445,0.10384748649921516,0.1034891695018294,-0.038906077862314176,-1191642.4266116149,31.401373392358288,31.87534467707271,-1043089.7400000042,4.346226179793134,31.348000000000038,32.22699999999999,-0.2128853405229023,-0.07051666934178004,-0.14236867118112229,0.5714285714285714,-0.8300000000000018,25.073101394502697,1453457.6,810495.3,31.04666666666667,31.29333333333333,31.686666666666664,31.93333333333333,30.65333333333333,30.406666666666666,30.013333333333332,0.00292112950340798,-0.05156537753222835,0.3327892817986001,0.3947229575400869,0.4602390683133321,0.8366732368525515,0.3907287287772218,0.46332229737145,0.15624999999999653,-0.004132271708290511,-0.0010764585981289908,-0.05543118619531374,0.7548076923076923
1152,1152,2017-03-14,31.07,31.75,30.5,30.95,4737058,M,-0.0,0.3805775256508808,0.9715814496574516,0.05379847789892577,0.2476274974304208,0.10935351554015264,0.15990782022381894,-0.05260738722677767,-751797.0902686217,31.25091559490553,31.78721661258959,-641479.0200000011,3.536059764943545,31.376000000000037,32.145499999999984,-0.2611293175019931,-0.10863919897382268,-0.1524901185281704,0.6428571428571429,0.05000000000000071,24.623823036769128,1182471.0,344598.65,31.066666666666666,31.63333333333333,32.31666666666666,32.88333333333333,30.38333333333333,29.816666666666666,29.13333333333333,-0.025810513062637718,-0.05293757649938802,0.4713698471045893,0.4570777324382391,0.4219952606391743,0.8788058584489936,0.3804858191848144,0.453482078574169,0.35999999999999943,-0.004246127101176278,-0.0010616162958201427,-0.06938995111401923,0.7524038461538461
1153,1153,2017-03-15,30.78,30.78,29.89,30.32,8595619,M,-0.0,0.3759299619331165,0.9833705897031246,0.07198114467684044,0.15766982804209995,0.11966247489959835,0.05446719027616635,-0.07317675661855974,-173676.35737865826,30.940610396603688,31.64748169710487,-1431554.259999996,2.46463944600469,31.086000000000034,32.02749999999999,-0.3462078827420001,-0.15615293572745814,-0.19005494701454195,0.5714285714285714,-0.629999999999999,24.33196602420132,-2108611.6,-462290.3,30.33,30.770000000000003,31.22,31.660000000000004,29.880000000000006,29.44,28.99,-0.03837614969869968,-0.07391569945021385,0.2998185538863458,0.3687386336667788,0.5594014658560661,0.9581224787117214,0.4147059019284529,0.4563072203686033,0.4831460674157297,-0.004917622802731413,-0.001079116862744649,-0.09324891894290473,0.75
1154,1154,2017-03-16,30.0,30.58,29.75,30.41,6385561,M,0.0,0.3697937743426847,0.9629211777427078,0.0727626253161714,0.2987175047578681,0.1262661841416964,0.12747688800578375,-0.09236630323516208,1370284.6536889262,30.76374026440245,31.5296262973806,-890191.6199999986,1.7282057760347709,30.862000000000034,31.91099999999999,-0.4017400021438071,-0.205270349010728,-0.1964696531330791,0.5,0.08999999999999986,24.12498536703299,62845.4,-509261.95,30.246666666666666,30.74333333333333,31.07666666666667,31.57333333333333,29.91333333333333,29.41666666666667,29.083333333333336,-0.0416010085092972,-0.0443117536140792,0.2684288236786864,0.3503715340043177,0.5614000356269211,1.0073200505364182,0.5415308422494912,0.4885808872755524,0.7951807228915679,-0.005305588914039191,-0.0011169354736352804,-0.11020640343165952,0.7475961538461539
1155,1155,2017-03-17,30.56,30.68,30.22,30.54,11769077,M,0.0,0.3719090415364036,0.8958650207103468,0.03738690829039708,0.42663349728841776,0.13226127592721154,0.18970530429126173,-0.0972797139540015,2143175.272941446,30.689160176268306,31.435376173820554,698160.7599999964,1.2615876792549696,30.624000000000034,31.84699999999999,-0.43029946888717774,-0.250276172986018,-0.18002329590115973,0.5,0.129999999999999,23.929416871319585,1633731.0,519875.45,30.48,30.74,30.94,31.200000000000006,30.28,30.02,29.82,-0.011650485436893185,-0.05448916408668725,0.3377623003918129,0.3765848477512384,0.2862341698712804,1.0530312136134763,0.5929046194706751,0.5083019621934087,0.6956521739130428,-0.005166948516824088,-0.0011645271207764664,-0.12077522895828248,0.7451923076923077
1156,1156,2017-03-20,30.59,30.59,29.31,29.37,7840370,M,-0.0,0.3813507462541987,0.9470830179489674,0.07681394575499917,0.0929312961687206,0.14921427157560552,0.0073112657383282015,-0.10716707897698907,-1461584.6888817314,30.2494401175122,31.23867368107573,-1513001.3599999987,0.08206085756834858,30.318000000000033,31.70049999999999,-0.5411047551517782,-0.3084418894191701,-0.2326628657326082,0.5,-1.1699999999999982,23.853765191525625,1291141.4,-282004.1,29.756666666666664,30.20333333333333,31.036666666666665,31.48333333333333,28.92333333333333,28.476666666666667,27.64333333333333,-0.05105008077544421,-0.09043047383090734,0.15301274024256956,0.2626189348508965,0.5822113018500168,1.1825417540206202,0.410894746313784,0.4643565372226081,0.046875000000001735,-0.006102131585480005,-0.0012485512039268336,-0.1521764651870277,0.7427884615384616
1157,1157,2017-03-21,29.33,29.4,27.84,28.42,11558153,M,-0.0,0.3904611778752559,1.0288052822224385,0.12147541707510473,0.1156209369092072,0.17532360441629347,-0.05884219005679585,-0.12805733500513794,-1485572.230320727,29.63962674500813,30.97022856859233,447158.87999999954,-1.4433351992802486,29.812000000000033,31.50699999999999,-0.6975350534485294,-0.38626052222504204,-0.3112745312234874,0.42857142857142855,-0.9499999999999992,23.976034634438943,-1967900.8,-53987.1,28.55333333333333,29.266666666666666,30.11333333333333,30.82666666666666,27.706666666666663,26.99333333333333,26.146666666666665,-0.062664907651715,-0.12175525339925827,0.06840029969319503,0.16645172136172764,0.9053562834607566,1.380980201086039,0.3978614548074804,0.4555411405152047,0.3717948717948733,-0.008040352970595906,-0.0013820386615485995,-0.19442905384575654,0.7403846153846154
1158,1158,2017-03-22,28.39,28.44,27.83,28.37,6532502,M,0.0,0.3907688154052824,0.9729645779261136,0.14160436801504758,0.2474967928789981,0.19564522689155844,0.020420921314333998,-0.14369025609642916,1184124.7755662978,29.216417830005426,30.722587752535915,1307868.0,-2.8956053595384854,29.42200000000004,31.30749999999999,-0.8161338905363138,-0.4722351958872965,-0.3438986946490173,0.42857142857142855,-0.05000000000000071,24.096317045740623,-1555277.4,-849693.8,28.21333333333333,28.59666666666667,28.823333333333334,29.206666666666674,27.986666666666668,27.60333333333333,27.376666666666665,-0.06708319631700096,-0.12546239210850793,0.06804196063376759,0.16596312981878392,1.0415709289346835,1.531290735226866,0.5603229370847683,0.4964654034794085,0.8852459016393444,-0.009579439202535315,-0.001549297397068814,-0.22839297811938855,0.7379807692307692
1159,1159,2017-03-23,28.4,28.96,28.2,28.27,5434531,M,-0.0,0.3934511200485671,0.9445693008692988,0.13401478888353116,0.3136721790353233,0.21201834718687806,0.07094489022369906,-0.150700507714913,-843497.2021125434,28.900945220003614,30.489007966580115,918543.3000000131,-4.379216532047678,28.99400000000004,31.09899999999999,-0.9077297442029676,-0.5593341055504307,-0.34839563865253675,0.5,-0.10000000000000142,24.225164420569104,-3919295.8,-1569531.7,28.476666666666667,28.75333333333333,29.236666666666668,29.513333333333332,27.993333333333325,27.71666666666666,27.233333333333324,-0.07432874918140144,-0.1477238468495629,0.3253468661943933,0.29342242569035515,0.971406197222277,1.6483896447911799,0.4042503791091439,0.4579549139249786,0.09210526315789493,-0.010405020386260922,-0.0017390848824276998,-0.2572615096121881,0.7355769230769231
1160,1160,2017-03-24,28.02,28.31,27.82,28.17,4292479,M,0.0,0.39666023583647336,0.8839600607533922,0.06798989982377528,0.3195012819053905,0.21993940849761692,0.1051532475609757,-0.15927916535697498,399678.5203687967,28.657296813335748,30.268150065001056,448004.59999999846,-5.620386727466069,28.520000000000053,30.84899999999999,-0.9771255868853572,-0.642892401817416,-0.3342331850679412,0.5,-0.09999999999999787,24.226320898641628,-7131607.0,-2191617.6,28.1,28.379999999999995,28.59,28.869999999999994,27.89,27.61,27.4,-0.04085801838610825,-0.16085790884718495,0.2536892881140707,0.2592110389810665,0.4847679857435186,1.6962277031857458,0.507595490834669,0.4823673711021921,0.7142857142857195,-0.01056987177900518,-0.001942387274693939,-0.2823827888649913,0.7331730769230769
1161,1161,2017-03-27,27.82,28.29,27.72,27.93,5857743,M,-0.0,0.3944978797956045,0.8420987193196064,0.02751719668257881,0.11125831786023954,0.22100456745729105,0.10964831033626776,-0.16977118055617493,-203902.92276447808,28.41486454222383,30.04546910642953,-143892.07999999993,-6.8205686260282015,28.232000000000053,30.566999999999986,-1.0395055139227232,-0.7222150242384775,-0.3172904896842457,0.42857142857142855,-0.24000000000000196,24.264827906730904,-6735081.6,-2799451.15,27.98,28.24,28.55,28.81,27.67,27.41,27.1,-0.017241379310344897,-0.1592414208308248,0.23464879202231476,0.25014059341551204,0.19421637418564155,1.688861653366753,0.4612040114336395,0.4715153407716576,0.36842105263158026,-0.010420308789237154,-0.002155829969594835,-0.3069427519174302,0.7307692307692308
1162,1162,2017-03-28,27.75,28.58,27.74,28.55,4538714,M,0.0,0.3793107988691953,0.8418188900769922,0.03268614033008451,0.8161387921950465,0.21419991149693154,0.22550698163798905,-0.17018689110272814,1399178.580319879,28.459909694815888,29.90304347724577,93569.29999999977,-7.816220618241383,28.258000000000052,30.33349999999998,-1.027073769989915,-0.7831867733887651,-0.24388699660115,0.42857142857142855,0.620000000000001,24.233740859539147,-3515708.2,-2058697.8,28.29,28.839999999999996,29.129999999999992,29.679999999999996,27.999999999999996,27.45,27.159999999999997,0.006344730348960159,-0.1335356600910471,0.41339849733923983,0.3304401582310735,0.2309112383618824,1.6243582538480419,0.628897912384332,0.5184458525349014,0.9642857142857172,-0.009073236914603305,-0.0023533065776917715,-0.3080825818756641,0.7283653846153846
1163,1163,2017-03-29,28.55,29.5,28.4,29.27,6315503,M,0.0,0.3658082386052683,0.8762430380667268,0.07250585252162023,0.9035071299404208,0.20129961192847926,0.3550851832568961,-0.15963650346260125,1755953.8837839775,28.72993979654393,29.842753622269978,613398.3999999999,-8.554151435576237,28.438000000000052,30.149499999999982,-0.9481933578489397,-0.8161880902808,-0.13200526756813968,0.42857142857142855,0.7199999999999989,24.308202328078266,-946107.2,-1439755.5,29.05666666666667,29.71333333333334,30.156666666666673,30.81333333333334,28.613333333333333,27.95666666666667,27.513333333333332,0.035373187124159884,-0.1189042745334136,0.7120685005227522,0.5222511512059548,0.5154803585024601,1.5172706624594199,0.6829016385592516,0.5443947323800623,0.7909090909090908,-0.006463732001306159,-0.00251282368460019,-0.28695369628420764,0.7259615384615384
1164,1164,2017-03-30,29.14,29.64,29.06,29.46,4662809,M,0.0,0.35595439701142634,0.8367439663244968,0.09346627128389458,0.7925112498796522,0.17880250755502006,0.40638751369932746,-0.14476471474624586,1135877.087515993,28.973293197695952,29.8063008963395,112926.45,-9.419802285965547,28.67600000000005,29.96149999999998,-0.8604301476775262,-0.8250365017601452,-0.03539364591738104,0.42857142857142855,0.19000000000000128,24.33548213312973,1073360.8,-1431084.95,29.38666666666667,29.71333333333333,29.96666666666667,30.293333333333337,29.13333333333333,28.806666666666665,28.55333333333333,0.045793397231096884,-0.07271010387157692,0.7402446229606163,0.545658764071927,0.6700596988342414,1.3392978325274325,0.685152816510766,0.5582290600023225,0.6896551724137946,-0.0036515664011142744,-0.0026330522285154183,-0.26423847355299396,0.7235576923076923
1165,1165,2017-03-31,29.46,29.9,29.45,29.64,5931670,M,-0.0,0.34229523220259883,0.7851781041478971,0.09853193574437903,0.7347195654881877,0.1702706499764594,0.4577057244394154,-0.1314976540520967,-77392.76360152534,29.195528798463968,29.790462715735732,-142018.21000000034,-9.736396104721619,28.970000000000052,29.854999999999983,-0.7675053517007555,-0.8135302717482673,0.0460249200475118,0.5,0.17999999999999972,24.226475234844642,3118190.6,-473989.15,29.66333333333333,29.87666666666666,30.11333333333333,30.32666666666666,29.426666666666666,29.21333333333333,28.976666666666667,0.0612244897959184,-0.03421309872922779,0.7929292733421328,0.5897729024022872,0.7136175446286663,1.2708575637617978,0.5975092850812526,0.5452760278327895,0.4222222222222257,-0.0011350083911222928,-0.0027140688067224714,-0.2403780373916839,0.7211538461538461
1166,1166,2017-04-03,29.6,29.82,29.16,29.64,5185953,M,0.0,0.3361321602834164,0.7684876902615109,0.06176660386983355,0.6811651544815017,0.16859668245828352,0.4676591340649936,-0.10999524176923747,476927.5076782575,29.343685865642644,29.77613293328471,94165.91999999984,-9.689764307444142,29.31200000000005,29.802499999999966,-0.6859545246340488,-0.7880151223254237,0.10206059769137488,0.42857142857142855,0.0,24.183667400649306,4289739.2,74814.15,29.540000000000006,29.920000000000005,30.2,30.580000000000005,29.260000000000005,28.880000000000006,28.600000000000005,0.038178633975481616,-0.037974683544303736,0.6022014546618745,0.5228536464104121,0.452625673158141,1.2561506572407477,0.6407637658117443,0.5626090468270692,0.7272727272727277,0.0006826526770593343,-0.002761673193207578,-0.2207870488583584,0.71875
1167,1167,2017-04-04,29.48,29.49,28.54,28.89,6905048,M,-0.0,0.3290805887026297,0.8126893315599764,0.04271850643944358,0.10958344185377608,0.16810386958624546,0.33649652325421153,-0.0960771811743839,-667870.5551604136,29.19245724376177,29.69173932059093,-730033.5,-9.770282409434932,29.380000000000038,29.706499999999977,-0.6740733407540418,-0.7652267660111474,0.09115342525710557,0.42857142857142855,-0.75,24.254126840990786,2000986.8,-575037.8,28.97333333333333,29.406666666666666,29.92333333333333,30.356666666666666,28.45666666666667,28.02333333333333,27.50666666666667,-0.01298257601639901,-0.09065155807365437,0.35012764657302864,0.4063559639054889,0.31376742979771355,1.248444400465949,0.5499828614183565,0.5441149521417846,0.3684210526315807,0.0008358998080249614,-0.0028014775595707076,-0.2192443541361052,0.7163461538461539
1168,1168,2017-04-05,28.97,29.56,28.71,28.82,6649267,M,-0.0,0.3178668565044858,0.8176640873519793,0.05525415725301136,0.2095886893007208,0.1574033296099225,0.34116698275664536,-0.08596455823452086,-2065396.8243186541,29.068304829174515,29.608716528153696,-1199917.4800000004,-9.957275573581516,29.29000000000004,29.55899999999998,-0.6626670190160979,-0.7447148166121376,0.08204779759603964,0.5,-0.07000000000000027,24.340260145317522,-591967.2,-1300490.85,29.03,29.35,29.880000000000006,30.2,28.500000000000004,28.180000000000003,27.65000000000001,-0.02172437202987103,-0.08594988899460833,0.3904572958900974,0.4234954157274655,0.4045985664851762,1.163171254984924,0.4097924958475317,0.5046194104812225,0.12941176470588198,0.00033624852025644067,-0.002834197671270276,-0.21936738070084635,0.7139423076923077
1169,1169,2017-04-06,28.97,30.08,28.97,29.42,5994476,M,-0.0,0.3070928785101907,0.8766422090383817,0.05474684115459251,0.5860833747231206,0.1448627076819068,0.4921485241619743,-0.0626288962599646,-1242106.4344437993,29.185536552783013,29.590743525472394,-482603.160000001,-9.718698857670653,29.282000000000032,29.45349999999998,-0.5983154333921696,-0.715434939968144,0.11711950657597435,0.5,0.6000000000000014,24.564578787939233,-325633.8,-777180.85,29.49,30.01,30.599999999999994,31.12,28.9,28.38,27.79,-0.007422402159244226,-0.07280176489127005,0.6295476573696974,0.5400731377418371,0.4007742506721949,1.0666784401772598,0.4083301323668239,0.4951704576168592,0.40540540540540815,0.0005249214009269195,-0.002842068922733565,-0.20081222789403946,0.7115384615384616
1170,1170,2017-04-07,29.37,29.62,29.05,29.1,4897667,M,-0.0,0.29950459644761085,0.8357565811665976,0.04794482389163548,0.4470953295600491,0.12602218539628618,0.43992242719159136,-0.040888977554590304,-1716494.3195315562,29.157024368522002,29.54400604685598,-490448.00000000204,-9.300304774888568,29.174000000000035,29.32199999999998,-0.5666061804572742,-0.6856691880659701,0.11906300760869593,0.5,-0.3200000000000003,24.46528983145081,-2491501.2,-1217796.65,29.25666666666667,29.463333333333345,29.82666666666667,30.033333333333346,28.893333333333338,28.68666666666667,28.32333333333334,-0.018218623481781347,-0.058252427184465924,0.6295476573696974,0.5400731377418371,0.3496855730536438,0.9238056300474752,0.30145985432642103,0.4563655852957884,0.08771929824561524,0.0004413554889746085,-0.0028377167865798387,-0.19240801117767609,0.7091346153846154
1171,1171,2017-04-10,29.28,29.8,29.11,29.52,4849522,M,0.0,0.29221389407375964,0.8176557036777178,0.04278135785459637,0.7966938883307003,0.11597871481547199,0.5786977939234293,-0.0157339249808264,-178847.30557062782,29.27801624568133,29.541719756679214,-114495.39999999756,-8.765035915392794,29.150000000000034,29.252999999999982,-0.5018014246768558,-0.6488956353881473,0.14709421071129147,0.5714285714285714,0.41999999999999815,24.339790906139136,-1521596.8,-668949.45,29.476666666666667,29.84333333333333,30.166666666666664,30.53333333333333,29.153333333333325,28.78666666666666,28.463333333333324,0.02180685358255448,-0.04620355411954765,0.707412149105467,0.5810333973516675,0.3117691453653714,0.8481813361242501,0.3990408690678552,0.469492948462925,0.5942028985507237,0.0008168751913253942,-0.002810422352518648,-0.1725947792701227,0.7067307692307692
1172,1172,2017-04-11,29.56,29.75,29.14,29.71,3316103,M,0.0,0.2842779791782969,0.7899682765206887,0.04825905841369315,0.7799247237637252,0.10388791347250834,0.6711407225028496,0.003775490890856825,1092480.0149886494,29.422010830454226,29.55774644651929,-964754.0399999992,-8.29352139722317,29.314000000000032,29.19099999999998,-0.4301532379579882,-0.6051471559021155,0.17499391794412733,0.6428571428571429,0.19000000000000128,24.30303984714965,522633.4,-739997.2,29.53333333333333,29.926666666666666,30.14333333333333,30.53666666666666,29.316666666666666,28.92333333333333,28.706666666666663,0.03088133240804998,-0.02011873350923481,0.707412149105467,0.5810333973516676,0.35366650958475065,0.7581480205439972,0.5775026558813029,0.5137723085624749,0.934426229508198,0.0014414357773741087,-0.0027590716370270193,-0.1506912425629805,0.7043269230769231
1173,1173,2017-04-12,29.65,29.78,29.1,29.17,5431079,M,-0.0,0.2758853052109007,0.7753058396512635,0.034203218174054174,0.28707047398370505,0.09749629880867998,0.5128502646752369,0.008922181669019126,-775786.0578090509,29.33800722030281,29.52081821351745,-203544.9499999988,-7.846744771125118,29.38400000000004,29.133499999999977,-0.4121935106089296,-0.5665564268434784,0.1543629162345488,0.5714285714285714,-0.5399999999999991,24.17405656014465,766271.0,-581770.2,29.350000000000005,29.60000000000001,30.03000000000001,30.28000000000001,28.92000000000001,28.670000000000005,28.24000000000001,-0.008497620666213459,-0.04077606050641231,0.6480813510929866,0.5654047217565747,0.25125684070660226,0.7101021053356691,0.4193154960777315,0.4746455340775333,0.1029411764705887,0.0012370557058950756,-0.0027037539878106485,-0.14517973380334265,0.7019230769230769
1174,1174,2017-04-13,29.27,29.4,28.82,29.17,4184298,M,0.0,0.27261468313292714,0.7492650610310948,0.036367639051646014,0.3462704158567202,0.08858477610791879,0.5382480851932011,0.01358230317916223,178195.98713806577,29.28200481353521,29.487406955087234,-468825.29999999923,-7.52305033419521,29.33400000000004,29.07149999999997,-0.3934251372088475,-0.5319301689165522,0.13850503170770467,0.5714285714285714,0.0,24.120841990382075,-432624.2,-901048.25,29.13,29.44,29.71,30.02,28.86,28.55,28.28,0.0024054982817869512,-0.044859201047806066,0.35571184337063705,0.4624910408297544,0.26670208098524634,0.6438230796553397,0.4806930893391788,0.4869124618665371,0.6034482758620732,0.0007954707755386296,-0.0026446179109802345,-0.14071149618729736,0.6995192307692308
1175,1175,2017-04-17,29.17,29.23,28.57,28.82,4144049,M,-0.0,0.27145354993616594,0.7373630528936155,0.04724215492565649,0.16887316956253226,0.07515015720558517,0.42402209603078733,0.007802207270335156,-42844.78279890482,29.128003209023472,29.423844387936057,450460.5000000018,-7.351903398085094,29.278000000000038,28.98549999999998,-0.4021573217277776,-0.5059755994787973,0.1038182777510197,0.5714285714285714,-0.3500000000000014,24.140345582131143,-281900.6,-1696704.55,28.87333333333333,29.17666666666667,29.53333333333334,29.83666666666667,28.51666666666667,28.21333333333333,27.85666666666667,-0.02371273712737125,-0.01872659176029965,0.22744980571229345,0.387974957507742,0.3457889529783432,0.544566220420622,0.4467246858220788,0.4766148825257125,0.3787878787878787,-7.409415314473596e-05,-0.002591710627860149,-0.14530934266244128,0.6971153846153846
1176,1176,2017-04-18,28.77,28.84,28.46,28.71,3459596,M,0.0,0.26537628439813016,0.6897146458411333,0.05369842322482984,0.2403234160305259,0.07460748115659369,0.3877352807163815,-0.0027997823253527584,537890.4995612195,28.98866880601565,29.355859208132625,333362.92000000057,-6.842385390476936,29.11600000000003,28.95249999999998,-0.4131907161887298,-0.4874186228207839,0.07422790663205403,0.5,-0.10999999999999943,24.122024351820126,-1943724.2,-1477665.85,28.67,28.879999999999995,29.05,29.259999999999994,28.5,28.29,28.12,-0.03365870077415012,0.010204081632653031,0.18611141753382826,0.35798251379566376,0.3908708226535368,0.5400182745465693,0.5171147028287548,0.4938796305558453,0.657894736842107,-0.000981584514128284,-0.002545735204558889,-0.15171011865275807,0.6947115384615384
1177,1177,2017-04-19,28.8,29.46,28.8,29.09,4257574,M,-0.0,0.2692142061358566,0.6977526930623155,0.029436281133256637,0.6148325364302509,0.07256491840187132,0.5494445399244737,-0.00331556588776877,214746.0228255597,29.0224458706771,29.33053928354856,30651.749999999956,-6.167125259441415,28.992000000000036,28.985999999999986,-0.3868129971346157,-0.4672974976835503,0.08048450054893458,0.5,0.37999999999999895,24.030740265336703,-1755430.0,-686879.5,29.11666666666667,29.43333333333334,29.77666666666667,30.09333333333334,28.77333333333334,28.45666666666667,28.11333333333334,-0.0027425437092904303,0.02537892139584064,0.6656376534524087,0.5762096962940458,0.21335416565384435,0.5258416811991603,0.4912077816838159,0.4886905171118541,0.43939393939393795,-0.0011486143638105679,-0.0024933061462530798,-0.14450929688965167,0.6923076923076923
1178,1178,2017-04-20,29.32,30.18,29.32,30.01,5348654,M,0.0,0.2729016211387703,0.7500523339873401,0.07013345970485345,0.91562928754593,0.07595289038896645,0.9266693494569692,0.00706433721956874,1256254.373611333,29.3516305804514,29.395249827972503,2455775.4000000013,-5.497425836923107,29.16000000000004,29.067999999999987,-0.2883482543186098,-0.4315076490105622,0.14315939469195246,0.5,0.9200000000000016,24.00833825649261,400516.6,-92821.7,29.83666666666667,30.35333333333334,30.696666666666665,31.21333333333334,29.49333333333334,28.97666666666667,28.63333333333334,0.02879670894754885,0.06154934559603827,0.8292232388756778,0.7110196110570121,0.5112729212483823,0.5519496544566189,0.5949137149209942,0.5185605232340919,0.8023255813953508,0.0001575773027761383,-0.0024093416899169788,-0.10881397250805457,0.6899038461538461
1179,1179,2017-04-21,29.85,30.05,29.32,29.48,3549439,M,-0.0,0.2699021558277621,0.7473786894556947,0.07271189679557473,0.6214239329175828,0.07217125526255498,0.6672025704145679,0.0051692428703058076,-95203.18789469825,29.394420386967603,29.403321272927503,-276172.6500000005,-5.050724032524463,29.222000000000037,29.128499999999985,-0.2501966950830621,-0.3952454582250622,0.1450487631420001,0.42857142857142855,-0.5300000000000011,24.01230390268596,-309371.2,1432.9,29.61666666666667,29.91333333333334,30.34666666666667,30.643333333333338,29.18333333333334,28.88666666666667,28.45333333333334,0.022900763358778633,0.046503372381966585,0.8292232388756778,0.7110196110570121,0.5311967620400718,0.5255601022288329,0.4696685040112564,0.4900479098014908,0.2191780821917809,0.0008840024369216953,-0.002316845127867644,-0.09412344786826264,0.6875
1180,1180,2017-04-24,29.79,29.84,29.05,29.19,4288603,M,-0.0,0.2660589472104252,0.7530615308616021,0.06621430994407003,0.4453555975860714,0.06507029529415789,0.5055300451310236,0.006679744075131532,-886030.9428458292,29.326280257978397,29.383004961220127,869241.8200000003,-4.903165717872434,29.29600000000004,29.17949999999999,-0.2405885310656615,-0.3643140727931821,0.1237255417275206,0.42857142857142855,-0.28999999999999915,24.11533873059105,-338282.0,1626.7,29.36,29.67,30.15,30.46,28.88,28.57,28.09,0.016718913270637424,0.04511278195488727,0.609904089591046,0.6094745118032849,0.4849536060303696,0.4746796703839698,0.3721840659653105,0.4602543174273887,0.17721518987341864,0.0008484395041030093,-0.0022265410692112715,-0.08999256501319472,0.6850961538461539
1181,1181,2017-04-25,29.35,29.54,29.01,29.28,4465105,M,0.0,0.2654892396017029,0.7233199934133882,0.04962900317074873,0.4109338303510512,0.050969074680140926,0.5221373619297973,0.0068890736610584796,-221281.5968879112,29.310853505318928,29.37319496491344,-183133.19999999934,-4.590918013612872,29.41000000000004,29.246999999999996,-0.22313953041310344,-0.3360791643171664,0.11293963390406295,0.42857142857142855,0.08999999999999986,24.06670105610045,1246658.2,517769.1,29.27666666666667,29.54333333333333,29.80666666666666,30.07333333333333,29.013333333333332,28.74666666666667,28.483333333333334,0.006531454107940917,0.02556917688266201,0.5781866992049661,0.5946064653129164,0.3648972458129305,0.3726731317925203,0.4179340313982578,0.4649380931261281,0.5094339622641525,0.0006794446993371128,-0.0021356938611035697,-0.08391823271825431,0.6826923076923077
1182,1182,2017-04-26,29.38,29.72,29.31,29.43,3009055,M,-0.0,0.2618253009615023,0.6855439942916028,0.04330969545727719,0.4624025757533939,0.045913868812192817,0.6033562425475902,0.0039847818335726455,-353009.87871500646,29.35056900354596,29.378604968255026,-307091.519999998,-4.15504470945902,29.478000000000037,29.29099999999999,-0.1949599483586688,-0.3078553211254669,0.11289537276679805,0.42857142857142855,0.14999999999999858,23.846977672008165,996954.4,441286.15,29.486666666666668,29.663333333333334,29.896666666666665,30.073333333333334,29.253333333333334,29.07666666666667,28.843333333333334,-0.019326891036321285,0.00546634779637855,0.6822796796053939,0.6411609232063119,0.31917080067240466,0.3362157828444849,0.37618366320859536,0.448532839193094,0.2926829268292706,0.0006796629052358718,-0.0020406327712811315,-0.07433804770796558,0.6802884615384616
1183,1183,2017-04-27,29.47,29.63,29.2,29.51,2959266,M,0.0,0.2536298238925308,0.6514714617193891,0.01870353578578984,0.7402304140249054,0.04636956090369216,0.6523439728488514,0.007941213835381595,438223.86845146667,29.403712669030643,29.391118780802163,-346342.9700000007,-3.7280712432731775,29.37800000000004,29.30299999999999,-0.16427839605552566,-0.27913993611147864,0.114861540055953,0.35714285714285715,0.08000000000000185,23.696542965165573,519076.8,273474.3,29.44666666666667,29.69333333333334,29.87666666666667,30.12333333333334,29.26333333333334,29.01666666666667,28.83333333333334,0.0010176390773406084,0.0016972165648336966,0.5633415343941457,0.5920567252847645,0.13736811857873366,0.3396918107902227,0.491099186325112,0.4744754480850037,0.7209302325581453,0.0008057669551017905,-0.0019407853087180208,-0.06399620752960622,0.6778846153846154
1184,1184,2017-04-28,29.47,29.51,29.03,29.22,4259615,M,-0.0,0.2500121477721792,0.628608600156804,0.01886534041095051,0.3084031393072916,0.04616968448965185,0.44749904018654396,0.004961263718455867,23661.999714584264,29.34247511268709,29.374821754059106,-262617.6000000011,-3.2622695940305992,29.32600000000004,29.29099999999999,-0.16150192748689918,-0.2556123343865627,0.09411040689966356,0.35714285714285715,-0.2900000000000027,23.57951468199862,377041.6,-172646.9,29.25333333333333,29.47666666666667,29.73333333333333,29.95666666666667,28.996666666666666,28.77333333333333,28.516666666666666,0.0010277492291879953,-0.014170040485830015,0.40905585688978,0.519402259484346,0.13831124322288382,0.338089057096598,0.4593439019945174,0.4669857228705584,0.39583333333332826,0.0005395992380956567,-0.0018464965449480847,-0.06360972995367369,0.6754807692307692
1185,1185,2017-05-01,29.23,29.3,28.66,28.86,4011902,M,-0.0,0.2411623471544703,0.6301274534692303,0.034407964316713016,0.10269256674128424,0.04658685941961169,0.21234821846518484,-0.0008902334314416554,-344414.5923942438,29.181650075124725,29.325791110815377,-684213.4000000022,-3.0430106121450664,29.260000000000037,29.251999999999992,-0.18620410251162767,-0.2417306880115757,0.05552658549994805,0.2857142857142857,-0.35999999999999943,23.578291423427576,432381.8,-669825.5,28.94,29.219999999999995,29.579999999999995,29.86,28.579999999999995,28.3,27.939999999999994,-0.014344262295082025,-0.026315789473684247,0.22297753331622816,0.39478829064068216,0.251694258976756,0.3406897029356202,0.4103959346630111,0.452272796882886,0.3124999999999986,-0.0002482229497815287,-0.0017674527565209293,-0.0735011089665789,0.6730769230769231
1186,1186,2017-05-02,28.88,29.6,28.76,29.5,3440492,M,0.0,0.2352894226910829,0.6581104596733329,0.03743937727776971,0.6786489833653514,0.045637048549566114,0.6910605417637741,0.006331543112228967,849070.5563546512,29.287766716749807,29.34238243359487,-229354.4400000009,-2.7136456003234075,29.304000000000038,29.244999999999994,-0.15238154331435186,-0.22386085907213094,0.0714793157577791,0.2857142857142857,0.6400000000000006,23.692341536219125,227459.2,-497800.9,29.286666666666665,29.81333333333333,30.12666666666667,30.65333333333333,28.97333333333333,28.446666666666665,28.13333333333333,0.0023785253143051408,0.02111457251644165,0.4875771550858986,0.5079167078557175,0.2742808779369413,0.3336638712080152,0.5672480834261339,0.4930994239371235,0.8809523809523793,-0.00016842624261593467,-0.0016819047560216402,-0.06059762724595871,0.6706730769230769
1187,1187,2017-05-03,29.5,29.72,29.0,29.16,3781542,M,-0.0,0.2272439383428046,0.666362398383555,0.0368977437631568,0.4166094518766576,0.04427606168643131,0.4239647130382536,0.005555536588914807,-242386.81215909703,29.24517781116655,29.325012678014414,-69108.00000000016,-2.4294571669338456,29.25000000000004,29.25849999999999,-0.15126835256646487,-0.20934235777099766,0.05807400520453285,0.35714285714285715,-0.33999999999999986,23.795152859672523,-1130660.2,-341625.6,29.29333333333333,29.586666666666666,30.013333333333332,30.306666666666665,28.86666666666667,28.57333333333333,28.14666666666667,-0.011860386309725563,0.011797362942401106,0.5696446022867191,0.5478687998320676,0.2698147512680844,0.3238627877131125,0.4522394630248302,0.4673015952023711,0.2222222222222228,-0.0002757542121142331,-0.0016019846388835575,-0.060055973869825724,0.6682692307692308
1188,1188,2017-05-04,29.28,29.56,28.91,28.92,3583996,M,-0.0,0.2195139631846548,0.6641807452657476,0.0351996599080391,0.2932587716910833,0.04339125268426583,0.22948068102349445,-0.001427545268668981,-1103676.8315063142,29.13678520744436,29.28644004201304,-83232.31999999976,-2.0524614204642084,29.132000000000037,29.263499999999986,-0.16781763784870307,-0.2010374137865388,0.03321977593783573,0.35714285714285715,-0.23999999999999844,23.81861056000313,-2439312.6,-188362.05,29.13,29.35,29.78,30.0,28.7,28.48,28.05,-0.01026694045174528,-0.016995241332426917,0.4876411579627247,0.5110889993393307,0.2563591231102492,0.3174449807315031,0.3066211804780927,0.4242618828387756,0.015384615384617824,-0.0007040688397509053,-0.0015338070786880852,-0.06654015016678333,0.6658653846153846
1189,1189,2017-05-05,29.01,29.3,28.91,28.97,4764841,M,-0.0,0.2177814651325923,0.6276233125636479,0.0356602985912363,0.3920037247067147,0.04400505895253104,0.2893921944642409,-0.002666861818582721,-1300012.0428505966,29.081190138296236,29.256302895154647,-186826.81000000125,-1.7506610744735067,29.08200000000004,29.240999999999996,-0.17488254639918566,-0.1958064403090682,0.02092389390988256,0.35714285714285715,0.049999999999997165,23.822835825332746,-634421.4,-249843.8,29.06,29.210000000000004,29.45,29.600000000000005,28.820000000000004,28.67,28.430000000000003,0.003811503811503792,-0.004467353951890122,0.4876411579627247,0.5110889993393307,0.2592682009075839,0.32168798220774,0.25569617160077857,0.398508003887097,0.15384615384615033,-0.0010277892971907432,-0.001473347944459792,-0.07011882697272752,0.6634615384615384
1190,1190,2017-05-08,29.15,29.2,28.61,28.67,4041405,M,-0.0,0.2107530352245048,0.622606870888495,0.04256704005770846,0.1974886163586255,0.04724564728012274,0.10195413808967912,-0.008046027153125473,-1236912.5215857166,28.944126758864158,29.20046452418754,-114352.25,-1.6119501228565554,29.04400000000004,29.21949999999999,-0.20235639160086194,-0.19711643056742695,-0.0052399610334349644,0.35714285714285715,-0.2999999999999972,23.892744238203925,-640322.0,-207030.7,28.82666666666667,29.043333333333337,29.41666666666667,29.633333333333336,28.453333333333337,28.236666666666668,27.863333333333333,-0.028135593220338925,-0.02879403794037933,0.2512954978143508,0.3893877226775076,0.3090792778590216,0.34512354767538644,0.2043624194852661,0.3702400906839679,0.10169491525424117,-0.001579181524165565,-0.0014275668255839494,-0.08182438210897601,0.6610576923076923
1191,1191,2017-05-09,28.66,29.49,28.57,29.3,10916973,M,0.0,0.2114486178644194,0.6622592881033621,0.03319356200717508,0.8074538639714423,0.04635415699432454,0.5675807725886063,-0.010760516815692041,1964551.5915412246,29.062751172576107,29.20994409331254,2030203.5600000115,-1.310665356147065,29.004000000000037,29.20849999999999,-0.1713190179941826,-0.19195694805277813,0.020637930058595544,0.35714285714285715,0.629999999999999,24.04715724429836,854974.2,96341.85,29.12,29.67,30.04,30.59,28.750000000000004,28.200000000000006,27.830000000000005,0.004801097393690007,-0.013800067317401552,0.5478624004073968,0.5199723998622763,0.2406865181140268,0.33848384864218195,0.4007343666133665,0.4105484878445012,0.7934782608695673,-0.0011994252868551818,-0.001374451520875185,-0.0697032818678281,0.6586538461538461
1192,1192,2017-05-10,29.28,29.83,29.21,29.34,7930450,M,-0.0,0.2312339638644545,0.6566247163562469,0.03857978946095426,0.7677717700572364,0.0437400563931933,0.6174837567594108,-0.010223529455831274,-408352.39029624,29.155167448384073,29.22233037013992,2605660.149999993,-1.101867188095471,29.04000000000004,29.18999999999999,-0.14185875071835952,-0.18193730858589446,0.04007855786753492,0.35714285714285715,0.03999999999999915,24.1127911730217,3197372.6,327059.2,29.46,29.709999999999994,30.07999999999999,30.32999999999999,29.09,28.84,28.47,0.014522821576763418,0.005827905382241966,0.7260040165351119,0.6296992408711538,0.28008927148652835,0.319193061529328,0.33704871752719034,0.3914179098931046,0.209677419354838,-0.0005451769005722558,-0.0013148819562919145,-0.05862247252480995,0.65625
1193,1193,2017-05-11,26.48,27.0,24.25,24.35,47285624,M,-0.0,0.25145112161570804,1.2477414208420807,0.30267976150499937,0.05645199510503977,0.15593792258583505,-0.5187745775866984,-0.07030401319096354,-13828019.47263121,27.55344496558938,28.758298906317073,-180024822.45,-2.5334542602539827,28.126000000000047,28.94899999999999,-0.5152233988558983,-0.2485945266398953,-0.266628872216003,0.35714285714285715,-4.989999999999998,24.609504273994013,-5542953.0,-1765668.05,25.2,26.15,27.950000000000006,28.9,23.4,22.45,20.65,-0.15947531929582318,-0.1652382584847446,0.08024942742133917,0.12744516776177414,2.1282927430224063,1.1285617302343345,0.2368203571393392,0.3576032171760125,0.03636363636363688,-0.006300196243493992,-0.0013955202917803838,-0.18248395620365104,0.6538461538461539
1194,1194,2017-05-12,24.41,24.45,23.57,23.61,20009108,M,-0.0,0.2716658289425792,1.1987092313964698,0.4185459548598593,0.1958495186248199,0.2288191436333749,-0.2714382004718157,-0.1276377066891966,-9897336.080702627,26.238963310392922,28.267984724763068,-69210710.34,-4.095836503972915,27.054000000000052,28.67099999999999,-0.8609054063840951,-0.37105670258873535,-0.4898487037953597,0.35714285714285715,-0.7400000000000021,24.870081633725235,-10497742.8,-2766123.45,23.876666666666665,24.18333333333333,24.75666666666667,25.06333333333333,23.30333333333333,22.996666666666666,22.42333333333333,-0.17649110568538548,-0.18077723802914644,0.06854708640822142,0.11286009462900788,2.8308355656946635,1.6401184167781224,0.17303175324440767,0.3278747722501583,0.04545454545454454,-0.013253065424400164,-0.0015989131552279605,-0.2755228993302834,0.6514423076923077
1195,1195,2017-05-15,23.69,23.9,23.1,23.21,19967099,M,-0.0,0.2917349997068486,1.145548000543607,0.4764833830997465,0.2775345746377128,0.2879033077916978,-0.1337996313331237,-0.17845297082120404,-6207859.6017712625,25.229308873595286,27.786271893833252,31143118.50000001,-5.941157699835144,25.962000000000053,28.39049999999999,-1.1538368321525247,-0.5276127285014933,-0.6262241036510314,0.35714285714285715,-0.3999999999999986,25.07570990314231,-13682881.6,-3557275.95,23.403333333333336,23.70666666666667,24.20333333333333,24.50666666666667,22.906666666666673,22.60333333333334,22.10666666666668,-0.2078498293515358,-0.19157088122605365,0.06007070454253936,0.10321172593845412,3.0926153980089106,2.0434297149650487,0.16118783549627172,0.309743841559667,0.1374999999999998,-0.018978363229856132,-0.0018991603894866003,-0.3442073386305862,0.6490384615384616
1196,1196,2017-05-16,23.32,23.32,22.71,22.82,16890813,M,-0.0,0.31101714416663684,1.0741416004711262,0.4335409682342037,0.32737534392287543,0.34026255468354266,-0.05188187902618064,-0.2283967016849848,-2964190.315426698,24.42620591573019,27.313293618230084,2463453.049999997,-7.941238226765764,24.666000000000054,28.095999999999997,-1.4013034838838865,-0.7023508795779719,-0.6989526043059143,0.2857142857142857,-0.39000000000000057,25.185517472021083,-19244438.8,-4228836.8,22.95,23.19,23.559999999999995,23.8,22.58,22.34,21.97,-0.2222222222222222,-0.2155379855620488,0.05252526489214285,0.09522817063064297,2.6734303806162223,2.390004184097203,0.16756784661500054,0.29741851082564713,0.18032786885245825,-0.02289238096523336,-0.002274320521813468,-0.3978862233366674,0.6466346153846154
1197,1197,2017-05-17,22.87,23.22,22.72,23.01,11340574,M,0.0,0.32725381661847697,0.997589387074976,0.10366925948781662,0.3392323168023866,0.3787280753857892,0.045679566780868784,-0.2638574863141454,2645635.0358141973,23.954137277153457,26.903456130779595,1725304.999999994,-9.877390345142754,23.40000000000005,27.79199999999999,-1.5640616471049391,-0.8746930330833655,-0.6893686140215736,0.35714285714285715,0.19000000000000128,25.22815168558683,-18562414.0,-3874686.8,22.98333333333333,23.24666666666667,23.48333333333333,23.74666666666667,22.74666666666667,22.48333333333333,22.24666666666667,-0.055030800821355225,-0.2332555814728424,0.05252526489214285,0.09522817063064301,0.6064651680037284,2.6314026677804625,0.3050452310766689,0.32433103360415744,0.5800000000000054,-0.024353797949167158,-0.002689299674788953,-0.4311434252593077,0.6442307692307692
1198,1198,2017-05-18,23.06,23.36,22.61,22.76,9039543,M,-0.0,0.343353098245391,0.9645774687983124,0.05957172450528528,0.2658240651744622,0.4088327323188695,0.08360373123220724,-0.2930409605281327,2396982.0635205233,23.556091518102303,26.508841261181537,471076.19999998994,-11.903211360674913,23.082000000000047,27.42949999999999,-1.6936976821401792,-1.0384939628947285,-0.6552037192454511,0.35714285714285715,-0.25,25.25963139088875,-10913197.8,-4594096.65,22.91,23.21,23.66,23.96,22.46,22.16,21.71,-0.0360016941973739,-0.2279511533242876,0.1294612358067311,0.12900715953796066,0.3437586362577493,2.803519357785107,0.2700301540511135,0.3124899827847141,0.20000000000000284,-0.024264575262396715,-0.003129744611508161,-0.4591162901112135,0.6418269230769231
1199,1199,2017-05-19,22.81,23.16,22.43,23.01,8608216,M,0.0,0.3492557374365077,0.9333004729585376,0.031049805650233832,0.5673244227856437,0.4316549552876907,0.14992767163058004,-0.31716625235666995,5416454.364721674,23.37406101206821,26.17561828392615,-0.0,-13.811239669428435,22.96200000000004,27.10599999999999,-1.7560199582260196,-1.1819991619609866,-0.574020796265033,0.35714285714285715,0.25,25.300349729421068,-5189733.0,-3986213.9,22.86666666666667,23.303333333333338,23.59666666666667,24.033333333333346,22.57333333333334,22.13666666666667,21.84333333333334,-0.00861697544161996,-0.21171634121274407,0.1129519581997992,0.1220816293109786,0.17824140933516766,2.9251098045070347,0.4448602853491449,0.3583976556571421,0.7945205479452075,-0.022562994561059268,-0.0035695596344706678,-0.4729428176063389,0.6394230769230769
1200,1200,2017-05-22,23.03,23.71,22.92,23.41,9339226,M,0.0,0.3549269005809138,0.9141937432307324,0.04418855351400115,0.901406849178732,0.4464503981962833,0.21543025355367046,-0.3287096550892461,5260599.447059593,23.386040674712138,25.912226066409374,194793.9499999996,-15.762452911550202,23.00200000000005,26.816999999999986,-1.7529274969459685,-1.2961848289579831,-0.4567426679879854,0.35714285714285715,0.3999999999999986,25.34045691217637,671532.0,-3304822.45,23.34666666666667,23.77333333333333,24.13666666666667,24.56333333333333,22.98333333333333,22.55666666666667,22.19333333333333,0.025854513584574933,-0.20047814207650275,0.4260501170035428,0.26463652111376706,0.2541062769822641,2.9931150821074306,0.5033245784184168,0.38333627555236294,0.6202531645569607,-0.019418650018272098,-0.00398460452741399,-0.4714153780811366,0.6370192307692308
1201,1201,2017-05-23,23.5,23.51,23.04,23.05,5531328,M,-0.0,0.3611532057227862,0.8549679107999686,0.0404116425297584,0.5021472877558399,0.4598282109958746,0.2164828830733121,-0.3446323179481747,2318846.7075035283,23.274027116474763,25.63963310770372,-123075.51999999734,-18.02205785528385,23.04800000000005,26.505499999999987,-1.7592461954080854,-1.3887971022480037,-0.3704490931600817,0.2857142857142857,-0.35999999999999943,25.377791173016938,2943429.0,-3804644.1,23.2,23.36,23.67,23.83,22.89,22.73,22.419999999999995,0.001738374619730515,-0.2167855929323819,0.4260501170035429,0.26463652111376706,0.2328518842564684,3.0469941616377865,0.3426419175271726,0.34885440128496503,0.02127659574468407,-0.01643961169655466,-0.004379549478036142,-0.4741854256299223,0.6346153846153846
1202,1202,2017-05-24,23.05,23.29,22.92,23.18,4448877,M,0.0,0.3588608684461899,0.7903055226933058,0.041290106376464686,0.6028268749608131,0.4660432273890826,0.2531758286747541,-0.3564835709943966,3163546.243796858,23.242684744316502,25.405382335541464,1124780.270000002,-19.25753101778541,23.082000000000054,26.192999999999987,-1.7337779825746082,-1.4577932783133247,-0.2759847042612835,0.2857142857142857,0.129999999999999,25.325546684018054,1565089.6,-3732653.0,23.13,23.34,23.5,23.709999999999994,22.97,22.76,22.6,0.01845342706502628,-0.21450355811589294,0.3701753756357302,0.25215916318984466,0.23826455884538994,3.0517675637505586,0.4626621792523492,0.3825542395152257,0.7027027027027022,-0.013478992398446571,-0.00474362698696915,-0.4723616671758722,0.6322115384615384
1203,1203,2017-05-25,23.4,23.72,23.32,23.36,5601931,M,-0.0,0.3584728464207955,0.756931453000865,0.030921467674022683,0.7202275083216889,0.4650479731589677,0.2902060022491837,-0.3327353046614337,1221691.6189132077,23.281789829544334,25.210584017870847,21886.92999999991,-20.05331020770485,23.20200000000005,25.885499999999986,-1.6797071265646262,-1.502176047963585,-0.1775310786010409,0.35714285714285715,0.17999999999999972,25.171241670806083,4493384.4,-3600519.75,23.46666666666667,23.613333333333333,23.86666666666667,24.013333333333332,23.21333333333334,23.06666666666667,22.81333333333334,0.015210777922642237,-0.2005475701574264,0.6201105273019852,0.3766273768407201,0.17935997324316896,3.009499827301613,0.3417747861682321,0.3556443119423469,0.09999999999999824,-0.01050825144768921,-0.0050676867254091755,-0.4652366380811525,0.6298076923076923
1204,1204,2017-05-26,23.36,23.55,23.13,23.44,4094515,M,0.0,0.35290935820649216,0.7120072592674165,0.028674528355508187,0.7276224598080179,0.4609006409303064,0.3172061561744449,-0.3099107654210775,2362560.8039838593,23.334526553029555,25.04195696854981,-92134.12000000056,-20.71018211666601,23.288000000000054,25.596499999999985,-1.6118201923509403,-1.5241048768410563,-0.08771531550988397,0.35714285714285715,0.08000000000000185,24.986914145755573,3590644.2,-3182813.25,23.37333333333333,23.61666666666667,23.79333333333333,24.03666666666667,23.19666666666667,22.95333333333333,22.77666666666667,0.001281503630927003,-0.18780318780318772,0.4978877096305314,0.3465110385598601,0.166943104085769,2.9493608138931453,0.4738816034772349,0.3920682096711939,0.7380952380952405,-0.007778591033564706,-0.005348460511592143,-0.456855080493957,0.6274038461538461
1205,1205,2017-05-30,23.44,23.82,23.4,23.6,6781284,M,-0.0,0.35099685980296125,0.6730729580317611,0.03704973821779143,0.8170480948157023,0.4542061570860825,0.34934774588017464,-0.28607867226004496,1891373.973271819,23.423017702019703,24.904627733449825,283044.72000000236,-21.171504339416717,23.326000000000054,25.33349999999999,-1.5275005693362191,-1.5247840153400891,-0.0027165539961298,0.35714285714285715,0.16000000000000014,24.773217230375096,3079055.8,-2643153.95,23.606666666666666,23.81333333333333,24.026666666666664,24.23333333333333,23.39333333333333,23.186666666666664,22.97333333333333,0.02386117136659439,-0.2,0.6393188005922011,0.4238795753896249,0.2160555484170512,2.8766579201350666,0.4746512277149837,0.40007985410160224,0.476190476190481,-0.005282850056808292,-0.00558178822879329,-0.4447286027798715,0.625
1206,1206,2017-05-31,23.6,23.62,23.1,23.5,11249901,M,0.0,0.3395260335785638,0.6526632302941929,0.0270527268814995,0.6326036653193917,0.4359457742413173,0.35948272006691984,-0.2349933091399413,3556849.954046692,23.44867846801314,24.77085366359747,429323.15999999095,-21.67836022713505,23.416000000000054,25.033499999999986,-1.4520079807140147,-1.5102288084148745,0.058220827700859575,0.2857142857142857,-0.10000000000000142,24.632039523916927,1935341.2,-3377673.6,23.406666666666666,23.71333333333333,23.92666666666667,24.23333333333333,23.19333333333333,22.88666666666667,22.67333333333333,0.01380500431406386,-0.19410150891632372,0.4445403980063469,0.3668474234668561,0.15836666316429845,2.7283121348675032,0.5728444082202447,0.4352370841139037,0.7692307692307672,-0.0034580584938868337,-0.005773224943575161,-0.4358915040628502,0.6225961538461539
1207,1207,2017-06-01,23.47,24.16,23.47,24.08,6063364,M,0.0,0.3296735683900329,0.6576414662549674,0.04821055988622031,0.9254659399636292,0.4124184469318164,0.43155257770334604,-0.1801930092559116,3469289.8074081945,23.659118978675426,24.705058076588184,-344601.5999999977,-21.049285893723386,23.596000000000053,24.77949999999999,-1.3300464599334951,-1.4741923387185991,0.14414587878510374,0.35714285714285715,0.5799999999999983,24.61756907234193,2258238.6,-2885428.3,23.90333333333333,24.336666666666666,24.59333333333333,25.02666666666667,23.646666666666665,23.21333333333333,22.956666666666663,0.03082191780821913,-0.1673582295988936,0.6857828549422528,0.5077417343994077,0.2843940927688142,2.5548807264367346,0.6765822624849932,0.4779819304853882,0.8840579710144902,-0.0012674070326832256,-0.005906986166591668,-0.4090547286851393,0.6201923076923077
1208,1208,2017-06-02,24.3,24.56,23.76,23.81,6796555,M,-0.0,0.3178555950522603,0.6766226040876381,0.04412807906319573,0.6186355744747725,0.3861802799759169,0.4246094674284284,-0.1343425541207593,-256032.29098432465,23.709412652450286,24.619814450246448,-1380537.2599999942,-20.27679371663401,23.686000000000053,24.52399999999999,-1.2408737988099112,-1.4275286307368615,0.18665483192695032,0.42857142857142855,-0.2699999999999996,24.71355501001913,-221458.6,-3046056.25,24.04333333333333,24.326666666666664,24.84333333333333,25.12666666666666,23.52666666666667,23.243333333333336,22.72666666666667,0.015784982935153475,-0.17811529168104934,0.7833578423387609,0.5880014575210154,0.2613044201727141,2.367671296532345,0.4718881749899944,0.4384122228201128,0.062499999999996676,8.926526978986686e-05,-0.005998209397138711,-0.39072404925535104,0.6177884615384616
1209,1209,2017-06-05,23.72,23.97,23.46,23.86,4765918,M,0.0,0.3216423315438925,0.6544062568759527,0.03833667900746158,0.5987640382921158,0.35041759775021514,0.4519644001064471,-0.09491399546002656,997753.5135105515,23.75960843496685,24.5474511692706,285438.11999999854,-19.44399051481844,23.770000000000053,24.26849999999998,-1.1528795623306394,-1.3725988170556171,0.21971925472497775,0.42857142857142855,0.05000000000000071,24.792044153819198,-87178.0,-3046002.4,23.763333333333332,24.066666666666666,24.27333333333333,24.57666666666666,23.556666666666665,23.25333333333333,23.04666666666667,0.011016949152542288,-0.16777118939658187,0.5907407393113795,0.5137554638188921,0.2278157150018409,2.126027367750273,0.5760300251567284,0.4713552230744064,0.7843137254901964,0.0009195642486489184,-0.006049357913594507,-0.3737878480098271,0.6153846153846154
1210,1210,2017-06-06,23.9,24.42,21.86,21.9,30079766,M,-0.0,0.3273737758156509,0.908485422625826,0.1502347417842113,0.06534090909139731,0.3204389813272351,0.23526705140120474,-0.09815549539835744,-8714067.87746755,23.139738956644567,24.295312962673396,-44470933.01000001,-19.1539084927416,23.430000000000053,23.929999999999986,-1.2271532566864138,-1.3435097049817766,0.11635644829536275,0.42857142857142855,-1.9600000000000009,25.29504092905147,-7459388.0,-4347920.45,22.72666666666667,23.59333333333334,25.28666666666668,26.153333333333343,21.03333333333334,20.166666666666668,18.473333333333336,-0.06808510638297878,-0.25255972696245743,0.2083041807980492,0.2860755383531294,0.8800000000010197,1.9170262057901823,0.3892283501044855,0.4279523446863677,0.015624999999999653,-0.001733747117887615,-0.006125552129015057,-0.3899329444924812,0.6129807692307693
1211,1211,2017-06-07,21.98,22.05,21.51,21.81,14050188,M,0.0,0.32161259473820897,0.8593540329423824,0.19647091785073925,0.21742860066334369,0.25450089039091345,0.2088356361016283,-0.09767922168893446,-2126427.8582115797,22.696492637763047,24.058616490037842,-19032753.500000007,-19.10865029028134,23.092000000000052,23.55549999999998,-1.2785397322450862,-1.3305157104344387,0.05197597818935251,0.35714285714285715,-0.08999999999999986,25.51448290461427,-8019445.4,-5596278.5,21.790000000000006,22.070000000000004,22.33,22.610000000000007,21.530000000000005,21.250000000000004,20.990000000000006,-0.09426910299003323,-0.2566462167689162,0.1738386535848821,0.2566692107676284,1.1342266087523205,1.4987239309007894,0.44467075192150735,0.4401050314358136,0.5555555555555511,-0.004815655493089999,-0.006217538140075322,-0.4038007203756793,0.6105769230769231
1212,1212,2017-06-08,22.37,22.86,21.76,21.77,18786921,M,-0.0,0.3169492344109093,0.8914401618833979,0.19463693873167867,0.3047510837592843,0.12229015847449673,0.0035844594313836006,-0.10077716564921747,-5603868.423554551,22.387661758508692,23.840653014796143,1468069.8499999887,-19.30164833314526,22.630000000000052,23.176999999999985,-1.307420421275431,-1.3258966526026372,0.018476231327206216,0.42857142857142855,-0.03999999999999915,25.69993713697207,-12989502.4,-6932147.05,22.13,22.5,23.229999999999997,23.599999999999994,21.4,21.03,20.3,-0.08567828643427128,-0.1059548254620124,0.4621635659156848,0.4197910567120294,1.1011584808744748,0.7085797507408521,0.299477470977974,0.3990560674029653,0.0090909090909073,-0.00714023034894884,-0.0063163631657439405,-0.41540244509427815,0.6081730769230769
1213,1213,2017-06-09,21.82,22.76,21.66,22.7,13500754,M,0.0,0.30532754991955674,0.9192481402989452,0.16006774433001994,0.5814096580803008,0.11416570542024952,0.3503754769846898,-0.09310537988077892,3179030.0944175413,22.491774505672463,23.73201939433936,-488996.2600000003,-18.617886216890433,22.40800000000005,23.094499999999982,-1.2409603295325446,-1.3089093879886189,0.06794905845607424,0.5,0.9299999999999996,25.871808929885034,-8930040.6,-3892828.15,22.37333333333333,23.08666666666667,23.47333333333334,24.18666666666667,21.986666666666668,21.273333333333333,20.886666666666667,-0.048616932103939664,-0.03854299025836511,0.4358718383295457,0.4067671427475477,0.896699503736774,0.6591499709569876,0.5148031624701638,0.4510940176935919,0.9454545454545434,-0.006925596294317557,-0.006384337797309578,-0.3927727384782552,0.6057692307692307
1214,1214,2017-06-12,22.77,23.33,22.43,22.67,12620753,M,-0.0,0.2974942829169139,0.9166817215924188,0.08526823562265355,0.7644947369234174,0.11349613543705732,0.35568480572732564,-0.08514726164217466,781967.459439831,22.55118300378164,23.630874690116574,-5549551.200000013,-18.066597098264943,22.17000000000005,23.047499999999975,-1.1771416214202295,-1.2825558346749408,0.10541421325471134,0.5,-0.02999999999999758,26.056492739022914,-12407374.8,-3523410.4,22.81,23.190000000000005,23.71,24.090000000000003,22.29000000000001,21.910000000000004,21.390000000000008,0.035159817351598316,-0.02326583369237394,0.6120081541629219,0.5093169630955575,0.4725991959385584,0.6539505453713941,0.4320909972023323,0.43352950807198015,0.2666666666666693,-0.005794367992379353,-0.006423843068471725,-0.3753052394563569,0.6033653846153846
1215,1215,2017-06-13,22.15,22.66,22.12,22.26,8510531,M,-0.0,0.2920963632254206,0.8677908253800964,0.08056146964593193,0.5100454937650083,0.11750735851683645,0.22619661058190316,-0.08720576832903065,300451.685855079,22.454122002521096,23.50031519581975,2195698.1199999885,-17.423326968988796,22.242000000000054,22.999999999999982,-1.1464330424556444,-1.2553312762310818,0.1088982337754374,0.5,-0.41000000000000014,26.127147373096005,-8093527.8,-2950582.0,22.34666666666667,22.57333333333333,22.88666666666667,23.11333333333333,22.03333333333333,21.80666666666667,21.493333333333336,0.02063273727647881,-0.024539877300613442,0.4944597043249117,0.4583863516475878,0.4479620519662056,0.675667311471809,0.3744804178879751,0.4169323415183878,0.25925925925926074,-0.005122624577506233,-0.00644944730747648,-0.3675887760867579,0.6009615384615384
1216,1216,2017-06-14,22.3,22.81,21.92,22.76,9440460,M,0.0,0.2824576456636692,0.8707520486627499,0.07480167312755136,0.6954764914325768,0.11769206157155584,0.4124351132168592,-0.0817455001253845,4046235.10793096,22.556081335014056,23.429808986694063,-286226.36999999953,-16.73669911257611,22.43200000000005,22.996999999999982,-1.0694228105893089,-1.2181495831027274,0.14872677251341848,0.5714285714285714,0.5,26.10379374073374,-3395398.2,-1634018.35,22.49666666666667,23.073333333333334,23.38666666666667,23.96333333333333,22.18333333333334,21.606666666666676,21.293333333333344,0.04547542489664685,-0.01086484137331595,0.42136090072822013,0.4259127569097815,0.41948778289930894,0.6766410849902669,0.5642603534983515,0.4671121399184561,0.943820224719104,-0.003766142101912361,-0.006443207085392309,-0.3446466362316015,0.5985576923076923
1217,1217,2017-06-15,22.69,23.12,22.53,22.73,6371747,M,-0.0,0.2775337255130029,0.8333184421743832,0.036461815618303,0.6284985368422834,0.11821774110286253,0.4068825343304403,-0.08258326834125394,1891599.2808278159,22.614054223342706,23.363160511770822,-1005228.4799999977,-16.464186492973184,22.624000000000052,22.982999999999986,-0.9992931666987168,-1.1743782998219252,0.1750851331232084,0.5714285714285714,-0.030000000000001137,26.041684915905204,-912363.4,-2519634.4,22.793333333333337,23.05666666666667,23.38333333333334,23.64666666666667,22.46666666666667,22.203333333333337,21.87666666666667,0.0013215859030837505,-0.0013181019332162186,0.5619037205542879,0.4918556712179147,0.2062280291371222,0.6792495859417719,0.4891679192813865,0.4549093695307418,0.3389830508474565,-0.0024605686295469434,-0.0064092711187253605,-0.3266862944784813,0.5961538461538461
1218,1218,2017-06-16,22.61,22.94,22.17,22.93,8967767,M,0.0,0.2710209573411357,0.8248759832177988,0.043881182587119774,0.7613626378309409,0.1178475899266908,0.4773020254743392,-0.07944978161070929,4270343.579985675,22.719369482228476,23.321907129697408,-80357.80999999912,-16.12131059913928,22.67000000000005,22.99149999999998,-0.9170059167365814,-1.1229038232048565,0.2058979064682751,0.5714285714285714,0.1999999999999993,25.51999431566011,-1818960.8,-1619268.9,22.68,23.18999999999999,23.45,23.95999999999999,22.41999999999999,21.91,21.64999999999999,0.011468901632112836,-0.003476749239461184,0.4028318126485842,0.42487587974667423,0.24869660231250185,0.6773732159498773,0.6551162751919194,0.5055859045290507,0.987012987012985,-0.0010894521874752602,-0.006343885065013493,-0.3053456595785852,0.59375
1219,1219,2017-06-19,23.05,23.05,22.42,22.71,8765901,M,-0.0,0.26904489430662776,0.7988925187887588,0.04397903280641833,0.5320848160191062,0.11842665291709875,0.4020591463872284,-0.07987979257183135,1854625.4265019784,22.71624632148565,23.263630260202408,-47883.079999998976,-15.517844007972018,22.678000000000054,22.97649999999998,-0.8596354967749456,-1.0702501579188743,0.2106146611439288,0.5714285714285714,-0.21999999999999886,25.137593649597047,-1047990.4,-2487974.75,22.72666666666667,23.03333333333334,23.35666666666667,23.663333333333334,22.40333333333334,22.09666666666667,21.77333333333334,0.02021563342318056,-0.02990175138829557,0.4673380191020718,0.4518321924884949,0.2493391264959892,0.6802574976874294,0.5901833369004329,0.5012746241279468,0.4603174603174597,-0.0003719996904453415,-0.006258687707899589,-0.2917914962388581,0.5913461538461539
1220,1220,2017-06-20,22.69,22.69,22.08,22.1,6548561,M,-0.0,0.2727633844921039,0.7763735162835913,0.05605933030948022,0.06991605131619705,0.12205953868401476,0.20999526778393976,-0.07864592001875982,-1027865.45449337,22.510830880990444,23.152808330659326,2007940.979999996,-15.08618686603407,22.646000000000054,22.91099999999998,-0.853551714790477,-1.026910469293195,0.17335875450271798,0.5714285714285714,-0.6099999999999994,24.856151936390035,-655596.4,-3282364.1,22.290000000000006,22.50000000000001,22.90000000000001,23.11000000000001,21.890000000000004,21.68,21.28,-0.028998242530755718,-0.04121475054229932,0.31847321781636284,0.38578152264735255,0.3173798985471229,0.6991265226973649,0.4043845196822575,0.4566567442344191,0.0327868852459066,-0.0010174091024118016,-0.006175966549198792,-0.2919917190496767,0.5889423076923077
1221,1221,2017-06-21,22.02,22.1,21.54,21.6,8550265,M,-0.0,0.2737382155346458,0.7475237141124459,0.0983522882949366,0.13074994515655755,0.13254126673117156,0.09085493489276614,-0.08297334444555811,-2304188.8350583897,22.20722058732696,23.00492182297749,239355.95999999988,-14.914214588581952,22.414000000000048,22.838499999999986,-0.8789441737508987,-0.9973172101847356,0.118373036433837,0.5,-0.5,24.667399703639163,-4253741.4,-3433310.95,21.74666666666667,21.95333333333334,22.30666666666667,22.513333333333346,21.393333333333334,21.186666666666667,20.833333333333336,-0.04971403431588205,-0.06816220880069017,0.1864293793096967,0.3027189806447844,0.5511170474606784,0.7567609300599648,0.3053039655024586,0.4233697073685565,0.10714285714286076,-0.0026809757370535587,-0.006109114255046653,-0.30142065985208943,0.5865384615384616
1222,1222,2017-06-22,21.63,22.23,21.51,22.09,6466804,M,0.0,0.27277416307617736,0.7438538855641197,0.0957396635803542,0.4081388140227662,0.1351836642766434,0.2746771248353094,-0.07870248279501177,778150.9462814055,22.16814705821797,22.91778641126535,817.5700000001277,-15.178878781882936,22.286000000000048,22.78399999999998,-0.8497337735204518,-0.967800522851879,0.11806674933142725,0.5,0.4899999999999984,24.596068560985433,-1686031.2,-3332414.6,21.94333333333333,22.37666666666666,22.66333333333333,23.09666666666666,21.656666666666666,21.223333333333333,20.936666666666664,-0.03663323157435673,-0.05436643835616437,0.28617918548474364,0.3429675872109035,0.5334135356379445,0.7700061517197602,0.4720544955201572,0.45976835957684203,0.8055555555555545,-0.003322478331276013,-0.006034912635952748,-0.2922039189651475,0.5841346153846154
1223,1223,2017-06-23,22.13,22.32,21.91,22.27,6753598,M,0.0,0.2664242842568035,0.6993400341555704,0.07202510023454185,0.5726979168710388,0.1347418998590202,0.3499648672661901,-0.06476525939747929,2335689.9701140933,22.202098038811982,22.85609246733532,-1203766.8899999966,-14.861434159039302,22.154000000000046,22.72949999999998,-0.8028055821886717,-0.9348015347192375,0.13199595253056595,0.5714285714285714,0.17999999999999972,24.48830165688212,-2128865.0,-3274831.25,22.16666666666667,22.423333333333336,22.576666666666664,22.833333333333336,22.013333333333332,21.75666666666667,21.60333333333333,-0.01937472479084109,-0.049914675767918165,0.3619962909001715,0.3725980669223985,0.3989110176490108,0.7656540032113992,0.6073859238427058,0.4996045901397906,0.8780487804878032,-0.00307854130759955,-0.005946295924137159,-0.27866312064728577,0.5817307692307693
1224,1224,2017-06-26,22.29,22.58,22.18,22.47,6424220,M,0.0,0.26217420023578425,0.6594280296014942,0.05833380281795768,0.7822740332471957,0.1320604748273471,0.4295554495044422,-0.049091736601428564,2055604.1267049068,22.291398692541318,22.819321756160523,-16181.919999999958,-13.964842264437749,22.106000000000037,22.68099999999998,-0.7409352832000877,-0.8960282844154077,0.15509300121532,0.6428571428571429,0.1999999999999993,24.358665784557708,909159.2,-3158346.0,22.41,22.639999999999993,22.809999999999995,23.039999999999992,22.239999999999995,22.01,21.84,0.016742081447963682,-0.047881355932203495,0.5537102632443753,0.4563095603633334,0.32238176127344365,0.7488159073897641,0.6465906158951373,0.5210708196502868,0.7250000000000004,-0.002189397613728824,-0.005837559442612278,-0.26085585010824913,0.5793269230769231
1225,1225,2017-06-27,22.49,23.23,22.49,23.09,10412950,M,0.0,0.2618610982073604,0.6728376256546285,0.09773291141215326,0.8605777739479721,0.12785431597615002,0.650003273371905,-0.02236223674289489,2893882.7726122467,22.557599128360877,22.845100636526194,3000668.640000001,-12.763850456930724,22.304000000000038,22.655499999999982,-0.6345590058363761,-0.8437344286996015,0.20917542286322527,0.7142857142857143,0.620000000000001,24.285409692843885,4301461.4,-2976762.7,22.93666666666667,23.383333333333336,23.676666666666673,24.12333333333334,22.64333333333333,22.196666666666665,21.90333333333333,0.06898148148148141,-0.017446808510638304,0.7824798020211826,0.6100374879988435,0.5449587140341676,0.7241508638994161,0.7013306808670284,0.5486651045227177,0.8108108108108105,-0.00023011883434786266,-0.0056905175951183036,-0.2254537462227471,0.5769230769230769
1226,1226,2017-06-28,23.21,23.53,23.03,23.18,11342201,M,-0.0,0.25566633739195016,0.649792608900678,0.08664898320102912,0.7857142857132017,0.12506666311858972,0.6908918138012449,-0.011096593423392993,-529381.981301975,22.76506608557392,22.876995813999887,3491766.510000004,-11.378452245569498,22.620000000000047,22.639499999999977,-0.5368048397441676,-0.7823485109085148,0.2455436711643472,0.7142857142857143,0.08999999999999986,24.259994330777737,8279954.6,-1847157.6,23.24666666666667,23.46333333333334,23.74666666666667,23.96333333333334,22.96333333333334,22.74666666666667,22.46333333333334,0.04934359438660026,-0.037375415282391966,0.8366009273501759,0.6621439246293265,0.4900000000018207,0.7078616799183273,0.5675537872446846,0.5249827136157919,0.2999999999999972,0.00169753103174295,-0.00551040379527789,-0.19396309947195373,0.5745192307692307
1227,1227,2017-06-29,23.28,23.37,22.72,22.95,7060666,M,-0.0,0.24971450837322265,0.6498202610472545,0.07022639029269524,0.5987129895664903,0.1111191881679374,0.6462498299953441,-0.005073583096601851,-1094821.2956170356,22.826710723715948,22.883948593618943,469319.7600000019,-10.44060901999466,22.792000000000037,22.582999999999977,-0.4724469621534695,-0.7203682011575058,0.2479212390040363,0.6428571428571429,-0.23000000000000045,24.326627763451253,5574460.6,-2503359.1,23.013333333333332,23.30666666666667,23.66333333333334,23.956666666666674,22.65666666666667,22.36333333333333,22.00666666666667,0.030534351145038163,-0.036119277614447685,0.615172784715771,0.5692545329228205,0.4001499718877782,0.6273511565991319,0.4963179094451742,0.5086839936377311,0.35384615384615337,0.00266689330350981,-0.005313094846478395,-0.17350429113531027,0.5721153846153846
1228,1228,2017-06-30,23.08,23.26,22.77,23.24,6154709,M,0.0,0.2530065298657541,0.6285108929076209,0.053672934116820205,0.7058803874637172,0.10283052961901204,0.7955644404743145,0.006311534579733151,1228537.071804653,22.964473815810628,22.91785825136952,-311249.5199999934,-9.317868528053463,22.986000000000047,22.55449999999998,-0.3935062094866453,-0.6549958028233337,0.2614895933366884,0.6428571428571429,0.28999999999999915,24.409718115939828,5454682.8,-1855795.9,23.09,23.41,23.58,23.9,22.92,22.6,22.43,0.03426791277258565,-0.025984911986588474,0.615172784715771,0.5692545329228205,0.3084315159023079,0.5798227950730012,0.6506064974532433,0.5515887250502692,0.9591836734693816,0.003475533263705516,-0.0050931654549975815,-0.1472786142578347,0.5697115384615384
1229,1229,2017-07-03,23.33,23.93,23.3,23.84,3895411,M,0.0,0.2624731491719672,0.6367094405199382,0.05883503145206469,0.9238208256627646,0.10241695453683754,1.0569599730121189,0.02283843475358104,1154183.4233780615,23.25631587720709,23.00568127504861,-2817076.950000002,-7.766582592115832,23.260000000000037,22.553499999999982,-0.27931039233187605,-0.5798587207250422,0.3005483283931661,0.7142857142857143,0.6000000000000014,24.53491326165009,4948921.0,-1899321.25,23.69,24.08,24.320000000000004,24.71,23.450000000000006,23.06,22.820000000000004,0.032481593763534,0.08858447488584481,0.8185805440818872,0.6973987228658616,0.34212570789375674,0.5774651960366408,0.7194519506831146,0.5806891185828966,0.8571428571428571,0.004876155401312866,-0.004836340385671723,-0.10665064528320363,0.5673076923076923
1230,1230,2017-07-05,24.17,24.65,23.51,23.52,12113751,M,-0.0,0.2592277650092015,0.7038148484506127,0.0587258726604777,0.6269133441974991,0.10503363404760037,0.8724682585034955,0.0366876689739558,-3653235.124395428,23.344210584804724,23.054664010758266,1668531.7600000068,-6.032009001979625,23.346000000000046,22.634499999999978,-0.21218477612990935,-0.5063239318060156,0.2941391556761063,0.7142857142857143,-0.3200000000000003,24.812884573913728,443580.8,-1001020.5,23.89333333333333,24.27666666666666,25.03333333333333,25.416666666666657,23.136666666666667,22.75333333333333,21.996666666666666,0.014667817083692832,0.07840440165061903,0.8989430688713717,0.7803769960175402,0.34275355578287875,0.5943459474626019,0.4825586103969297,0.5262208148916264,0.00877192982455968,0.005368574557774384,-0.0045650354570393615,-0.08223401303921077,0.5649038461538461
1231,1231,2017-07-06,23.26,23.4,22.82,22.85,5704721,M,-0.0,0.2527833063298887,0.703306201990531,0.07014224700020846,0.2366666856573099,0.09928127931508632,0.5725910189792087,0.039904727555566136,-3128404.9176081577,23.17947372320315,23.035172200209857,-1791216.8999999969,-4.671577370272794,23.280000000000037,22.686499999999977,-0.21062271470524507,-0.4471836883858615,0.2365609736806165,0.6428571428571429,-0.6699999999999982,25.016010847029314,-2965803.6,-583747.15,23.02333333333333,23.22666666666666,23.60333333333333,23.806666666666654,22.64666666666666,22.44333333333333,22.066666666666666,-0.0043572984749454405,0.049609554432705635,0.5638439589320703,0.5954480889044665,0.408227877541214,0.5630861857954259,0.3389471195749653,0.4810306551810941,0.0517241379310366,0.004172274559670758,-0.004309144363943436,-0.08028117788962061,0.5625
1232,1232,2017-07-07,22.92,23.05,22.6,22.68,7629963,M,-0.0,0.25492317954372784,0.6695320417251268,0.08183296820540367,0.2127302363861034,0.09154833030265047,0.4750129337432573,0.03726530692718316,-2566463.419082451,23.012982482135428,23.001346276380342,3766381.92,-3.489025970621156,23.226000000000038,22.731999999999974,-0.22055987211093253,-0.4018589251308757,0.18129905301994315,0.6428571428571429,-0.1700000000000017,25.08659623167001,-3079663.0,-25899.25,22.77666666666667,22.95333333333334,23.22666666666667,23.40333333333334,22.50333333333334,22.32666666666667,22.053333333333338,-0.02409638554216862,-0.0008810572687224482,0.4834069993876646,0.5466364707339901,0.4751631298846773,0.5202691611099621,0.2852240056425683,0.4521494287617303,0.17777777777777426,0.0023688577776611714,-0.004073508301252548,-0.0831860238243421,0.5600961538461539
1233,1233,2017-07-10,22.68,22.7,21.06,21.08,21696311,M,-0.0,0.2584634719991216,0.7989277694951099,0.18767684609225302,0.09933668761082376,0.11270939507747878,-0.1153591831738086,0.012382712820847446,-7273732.400397203,22.36865498809029,22.818360916725076,-28305114.30000005,-3.1823822083523394,22.794000000000047,22.650999999999982,-0.35346721911411905,-0.3921805839275244,0.03871336481340537,0.5714285714285714,-1.6000000000000014,25.31863529983676,-8649867.0,-1785752.5,21.61333333333333,22.16666666666667,23.25333333333333,23.80666666666667,20.526666666666667,19.973333333333333,18.886666666666667,-0.11577181208053698,-0.07013674459638303,0.20158334619667212,0.3257368715756045,1.0694765074567056,0.6382451269749924,0.19421437774545194,0.4102490185893006,0.012195121951219249,-0.001809434745367064,-0.003912275991728175,-0.1259156432704693,0.5576923076923077
1234,1234,2017-07-11,21.15,21.28,20.85,21.17,10020727,M,0.0,0.2609313934856061,0.7497374002290954,0.19463081615686628,0.2484121092393595,0.1273790864423493,0.011077307840762407,-0.004007294069381021,-246056.18768437442,21.96910332539353,22.661374162751255,-3610053.6399999964,-3.085128911389164,22.260000000000037,22.57599999999998,-0.4463893033004993,-0.40302232780211933,-0.04336697549837987,0.5714285714285714,0.09000000000000341,25.43572384092253,-7424803.8,-653678.5,21.1,21.35,21.53,21.78,20.92,20.67,20.49,-0.09991496598639447,-0.04896675651392632,0.1813943439390478,0.30582041652105,1.083120491912963,0.7189275638806187,0.3775382673341776,0.44205254505809377,0.7441860465116291,-0.005406298291835173,-0.003804573722377236,-0.15543499456413026,0.5552884615384616
1235,1235,2017-07-12,21.22,21.34,21.01,21.23,7457271,M,0.0,0.2523955000309967,0.6937724135318825,0.16195995023830148,0.33800856268766266,0.13803265979622012,0.08364379739811513,-0.0250034216587782,1885061.6922952374,21.722735550262357,22.525052813917803,-2135856.0000000303,-2.763030458301581,21.80200000000004,22.524499999999986,-0.5093181236368379,-0.4242814869690632,-0.08503663666777482,0.6428571428571429,0.05999999999999873,24.974353645605106,-3510599.4,144711.6,21.193333333333328,21.37666666666666,21.52333333333333,21.70666666666666,21.046666666666663,20.863333333333333,20.716666666666665,-0.07089715536105037,-0.06722319859402465,0.21292523096665014,0.319862275476394,0.8827627087738639,0.7772791613949894,0.4739144004450073,0.4634443661636721,0.6666666666666666,-0.0076384812822276145,-0.0037345478447268782,-0.17648854864468144,0.5528846153846154
1236,1236,2017-07-13,21.58,22.46,21.56,22.1,14105889,M,0.0,0.2446162256220873,0.7652694250609648,0.13047044232349594,0.6585871012310001,0.1388537400419454,0.3746409292808971,-0.030316522692859414,2692238.1984418896,21.84849036684157,22.48457159354468,3799200.659999999,-2.0269871950154177,21.652000000000047,22.49149999999998,-0.4834154259101844,-0.4361082747572874,-0.04730715115289697,0.6428571428571429,0.870000000000001,24.774347492145253,451522.6,377983.05,22.040000000000006,22.52000000000001,22.94,23.42000000000001,21.620000000000005,21.14,20.72,-0.025573192239858832,-0.027716673999120058,0.607756713486371,0.529720587837826,0.706236504297085,0.780757223538353,0.5159429336300053,0.4764496646242749,0.6000000000000015,-0.0072108639254287845,-0.003660334777683652,-0.16552024911214985,0.5504807692307693
1237,1237,2017-07-14,22.19,22.5,21.96,22.36,8571396,M,0.0,0.2452331592590391,0.7352335017195027,0.11036237194869927,0.8240289884460289,0.13868918936460578,0.4637444262771057,-0.030368696223711883,3193176.683421285,22.018993577894374,22.47270763225471,1258961.2499999988,-2.004713707747655,21.588000000000047,22.47299999999998,-0.4368715410712376,-0.4362609280200776,-0.0006106130511600582,0.6428571428571429,0.259999999999998,24.54151173543933,3691794.4,1125140.2,22.27333333333333,22.58666666666666,22.813333333333325,23.126666666666654,22.04666666666666,21.73333333333333,21.50666666666666,0.060721062618595875,-0.024858264282599227,0.6173543127191866,0.5357664531566748,0.5956257214071312,0.7791905381476958,0.59087553600025,0.5016202433020335,0.7407407407407393,-0.005394851590521362,-0.0035724746035408366,-0.148998974885324,0.5480769230769231
1238,1238,2017-07-17,22.36,23.36,22.32,23.05,11494864,M,0.0,0.24582589942003194,0.7758690348235691,0.144497202873115,0.8362363084658531,0.13939156117628987,0.6822311595972128,-0.02664855346444917,3271740.7831737176,22.362662385262922,22.527687857754263,-2480473.749999998,-2.0052910870786866,21.982000000000053,22.47899999999998,-0.3403842063276592,-0.4170855836815938,0.07670137735393462,0.6428571428571429,0.6900000000000013,24.413072395702876,10330029.4,1251495.05,22.91,23.5,23.95,24.54,22.46,21.87,21.42,0.08880491261218701,0.014971378247468069,0.7796456235462944,0.6500725986808885,0.7940843783892052,0.7833457259204544,0.627891382974526,0.5206967036468948,0.7019230769230779,-0.0022769276745797386,-0.003448653607066416,-0.11545005547583385,0.5456730769230769
1239,1239,2017-07-18,23.0,23.13,22.5,22.68,5779982,M,-0.0,0.246395394868829,0.7564198301804262,0.12352094079040415,0.6438670854073192,0.13932309426500855,0.5646627112076157,-0.03457209599119117,741220.466070627,22.46844159017528,22.54219377606338,-893252.4800000008,-2.6111837607804884,22.28400000000005,22.477499999999985,-0.29042536336528,-0.3917535396183311,0.10132817625305107,0.5714285714285714,-0.37000000000000105,24.30103176059177,7169887.6,1400791.0,22.77,23.04,23.4,23.67,22.41,22.14,21.78,0.06829957607159676,0.02624434389140264,0.7796456235462945,0.6500725986808885,0.6881351611433429,0.782908712835432,0.5138323505544459,0.498317425748551,0.2857142857142857,-9.920482570715683e-05,-0.0033114396670852037,-0.09797177894859484,0.5432692307692307
1240,1240,2017-07-19,22.83,23.08,22.68,22.99,4045634,M,0.0,0.24913621251998685,0.7088971861563692,0.07189499595176407,0.7175228642219831,0.13952782070770411,0.6489285934749622,-0.03206645930469533,1134789.243976577,22.642294393450182,22.58484198786687,446953.80000001687,-2.6037241973829683,22.63600000000005,22.521999999999984,-0.22324478425384695,-0.3580517885454343,0.13480700429158732,0.5714285714285714,0.3099999999999987,24.21614786952489,6487560.2,1930500.75,22.91666666666667,23.153333333333336,23.31666666666667,23.55333333333333,22.753333333333334,22.51666666666667,22.35333333333334,0.04027149321266955,0.06435185185185173,0.7796456235462945,0.6500725986808885,0.4068537820910337,0.7856113944947275,0.6008882337029638,0.5246681471058319,0.7749999999999996,0.001748996431604798,-0.003153499804425016,-0.07553187609730222,0.5408653846153846
1241,1241,2017-07-20,22.84,23.29,22.83,23.07,6034299,M,0.0,0.25314371086743426,0.6757108946688535,0.053646293096943534,0.6959591794207538,0.1351168292314753,0.6554192524213729,-0.02581564223651596,568124.4892406404,22.78486292896679,22.63104751283193,99183.63000000015,-2.3216028297061406,22.83000000000005,22.59549999999998,-0.16168456091293493,-0.31877834301893443,0.1570937821059995,0.6428571428571429,0.08000000000000185,24.09692711293444,4873242.2,2659728.95,23.06333333333333,23.29666666666667,23.52333333333333,23.75666666666667,22.836666666666666,22.60333333333333,22.376666666666665,0.031753130590339934,0.044363965595292015,0.8284093612574519,0.6816655067623959,0.30618621785080585,0.7632580787249493,0.5745051992802379,0.5243891931371608,0.5217391304347859,0.0030816088675394713,-0.002978324750105564,-0.0555137510272889,0.5384615384615384
1242,1242,2017-07-21,23.12,23.42,22.86,23.36,4822162,M,0.0,0.2519747639085541,0.6602827753796733,0.04209882637854892,0.8403690112601893,0.1362409695596884,0.7270751202914721,-0.01933131907937175,1406721.4640718251,22.97657528597786,22.70047155922889,287315.3600000008,-1.4175410901477608,23.030000000000047,22.658999999999985,-0.08847715446734128,-0.2727181053086158,0.1842409508412745,0.6428571428571429,0.28999999999999915,24.039026829595645,4123395.4,2577496.85,23.21333333333333,23.56666666666667,23.77333333333334,24.12666666666667,23.00666666666667,22.65333333333333,22.446666666666665,0.013449023861171309,0.04894476874719353,0.8560228335814616,0.7013893554436311,0.24238399287449586,0.7717710323132444,0.6806225138058717,0.5594813788247779,0.8928571428571392,0.004273957672802953,-0.0027813988040991844,-0.0314420241039538,0.5360576923076923
1243,1243,2017-07-24,23.22,23.35,22.63,22.69,5453848,M,-0.0,0.25508783553620445,0.6695784053290502,0.049608492085567515,0.2646876526290042,0.1351541628720099,0.5032623272433127,-0.008346243623359737,-1029736.4672007131,22.88105019065191,22.699474267873764,220571.37999999945,-1.0576880206795436,22.95800000000005,22.679999999999986,-0.08355993113284654,-0.2348864704734619,0.15132653934061538,0.5714285714285714,-0.6699999999999982,24.028138188951136,733653.0,1967124.55,22.89,23.15,23.610000000000007,23.870000000000005,22.43,22.17,21.71,0.0004409171075838432,0.009790832220738873,0.6120558714231998,0.6209448898493907,0.2847279403251153,0.7663241034842957,0.4815261203150265,0.5141339459208311,0.08333333333333623,0.003842753434425562,-0.0025952875623468387,-0.02923383125885878,0.5336538461538461
1244,1244,2017-07-25,22.84,23.69,22.79,23.49,6531017,M,0.0,0.25807882592355474,0.7136346179518436,0.054628558491308606,0.7929504392863784,0.13819340536049196,0.7416216885818069,0.018189035913818395,667711.9114686451,23.084033460434604,22.774762432838163,222151.14999999828,-0.4002446458580913,23.120000000000047,22.730999999999987,-0.014937491983225469,-0.19089667477541464,0.17595918279218914,0.5714285714285714,0.7999999999999972,24.119240634695892,3195852.8,1972464.4,23.32333333333333,23.85666666666667,24.223333333333336,24.75666666666667,22.95666666666667,22.42333333333333,22.056666666666665,0.021748586341887782,0.017323516673884737,0.755983460343842,0.6842188419748847,0.31575306807976433,0.7853185743123352,0.5802766728026093,0.5392428822881591,0.7777777777777751,0.004219009579369863,-0.0023902021628607016,-0.006165887045338407,0.53125
1245,1245,2017-07-26,23.55,23.64,23.16,23.54,5482200,M,0.0,0.26841182996219226,0.6824833355582645,0.06074467768399192,0.7196869462632548,0.14106068704480754,0.7450442531678831,0.04155960418542323,1164478.3724069414,23.236022306956396,22.847642201139287,24099.199999999943,0.11143570550991466,23.230000000000047,22.753499999999985,0.04298535911101453,-0.1441202679981288,0.18710562710914333,0.6428571428571429,0.05000000000000071,24.176090723155397,3483166.0,1725926.9,23.44666666666667,23.733333333333334,23.926666666666673,24.21333333333334,23.253333333333334,22.96666666666667,22.773333333333333,0.02037277850021668,0.015530629853321803,0.755983460343842,0.6842188419748847,0.3527747156497837,0.8024060856685065,0.6507400040906275,0.5632832427051596,0.7916666666666639,0.0046525139514545615,-0.002172111861368061,0.013241583203686277,0.5288461538461539
1246,1246,2017-07-27,23.59,24.37,23.33,24.2,8594787,M,0.0,0.27833961815617736,0.7301522241504962,0.09174402944950702,0.8457332684796682,0.15105818202009175,0.9051026019049428,0.07819062425484019,2084976.5961733784,23.557348204637602,22.976438181983166,1465276.7000000018,0.8545631470463275,23.456000000000053,22.804499999999987,0.1405262212605045,-0.08719097014640212,0.22771719140690666,0.7142857142857143,0.6600000000000001,24.354314264976093,3995263.6,1588556.2,23.96666666666667,24.60333333333334,25.006666666666675,25.643333333333338,23.563333333333336,22.926666666666666,22.52333333333333,0.03595890410958904,0.054466230936819175,0.9047278838694628,0.7895596909275868,0.5379869886919102,0.8612015779692951,0.7126728232399051,0.589307549260712,0.8365384615384603,0.00588378841849044,-0.0019234304006766692,0.04538025261015252,0.5264423076923077
1247,1247,2017-07-28,24.15,24.19,23.61,23.93,5342021,M,0.0,0.2878780813229473,0.7114652609304299,0.0970526695186888,0.6573748875163129,0.15700866879703634,0.8000113472830908,0.10044466323240962,607168.4751189798,23.681565469758397,23.067253593222862,-54669.81000000008,1.7307323225479128,23.570000000000054,22.853499999999986,0.19380722469660228,-0.030991331177801233,0.2247985558744035,0.7142857142857143,-0.2699999999999996,24.46132163161749,1962427.0,1674488.45,23.91,24.209999999999994,24.489999999999995,24.79,23.629999999999992,23.329999999999995,23.04999999999999,0.05464962538563237,0.029690189328743607,0.9047278838694628,0.7895596909275868,0.5718828551388749,0.8970494030882672,0.6590232614702812,0.5857281767531235,0.5517241379310333,0.0063555067218181065,-0.0016664583303619153,0.06340071994283496,0.5240384615384616
1248,1248,2017-07-31,,,23.55,23.75,5862623,M,,0.2970424871106283,0.7114652609304299,0.04914329332692057,0.4726197539679498,0.16008916760495545,0.7378040081011833,0.10928540018184928,607168.4751189798,23.70437697983893,23.132277060534967,1229473.799999998,2.6751589986912467,23.782000000000053,22.878999999999987,0.2189839969078271,0.019003734439324453,0.19998026246850265,,-0.17999999999999972,24.612781298527345,1880672.0,1073621.85,,,,,,,,0.011068539804172056,-0.003775167785234893,0.9047278838694628,0.7895596909275869,0.2921814504752069,0.9156700164084433,0.6590232614702812,0.5857281767531235,,0.005947137734229988,-0.0014149936801185006,0.07277684479338012,0.5216346153846154
1249,1249,2017-08-01,23.72,24.0,23.39,23.98,4575862,M,0.0,0.2958895812764017,0.6961689904384054,0.04165772233040719,0.6005240914733969,0.1614788672557152,0.7960272795956462,0.11530389056497815,1382099.619859559,23.796251319892622,23.213012578579253,-38307.950000000536,3.568335327846855,23.880000000000052,22.885999999999992,0.25456142246467195,0.06611527204439396,0.188446150420278,,0.23000000000000045,24.77000492432837,1489641.0,1107644.4,23.790000000000006,24.190000000000005,24.40000000000001,24.800000000000004,23.580000000000005,23.180000000000003,22.97000000000001,0.018691588785046783,0.019557823129251736,0.9047278838694628,0.7895596909275869,0.24869660231253146,0.9239013390035741,0.791104627163346,0.6254859122271705,0.9672131147540991,0.005532603064308954,-0.0011641946679976033,0.08592745620705268,0.5192307692307693
1250,1250,2017-08-02,23.75,23.95,23.1,23.17,6529800,M,-0.0,0.2964013998638984,0.7234076978149998,0.06553616057202784,0.09234789270534158,0.15996285403625612,0.5824195982409921,0.1023495274781734,-2207271.1760017364,23.587500879928413,23.20891614252409,-386962.6599999989,3.921761069649179,23.80600000000005,22.86849999999999,0.21491910434010109,0.0958760385035354,0.11904306583656568,,-0.8099999999999987,24.91376897865409,-912759.0,1386841.95,23.406666666666666,23.71333333333333,24.25666666666667,24.56333333333333,22.86333333333333,22.55666666666667,22.013333333333332,-0.04256198347107428,0.01400437636761489,0.4687055135680963,0.6273732912306699,0.3900384596444245,0.9145276318820303,0.5137670109076125,0.5693852821221562,0.08235294117647113,0.0037284337771090414,-0.0009493963505119632,0.0733447981910682,0.5168269230769231
1251,1251,2017-08-03,23.29,24.04,23.22,23.59,6046994,M,-0.0,0.29545047917335443,0.7448110427512706,0.0550852001690583,0.4279493556157332,0.16216209324962452,0.6842826014332146,0.09209823652744073,-1436938.8869038797,23.588333919952284,23.245209843236083,-573741.4800000008,4.566496506020892,23.68400000000005,22.905499999999986,0.21491536103065195,0.11968390300895874,0.09523145802169326,,0.41999999999999815,25.08744256258766,-1422317.6,1974427.7,23.616666666666664,24.013333333333332,24.43666666666667,24.83333333333333,23.19333333333333,22.796666666666663,22.37333333333333,-0.014208106978687834,0.04012345679012346,0.5606934754500045,0.6534800461065312,0.3261594702009949,0.928600956732318,0.49063300453450004,0.5572773485816168,0.45121951219512296,0.002520412033104263,-0.0007503626803882562,0.07361889974192037,0.5144230769230769
1252,1252,2017-08-04,23.57,23.65,23.18,23.3,8755562,M,-0.0,0.2894516182387726,0.7051891143599839,0.05586961032336055,0.3039776252459939,0.16236522566004538,0.5976077377724239,0.07985644216236225,-2182640.4915524083,23.49222261330152,23.250427953404078,289349.0599999978,4.972480066142828,23.558000000000053,22.93649999999999,0.18932934720096384,0.13361299184735978,0.055716355353604065,,-0.28999999999999915,25.14949007994521,-2105025.8,1918147.75,23.376666666666665,23.57333333333333,23.846666666666664,24.04333333333333,23.10333333333333,22.906666666666666,22.63333333333333,-0.0189473684210526,0.10531309297912726,0.5061638709327405,0.6302855773830178,0.32904406999943264,0.9310224995879072,0.4066663864575639,0.5265590212109058,0.25531914893617297,0.0012502040583065922,-0.0005782819648984242,0.06566600989795357,0.5120192307692307
1253,1253,2017-08-07,23.27,23.69,23.04,23.56,6071493,M,0.0,0.2943155918808256,0.6973173862949174,0.053035599080463285,0.5320667683894075,0.144050468011397,0.6503668491630666,0.0768164109977088,234370.1853780084,23.514815075534344,23.27991100546083,-734.9700000000279,5.592173966102097,23.520000000000053,23.06049999999999,0.18786646631216186,0.1444636867403202,0.04340277957184166,,0.259999999999998,25.22305364860333,281797.4,3306537.95,23.430000000000003,23.82000000000001,24.080000000000005,24.47000000000001,23.170000000000005,22.78,22.520000000000003,-0.017514595496246944,0.11289560699102487,0.34280312754239944,0.5495964970083566,0.3118493225931248,0.8304689543942047,0.5437970436897176,0.5541968473046472,0.7999999999999967,0.0006557353065877704,-0.0004204064728214417,0.06573552249403321,0.5096153846153846
1254,1254,2017-08-08,24.11,24.24,23.47,23.52,6386380,M,-0.0,0.283957403737389,0.7075887365511548,0.03137547477500866,0.6251590637308243,0.12180516547086348,0.621139127523115,0.0666285164460709,-1702255.667618341,23.516543383689562,23.302776623988372,-521220.03999999724,5.7896147562909634,23.428000000000054,23.17799999999999,0.18138852297977334,0.15184865398821085,0.029539868991562523,,-0.03999999999999915,25.2960916602672,-1910651.0,2486182.6,23.74333333333333,24.01666666666666,24.513333333333332,24.786666666666655,23.24666666666666,22.97333333333333,22.47666666666666,0.015105740181268791,0.10786622703721144,0.76317958484944,0.7175051923300029,0.18376615575722613,0.7058000313209181,0.3793644565431604,0.5050320383915716,0.0649350649350659,0.0003273205908742805,-0.0002782392075934637,0.06464994142578959,0.5072115384615384
1255,1255,2017-08-09,23.4,23.66,22.78,23.03,9981189,M,-0.0,0.2945151618882929,0.731760524664985,0.04036143231899815,0.10824071636017996,0.09274519387010502,0.3897124501473992,0.04800661109842522,-1928085.3733911368,23.354362255793045,23.276797897894244,-2072138.8799999903,5.432802532780392,23.400000000000052,23.267999999999986,0.1351577864888185,0.14851048048833235,-0.013352693999513887,,-0.4899999999999984,25.26432159756277,-2600928.8,1614259.6,23.156666666666666,23.53333333333333,24.03666666666666,24.41333333333333,22.65333333333333,22.27666666666667,21.77333333333333,-0.023738872403560776,0.04208144796380089,0.3594039184575008,0.4620944162705001,0.2361143790661397,0.5394987927424005,0.3469747086373508,0.4829461076838114,0.2840909090909094,-0.0006211393542250933,-0.0001694261160450599,0.04966358266702682,0.5048076923076923
1256,1256,2017-08-10,22.62,22.85,20.55,20.67,39690281,M,-0.0,0.3063785716291509,0.9751897860274884,0.21354199038933705,0.059539545020847885,0.13008851371588032,-0.33725526909391584,-0.003429822053902659,-11593492.019212564,22.45957483719536,23.028531431428128,-94916117.84999992,3.8901597135568258,22.816000000000052,23.196499999999986,-0.0908652439413018,0.10063533560240552,-0.19150057954370733,,-2.3599999999999994,25.60283934949235,-11748383.8,-1075548.9,21.356666666666673,22.163333333333334,23.65666666666667,24.46333333333334,19.863333333333333,19.056666666666672,17.563333333333336,-0.11287553648068666,-0.07558139534883711,0.10589853985311752,0.19583345543317,1.2180435131807812,0.7543995521026039,0.24741286069935756,0.4400873433639381,0.052173913043478674,-0.005204532716128357,-0.00017614723795985192,-0.025877661089998928,0.5024038461538461
1257,1257,2017-08-11,20.38,21.03,20.16,20.62,12503939,M,0.0,0.3063785716291509,0.9606289383630602,0.2705863940971037,0.22464881720644825,0.16179055351747534,-0.16583776012401344,-0.050169809172793615,-3084065.845686385,21.84638322479691,22.799147485577826,-6079827.5,2.5495521280928006,22.28000000000005,23.109499999999986,-0.2709019174242506,0.02632788499707429,-0.2972298024213249,,-0.05000000000000071,25.87424244545853,-12498059.2,-2129315.65,20.60333333333333,21.046666666666674,21.47333333333334,21.91666666666667,20.176666666666673,19.733333333333334,19.306666666666672,-0.12478777589134114,-0.1054229934924078,0.09030318631077304,0.1749929718569592,1.5071662151208707,0.9347246991280234,0.3420073242203855,0.4488698488936965,0.5287356321839084,-0.009612174868688749,-0.00027005053212020763,-0.08292266350183622,0.5
